camera_id,pas_de_temps,count sample,px max,px min,px moyen
SIM1,2025-08-16T22:15:00+00:00,,90,87,88.7
SIM1,2025-08-16T22:30:00+00:00,90,104,96,99.4777777777778
SIM1,2025-08-16T23:30:00+00:00,90,86,23,72.0222222222222
SIM1,2025-08-17T00:30:00+00:00,90,94,64,89.4777777777778
SIM1,2025-08-17T01:00:00+00:00,90,95,42,82.0666666666667
SIM1,2025-08-17T01:30:00+00:00,90,91,0,44.1333333333333
SIM1,2025-08-17T02:00:00+00:00,90,104,84,97.9111111111111
SIM1,2025-08-17T02:30:00+00:00,90,103,84,92.6666666666667
SIM1,2025-08-17T03:00:00+00:00,90,119,88,100.044444444444
SIM1,2025-08-17T03:30:00+00:00,90,107,93,99.6111111111111
SIM1,2025-08-17T04:00:00+00:00,90,124,93,104.6
SIM1,2025-08-17T04:30:00+00:00,90,83,0,29.2
SIM1,2025-08-17T05:00:00+00:00,90,83,77,80
SIM1,2025-08-17T05:30:00+00:00,90,110,108,108.5
SIM1,2025-08-17T06:00:00+00:00,90,144,116,126.055555555556
SIM1,2025-08-17T06:30:00+00:00,90,107,105,105.633333333333
SIM1,2025-08-17T07:00:00+00:00,90,107,104,105.533333333333
SIM1,2025-08-17T07:30:00+00:00,90,110,106,107.544444444444
SIM1,2025-08-17T08:00:00+00:00,90,144,144,144
SIM1,2025-08-17T08:30:00+00:00,90,145,121,133.877777777778
SIM1,2025-08-17T09:00:00+00:00,90,142,141,141.733333333333
SIM1,2025-08-17T09:30:00+00:00,90,144,142,142.988888888889
SIM1,2025-08-17T10:00:00+00:00,90,145,141,142.6
SIM1,2025-08-17T10:30:00+00:00,90,144,143,143.411111111111
SIM1,2025-08-17T11:00:00+00:00,90,145,144,144.377777777778
SIM1,2025-08-17T11:30:00+00:00,90,144,143,143.122222222222
SIM1,2025-08-17T12:01:00+00:00,90,145,143,144.211111111111
SIM1,2025-08-17T12:30:00+00:00,90,144,143,143.733333333333
SIM1,2025-08-17T13:00:00+00:00,90,145,142,143.633333333333
SIM1,2025-08-17T13:30:00+00:00,90,117,109,112.388888888889
SIM1,2025-08-17T14:00:00+00:00,90,110,107,108.244444444444
SIM1,2025-08-17T14:30:00+00:00,90,110,107,108.3
SIM1,2025-08-17T15:00:00+00:00,90,106,104,105.422222222222
SIM1,2025-08-17T15:30:00+00:00,90,107,106,106.133333333333
SIM1,2025-08-17T16:00:00+00:00,90,143,108,114.766666666667
SIM1,2025-08-17T16:30:00+00:00,90,138,109,113.355555555556
SIM1,2025-08-17T17:00:00+00:00,90,110,107,108.444444444444
SIM1,2025-08-17T17:30:00+00:00,90,108,105,106.466666666667
SIM1,2025-08-17T18:00:00+00:00,90,109,107,107.777777777778
SIM1,2025-08-17T18:30:00+00:00,90,108,106,106.655555555556
SIM1,2025-08-17T19:00:00+00:00,90,115,110,111.588888888889
SIM1,2025-08-17T19:30:00+00:00,90,110,109,109.144444444444
SIM1,2025-08-17T20:00:00+00:00,90,112,104,106.911111111111
SIM1,2025-08-17T20:30:00+00:00,90,100,70,84.0777777777778
SIM1,2025-08-17T21:00:00+00:00,90,102,90,94.9777777777778
SIM1,2025-08-17T21:30:00+00:00,90,97,92,93.8
SIM1,2025-08-17T22:00:00+00:00,90,106,66,99.1222222222222
SIM1,2025-08-17T22:30:00+00:00,90,108,87,99.7777777777778
SIM1,2025-08-17T23:00:00+00:00,90,96,84,91.2666666666667
SIM1,2025-08-17T23:30:00+00:00,90,120,98,108.677777777778
SIM1,2025-08-18T00:00:00+00:00,90,96,40,84.6333333333333
SIM1,2025-08-18T00:30:00+00:00,90,99,63,87.6777777777778
SIM1,2025-08-18T01:00:00+00:00,90,93,40,79.9111111111111
SIM1,2025-08-18T01:30:00+00:00,90,103,90,94.9777777777778
SIM1,2025-08-18T02:15:00+00:00,90,99,0,66.5888888888889
SIM1,2025-08-18T02:45:00+00:00,90,106,66,81.9333333333333
SIM1,2025-08-18T03:15:00+00:00,90,95,0,70.3555555555556
SIM1,2025-08-18T03:45:00+00:00,90,101,21,72.4111111111111
SIM1,2025-08-18T04:15:00+00:00,90,92,21,48.9888888888889
SIM1,2025-08-18T04:45:00+00:00,90,102,98,99.7111111111111
SIM1,2025-08-18T05:15:00+00:00,90,112,109,110.244444444444
SIM1,2025-08-18T05:45:00+00:00,90,116,111,113.422222222222
SIM1,2025-08-18T06:15:00+00:00,90,113,110,111.688888888889
SIM1,2025-08-18T06:45:00+00:00,90,147,145,146.055555555556
SIM1,2025-08-18T07:15:00+00:00,90,146,145,145.344444444444
SIM1,2025-08-18T07:45:00+00:00,90,147,146,146.255555555556
SIM1,2025-08-18T08:15:00+00:00,90,148,144,146.533333333333
SIM1,2025-08-18T08:45:00+00:00,90,146,114,139.911111111111
SIM1,2025-08-18T09:15:00+00:00,90,147,143,144.911111111111
SIM1,2025-08-18T09:45:00+00:00,90,147,144,145.833333333333
SIM1,2025-08-18T10:15:00+00:00,90,144,138,141.533333333333
SIM1,2025-08-18T10:45:00+00:00,90,148,118,143.922222222222
SIM1,2025-08-18T11:15:00+00:00,90,147,144,145.466666666667
SIM1,2025-08-22T20:45:00+00:00,0,,,
SIM1,2025-08-22T21:00:00+00:00,0,,,
SIM1,2025-08-22T21:15:00+00:00,0,,,
SIM1,2025-08-22T21:30:00+00:00,0,,,
SIM1,2025-08-22T21:45:00+00:00,0,,,
SIM1,2025-08-22T22:00:00+00:00,0,,,
SIM1,2025-08-22T22:15:00+00:00,0,,,
SIM1,2025-08-22T22:30:00+00:00,0,,,
SIM1,2025-08-22T22:45:00+00:00,30,0,0,0
SIM1,2025-08-22T23:00:00+00:00,30,0,0,0
SIM1,2025-08-22T23:30:00+00:00,30,180,127,157.433333333333
SIM1,2025-08-22T23:45:00+00:00,30,129,48,110.366666666667
SIM1,2025-08-23T00:00:00+00:00,30,139,116,128.733333333333
SIM1,2025-08-23T00:15:00+00:00,30,223,178,215.666666666667
SIM1,2025-08-23T00:30:00+00:00,30,205,45,136.033333333333
SIM1,2025-08-23T00:45:00+00:00,30,202,146,181
SIM1,2025-08-23T01:00:00+00:00,30,164,136,151.633333333333
SIM1,2025-08-23T01:15:00+00:00,30,120,37,94.5
SIM1,2025-08-23T01:30:00+00:00,30,146,89,119.7
SIM1,2025-08-23T01:45:00+00:00,30,222,178,205.833333333333
SIM1,2025-08-23T02:00:00+00:00,30,153,126,140.533333333333
SIM1,2025-08-23T02:15:00+00:00,30,226,118,183.966666666667
SIM1,2025-08-23T02:30:00+00:00,30,173,140,155.066666666667
SIM1,2025-08-23T02:45:00+00:00,30,237,231,233.733333333333
SIM1,2025-08-23T03:00:00+00:00,30,93,16,58.5666666666667
SIM1,2025-08-23T03:15:00+00:00,30,198,156,178.466666666667
SIM1,2025-08-23T03:30:00+00:00,30,137,39,93.6666666666667
SIM1,2025-08-23T03:45:00+00:00,30,185,142,169.766666666667
SIM1,2025-08-23T04:00:00+00:00,30,216,199,209.4
SIM1,2025-08-23T04:15:00+00:00,30,138,123,129.1
SIM1,2025-08-23T04:30:00+00:00,30,242,236,239.5
SIM1,2025-08-23T04:45:00+00:00,30,216,208,210.566666666667
SIM1,2025-08-23T05:00:00+00:00,30,188,185,187.066666666667
SIM1,2025-08-23T05:15:00+00:00,30,160,156,157.933333333333
SIM1,2025-08-23T05:30:00+00:00,30,210,206,207.933333333333
SIM1,2025-08-23T05:45:00+00:00,30,199,196,197.333333333333
SIM1,2025-08-23T06:00:00+00:00,30,196,195,195.3
SIM1,2025-08-23T06:15:00+00:00,30,196,193,194.533333333333
SIM1,2025-08-23T06:30:00+00:00,30,192,163,169.566666666667
SIM1,2025-08-23T06:45:00+00:00,30,194,191,192.566666666667
SIM1,2025-08-23T07:00:00+00:00,30,197,195,195.833333333333
SIM1,2025-08-23T07:15:00+00:00,30,199,195,196.166666666667
SIM1,2025-08-23T07:30:00+00:00,30,197,193,194.466666666667
SIM1,2025-08-23T07:45:00+00:00,30,194,191,192.666666666667
SIM1,2025-08-23T08:00:00+00:00,30,195,192,193.666666666667
SIM1,2025-08-23T08:15:00+00:00,30,194,192,193.066666666667
SIM1,2025-08-23T08:30:00+00:00,30,193,191,191.866666666667
SIM1,2025-08-23T08:45:00+00:00,30,192,191,191.1
SIM1,2025-08-23T09:00:00+00:00,30,196,193,194.133333333333
SIM1,2025-08-23T09:15:00+00:00,30,193,192,192.533333333333
SIM1,2025-08-23T09:30:00+00:00,30,190,188,189.3
SIM1,2025-08-23T09:45:00+00:00,30,194,192,192.733333333333
SIM1,2025-08-23T10:00:00+00:00,30,191,189,189.9
SIM1,2025-08-23T10:15:00+00:00,30,189,187,188.3
SIM1,2025-08-23T10:30:00+00:00,30,187,167,183.4
SIM1,2025-08-23T10:45:00+00:00,30,192,164,183.166666666667
SIM1,2025-08-23T11:00:00+00:00,30,191,190,190.066666666667
SIM1,2025-08-23T11:15:00+00:00,30,199,198,198.366666666667
SIM1,2025-08-23T11:30:00+00:00,30,195,193,194.266666666667
SIM1,2025-08-23T11:45:00+00:00,30,193,189,191.8
SIM1,2025-08-23T12:00:00+00:00,30,194,192,192.666666666667
SIM1,2025-08-23T12:15:00+00:00,30,191,190,190.933333333333
SIM1,2025-08-23T12:30:00+00:00,30,191,189,190.2
SIM1,2025-08-23T15:00:00+00:00,30,191,189,190.066666666667
SIM1,2025-08-23T17:15:00+00:00,30,191,190,190.366666666667
SIM1,2025-08-23T17:30:00+00:00,30,195,193,193.566666666667
SIM1,2025-08-23T17:45:00+00:00,30,193,191,191.666666666667
SIM1,2025-08-23T18:00:00+00:00,30,192,191,191.466666666667
SIM1,2025-08-23T18:15:00+00:00,30,192,191,191.066666666667
SIM1,2025-08-23T18:30:00+00:00,30,192,190,190.866666666667
SIM1,2025-08-23T18:45:00+00:00,30,195,193,193.9
SIM1,2025-08-23T19:00:00+00:00,30,193,192,192.466666666667
SIM1,2025-08-23T19:15:00+00:00,30,194,193,193.8
SIM1,2025-08-23T19:30:00+00:00,30,194,192,193.266666666667
SIM1,2025-08-23T19:45:00+00:00,30,198,197,197.5
SIM1,2025-08-23T20:00:00+00:00,30,199,197,197.966666666667
SIM1,2025-08-23T20:15:00+00:00,30,145,132,137.966666666667
SIM1,2025-08-23T20:30:00+00:00,30,149,23,130.333333333333
SIM1,2025-08-23T20:45:00+00:00,30,177,124,147.233333333333
SIM1,2025-08-23T21:00:00+00:00,30,129,103,121.1
SIM1,2025-08-23T21:15:00+00:00,30,179,142,162.433333333333
SIM1,2025-08-23T21:30:00+00:00,30,24,0,3.7
SIM1,2025-08-23T21:45:00+00:00,30,204,197,200.766666666667
SIM1,2025-08-23T22:00:00+00:00,30,136,100,123.4
SIM1,2025-08-23T22:15:00+00:00,30,139,129,134.1
SIM1,2025-08-23T22:30:00+00:00,30,65,11,44.4333333333333
SIM1,2025-08-23T22:45:00+00:00,30,176,156,168.9
SIM1,2025-08-23T23:00:00+00:00,30,143,132,137.933333333333
SIM1,2025-08-23T23:15:00+00:00,30,213,176,194.066666666667
SIM1,2025-08-23T23:30:00+00:00,30,201,159,178.333333333333
SIM1,2025-08-23T23:45:00+00:00,30,213,137,174.633333333333
SIM1,2025-08-24T00:00:00+00:00,30,172,152,166.633333333333
SIM1,2025-08-24T00:15:00+00:00,30,212,184,198.2
SIM1,2025-08-24T00:30:00+00:00,30,171,149,163.366666666667
SIM1,2025-08-24T00:45:00+00:00,30,203,167,185.533333333333
SIM1,2025-08-24T01:00:00+00:00,30,171,162,166.8
SIM1,2025-08-24T01:15:00+00:00,30,169,146,163.333333333333
SIM1,2025-08-24T01:30:00+00:00,30,155,135,145.133333333333
SIM1,2025-08-24T01:45:00+00:00,30,155,124,143.033333333333
SIM1,2025-08-24T02:00:00+00:00,30,189,163,175.366666666667
SIM1,2025-08-24T02:15:00+00:00,30,127,93,115.533333333333
SIM1,2025-08-24T02:30:00+00:00,30,201,168,179.3
SIM1,2025-08-24T02:45:00+00:00,30,197,169,185.366666666667
SIM1,2025-08-24T03:00:00+00:00,30,161,137,148.466666666667
SIM1,2025-08-24T03:15:00+00:00,30,198,178,187.166666666667
SIM1,2025-08-24T03:30:00+00:00,30,167,84,138.166666666667
SIM1,2025-08-24T03:45:00+00:00,30,210,203,206.833333333333
SIM1,2025-08-24T04:00:00+00:00,30,228,207,218.033333333333
SIM1,2025-08-24T04:15:00+00:00,30,206,188,201.333333333333
SIM1,2025-08-24T04:30:00+00:00,30,200,146,168.766666666667
SIM1,2025-08-24T04:45:00+00:00,30,160,157,158.333333333333
SIM1,2025-08-24T05:00:00+00:00,30,205,202,203.5
SIM1,2025-08-24T05:15:00+00:00,30,209,203,206.566666666667
SIM1,2025-08-24T05:30:00+00:00,30,197,196,196.666666666667
SIM1,2025-08-24T05:45:00+00:00,30,193,191,191.8
SIM1,2025-08-24T06:00:00+00:00,30,190,187,188.733333333333
SIM1,2025-08-24T06:15:00+00:00,30,186,160,167.833333333333
SIM1,2025-08-24T06:30:00+00:00,30,191,189,190.3
SIM1,2025-08-24T06:45:00+00:00,30,190,187,188.766666666667
SIM1,2025-08-24T07:00:00+00:00,30,191,188,190.1
SIM1,2025-08-24T07:15:00+00:00,30,191,189,190.5
SIM1,2025-08-24T07:30:00+00:00,30,191,188,189.066666666667
SIM1,2025-08-24T07:45:00+00:00,30,190,189,189.6
SIM1,2025-08-24T08:00:00+00:00,30,190,161,169.433333333333
SIM1,2025-08-24T08:15:00+00:00,30,169,160,163.6
SIM1,2025-08-24T08:30:00+00:00,30,166,157,160.466666666667
SIM1,2025-08-24T08:45:00+00:00,30,187,185,185.8
SIM1,2025-08-24T09:00:00+00:00,30,158,156,157.366666666667
SIM1,2025-08-24T09:15:00+00:00,30,157,156,156.733333333333
SIM1,2025-08-24T09:30:00+00:00,30,161,157,159.333333333333
SIM1,2025-08-24T09:45:00+00:00,30,189,186,187.233333333333
SIM1,2025-08-24T10:00:00+00:00,30,163,158,160
SIM1,2025-08-24T10:15:00+00:00,30,191,184,188.2
SIM1,2025-08-24T10:30:00+00:00,30,189,187,187.866666666667
SIM1,2025-08-24T10:45:00+00:00,30,167,159,161.266666666667
SIM1,2025-08-24T11:00:00+00:00,30,184,159,166.4
SIM1,2025-08-24T11:15:00+00:00,30,159,156,157.3
SIM1,2025-08-24T11:30:00+00:00,30,161,157,158.6
SIM1,2025-08-24T11:45:00+00:00,30,190,159,164.7
SIM1,2025-08-24T12:00:00+00:00,30,189,186,188.166666666667
SIM1,2025-08-24T12:15:00+00:00,30,189,160,180.133333333333
SIM1,2025-08-24T12:30:00+00:00,30,192,191,191.933333333333
SIM1,2025-08-24T12:45:00+00:00,30,191,187,189.333333333333
SIM1,2025-08-24T13:00:00+00:00,30,191,189,190.166666666667
SIM1,2025-08-24T13:15:00+00:00,30,193,191,191.333333333333
SIM1,2025-08-24T13:30:00+00:00,30,191,190,190.6
SIM1,2025-08-24T13:45:00+00:00,30,191,190,190.5
SIM1,2025-08-24T14:00:00+00:00,30,191,190,190.4
SIM1,2025-08-24T14:15:00+00:00,30,191,190,190.966666666667
SIM1,2025-08-24T14:30:00+00:00,30,188,186,187.166666666667
SIM1,2025-08-24T14:45:00+00:00,30,190,188,189.533333333333
SIM1,2025-08-24T15:00:00+00:00,30,191,189,189.6
SIM1,2025-08-24T15:15:00+00:00,30,189,187,187.733333333333
SIM1,2025-08-24T15:30:00+00:00,30,195,193,193.566666666667
SIM1,2025-08-24T15:45:00+00:00,30,186,184,184.7
SIM1,2025-08-24T16:00:00+00:00,30,199,196,198.033333333333
SIM1,2025-08-24T16:15:00+00:00,30,192,190,190.9
SIM1,2025-08-24T16:30:00+00:00,30,193,192,192.533333333333
SIM1,2025-08-24T16:45:00+00:00,30,205,201,202.9
SIM1,2025-08-24T17:00:00+00:00,30,196,193,194.133333333333
SIM1,2025-08-24T17:15:00+00:00,30,193,192,192.7
SIM1,2025-08-24T17:30:00+00:00,30,195,194,194.566666666667
SIM1,2025-08-24T17:45:00+00:00,30,198,193,194.8
SIM1,2025-08-24T18:00:00+00:00,30,197,195,195.433333333333
SIM1,2025-08-24T18:15:00+00:00,30,190,188,188.566666666667
SIM1,2025-08-24T18:30:00+00:00,30,193,191,192.1
SIM1,2025-08-24T18:45:00+00:00,30,193,191,192.266666666667
SIM1,2025-08-24T19:00:00+00:00,30,195,194,194.233333333333
SIM1,2025-08-24T19:15:00+00:00,30,194,193,193.2
SIM1,2025-08-24T19:30:00+00:00,30,192,192,192
SIM1,2025-08-24T19:45:00+00:00,30,196,195,195.133333333333
SIM1,2025-08-24T20:00:00+00:00,30,184,183,183.9
SIM1,2025-08-24T20:15:00+00:00,30,174,166,168.7
SIM1,2025-08-24T20:30:00+00:00,30,161,135,153.8
SIM1,2025-08-24T20:45:00+00:00,30,210,164,180.866666666667
SIM1,2025-08-24T21:00:00+00:00,30,173,110,152.933333333333
SIM1,2025-08-24T21:15:00+00:00,30,115,62,93.6
SIM1,2025-08-24T21:30:00+00:00,30,174,164,169.966666666667
SIM1,2025-08-24T21:45:00+00:00,30,171,101,146.866666666667
SIM1,2025-08-24T22:00:00+00:00,30,157,72,116.3
SIM1,2025-08-24T22:15:00+00:00,30,168,86,122
SIM1,2025-08-24T22:30:00+00:00,30,161,139,150.766666666667
SIM1,2025-08-24T22:45:00+00:00,30,216,174,195.566666666667
SIM1,2025-08-24T23:00:00+00:00,30,149,78,118
SIM1,2025-08-24T23:15:00+00:00,30,183,136,161.4
SIM1,2025-08-24T23:30:00+00:00,30,173,141,166.9
SIM1,2025-08-24T23:45:00+00:00,30,154,126,133.533333333333
SIM1,2025-08-25T00:00:00+00:00,30,177,126,137.8
SIM1,2025-08-25T00:15:00+00:00,30,141,128,136.3
SIM1,2025-08-25T00:30:00+00:00,30,218,183,202.733333333333
SIM1,2025-08-25T00:45:00+00:00,30,180,118,148.2
SIM1,2025-08-25T01:00:00+00:00,30,141,117,134.033333333333
SIM1,2025-08-25T01:15:00+00:00,30,208,163,191.733333333333
SIM1,2025-08-25T01:30:00+00:00,30,207,155,176.166666666667
SIM1,2025-08-25T01:45:00+00:00,30,171,143,153.2
SIM1,2025-08-25T02:00:00+00:00,30,134,112,121.766666666667
SIM1,2025-08-25T02:15:00+00:00,30,140,116,129.433333333333
SIM1,2025-08-25T02:30:00+00:00,30,194,143,166.433333333333
SIM1,2025-08-25T02:45:00+00:00,30,74,36,57.8666666666667
SIM1,2025-08-25T03:00:00+00:00,30,167,133,146.766666666667
SIM1,2025-08-25T03:15:00+00:00,30,135,79,114.8
SIM1,2025-08-25T03:30:00+00:00,30,161,129,148.866666666667
SIM1,2025-08-25T03:45:00+00:00,30,137,23,99.3
SIM1,2025-08-25T04:00:00+00:00,30,198,143,176.9
SIM1,2025-08-25T04:15:00+00:00,30,166,82,130.766666666667
SIM1,2025-08-25T04:30:00+00:00,30,30,16,23.3666666666667
SIM1,2025-08-25T04:45:00+00:00,30,173,154,168.933333333333
SIM1,2025-08-25T05:00:00+00:00,30,197,181,186.5
SIM1,2025-08-25T05:15:00+00:00,30,176,175,175.366666666667
SIM1,2025-08-25T05:30:00+00:00,30,199,197,198.166666666667
SIM1,2025-08-25T05:45:00+00:00,30,194,192,193.133333333333
SIM1,2025-08-25T06:00:00+00:00,30,192,192,192
SIM1,2025-08-25T06:15:00+00:00,30,193,191,192.466666666667
SIM1,2025-08-25T06:30:00+00:00,30,193,191,191.7
SIM1,2025-08-25T06:45:00+00:00,30,192,191,191.233333333333
SIM1,2025-08-25T07:00:00+00:00,30,193,191,192.066666666667
SIM1,2025-08-25T07:15:00+00:00,30,191,189,190.233333333333
SIM1,2025-08-25T07:30:00+00:00,30,193,190,190.433333333333
SIM1,2025-08-25T07:45:00+00:00,30,194,191,192.033333333333
SIM1,2025-08-25T08:00:00+00:00,30,194,191,192.766666666667
SIM1,2025-08-25T08:15:00+00:00,30,191,190,190.8
SIM1,2025-08-25T08:30:00+00:00,30,193,193,193
SIM1,2025-08-25T08:45:00+00:00,30,191,190,190.833333333333
SIM1,2025-08-25T09:00:00+00:00,30,192,190,191.5
SIM1,2025-08-25T09:15:00+00:00,30,195,192,193.366666666667
SIM1,2025-08-25T09:30:00+00:00,30,191,190,190.233333333333
SIM1,2025-08-25T09:45:00+00:00,30,193,190,191.566666666667
SIM1,2025-08-25T10:00:00+00:00,30,193,190,191
SIM1,2025-08-25T10:15:00+00:00,30,197,193,193.9
SIM1,2025-08-25T10:30:00+00:00,30,194,192,192.833333333333
SIM1,2025-08-25T10:45:00+00:00,30,187,185,186.066666666667
SIM1,2025-08-25T11:00:00+00:00,30,187,186,186.933333333333
SIM1,2025-08-25T11:15:00+00:00,30,186,184,185.4
SIM1,2025-08-25T11:30:00+00:00,30,192,189,190.766666666667
SIM1,2025-08-25T11:45:00+00:00,30,191,190,190.166666666667
SIM1,2025-08-25T12:00:00+00:00,30,188,185,186.5
SIM1,2025-08-25T12:15:00+00:00,30,190,189,189.566666666667
SIM1,2025-08-25T12:30:00+00:00,30,194,190,192.066666666667
SIM1,2025-08-25T12:45:00+00:00,30,191,188,189.5
SIM1,2025-08-25T13:00:00+00:00,30,190,189,189.033333333333
SIM1,2025-08-25T13:15:00+00:00,30,192,186,189.2
SIM1,2025-08-25T13:30:00+00:00,30,191,189,190.233333333333
SIM1,2025-08-25T13:45:00+00:00,30,190,186,188.7
SIM1,2025-08-25T14:00:00+00:00,30,192,190,190.366666666667
SIM1,2025-08-25T14:15:00+00:00,30,195,191,192.9
SIM1,2025-08-25T14:30:00+00:00,30,190,186,187.4
SIM1,2025-08-25T14:45:00+00:00,30,206,199,202.466666666667
SIM1,2025-08-25T15:00:00+00:00,30,213,206,210
SIM1,2025-08-25T15:15:00+00:00,30,223,209,214.933333333333
SIM1,2025-08-25T15:30:00+00:00,30,225,221,222.633333333333
SIM1,2025-08-25T15:45:00+00:00,30,194,193,193.7
SIM1,2025-08-25T16:00:00+00:00,30,215,204,209.866666666667
SIM1,2025-08-25T16:15:00+00:00,30,133,123,127.966666666667
SIM1,2025-08-25T16:30:00+00:00,30,138,106,123.466666666667
SIM1,2025-08-25T16:45:00+00:00,30,238,230,234
SIM1,2025-08-25T17:00:00+00:00,30,229,208,216.066666666667
SIM1,2025-08-25T17:15:00+00:00,30,197,193,195.333333333333
SIM1,2025-08-25T17:30:00+00:00,30,197,195,196.1
SIM1,2025-08-25T17:45:00+00:00,30,278,264,271.966666666667
SIM1,2025-08-25T18:00:00+00:00,30,197,195,195.9
SIM1,2025-08-25T18:15:00+00:00,30,190,188,188.6
SIM1,2025-08-25T18:30:00+00:00,30,189,187,188.566666666667
SIM1,2025-08-25T18:45:00+00:00,30,195,193,194.1
SIM1,2025-08-25T19:00:00+00:00,30,198,197,197.6
SIM1,2025-08-25T19:15:00+00:00,30,203,201,201.666666666667
SIM1,2025-08-25T19:30:00+00:00,30,200,198,198.933333333333
SIM1,2025-08-25T19:45:00+00:00,30,225,220,221.8
SIM1,2025-08-25T20:00:00+00:00,30,206,201,203.333333333333
SIM1,2025-08-25T20:15:00+00:00,30,196,194,195.1
SIM1,2025-08-25T20:30:00+00:00,30,203,186,190.2
SIM1,2025-08-25T20:45:00+00:00,30,260,251,253.966666666667
SIM1,2025-08-25T21:00:00+00:00,30,196,182,189.666666666667
SIM1,2025-08-25T21:15:00+00:00,30,222,211,216.933333333333
SIM1,2025-08-25T21:30:00+00:00,30,204,198,201.033333333333
SIM1,2025-08-25T21:45:00+00:00,30,205,196,200.733333333333
SIM1,2025-08-25T22:00:00+00:00,30,223,210,217.366666666667
SIM1,2025-08-25T22:15:00+00:00,30,208,197,201.766666666667
SIM1,2025-08-25T22:30:00+00:00,30,215,186,200.833333333333
SIM1,2025-08-25T22:45:00+00:00,30,220,213,216.333333333333
SIM1,2025-08-25T23:00:00+00:00,30,209,202,205.033333333333
SIM1,2025-08-25T23:15:00+00:00,30,211,197,203.5
SIM1,2025-08-25T23:30:00+00:00,30,214,201,208.266666666667
SIM1,2025-08-25T23:45:00+00:00,30,206,191,199.333333333333
SIM1,2025-08-26T00:00:00+00:00,30,217,211,214.1
SIM1,2025-08-26T00:15:00+00:00,30,208,193,197.8
SIM1,2025-08-26T00:30:00+00:00,30,218,199,205.066666666667
SIM1,2025-08-26T00:45:00+00:00,30,207,201,204.033333333333
SIM1,2025-08-26T01:00:00+00:00,30,243,207,230.133333333333
SIM1,2025-08-26T01:15:00+00:00,30,186,180,183.266666666667
SIM1,2025-08-26T01:30:00+00:00,30,202,198,200
SIM1,2025-08-26T01:45:00+00:00,30,183,180,180.733333333333
SIM1,2025-08-26T02:00:00+00:00,30,256,240,245.766666666667
SIM1,2025-08-26T02:15:00+00:00,30,200,189,195.433333333333
SIM1,2025-08-26T02:30:00+00:00,30,188,182,184.633333333333
SIM1,2025-08-26T02:45:00+00:00,30,220,209,216.033333333333
SIM1,2025-08-26T03:00:00+00:00,30,205,198,201.8
SIM1,2025-08-26T03:15:00+00:00,30,227,219,223.233333333333
SIM1,2025-08-26T03:30:00+00:00,30,211,201,208.3
SIM1,2025-08-26T03:45:00+00:00,30,236,226,231.3
SIM1,2025-08-26T04:00:00+00:00,30,240,217,231.433333333333
SIM1,2025-08-26T04:15:00+00:00,30,219,206,212.533333333333
SIM1,2025-08-26T04:30:00+00:00,30,226,219,222.033333333333
SIM1,2025-08-26T04:45:00+00:00,30,219,206,211.933333333333
SIM1,2025-08-26T05:00:00+00:00,30,191,187,188.733333333333
SIM1,2025-08-26T05:15:00+00:00,30,200,191,195.833333333333
SIM1,2025-08-26T05:30:00+00:00,30,200,197,198.2
SIM1,2025-08-26T05:45:00+00:00,30,200,197,198.6
SIM1,2025-08-26T06:00:00+00:00,30,202,199,199.933333333333
SIM1,2025-08-26T06:15:00+00:00,30,200,198,199.266666666667
SIM1,2025-08-26T06:30:00+00:00,30,208,204,205.233333333333
SIM1,2025-08-26T06:45:00+00:00,30,207,202,204.5
SIM1,2025-08-26T07:00:00+00:00,30,201,197,199.4
SIM1,2025-08-26T07:15:00+00:00,30,206,201,203.766666666667
SIM1,2025-08-26T07:30:00+00:00,30,209,202,204.266666666667
SIM1,2025-08-26T07:45:00+00:00,30,199,197,197.333333333333
SIM1,2025-08-26T08:00:00+00:00,30,194,191,192.433333333333
SIM1,2025-08-26T08:15:00+00:00,30,191,190,190.4
SIM1,2025-08-26T08:30:00+00:00,30,192,189,191
SIM1,2025-08-26T08:45:00+00:00,30,196,195,195.833333333333
SIM1,2025-08-26T09:00:00+00:00,30,199,197,198.133333333333
SIM1,2025-08-26T09:15:00+00:00,30,193,191,192.1
SIM1,2025-08-26T09:30:00+00:00,30,195,191,193.333333333333
SIM1,2025-08-26T09:45:00+00:00,30,194,190,192.033333333333
SIM1,2025-08-26T10:00:00+00:00,30,196,191,194.133333333333
SIM1,2025-08-26T10:15:00+00:00,30,196,193,194.666666666667
SIM1,2025-08-26T10:30:00+00:00,30,201,199,200.133333333333
SIM1,2025-08-26T10:45:00+00:00,30,204,202,203.466666666667
SIM1,2025-08-26T11:00:00+00:00,30,194,191,192.466666666667
SIM1,2025-08-26T11:15:00+00:00,30,203,195,199.066666666667
SIM1,2025-08-26T11:30:00+00:00,30,202,197,199.433333333333
SIM1,2025-08-26T11:45:00+00:00,30,191,190,190.4
SIM1,2025-08-26T12:00:00+00:00,30,195,192,192.9
SIM1,2025-08-26T12:15:00+00:00,30,189,188,188.2
SIM1,2025-08-26T12:30:00+00:00,30,195,194,194.766666666667
SIM1,2025-08-26T12:45:00+00:00,30,198,193,195.633333333333
SIM1,2025-08-26T13:00:00+00:00,30,192,189,189.633333333333
SIM1,2025-08-26T13:15:00+00:00,30,194,190,192.2
SIM1,2025-08-26T13:30:00+00:00,30,195,193,193.666666666667
SIM1,2025-08-26T13:45:00+00:00,30,197,193,195.1
SIM1,2025-08-26T14:00:00+00:00,30,200,196,198.1
SIM1,2025-08-26T14:15:00+00:00,30,193,191,192.1
SIM1,2025-08-26T14:30:00+00:00,30,203,201,202.633333333333
SIM1,2025-08-26T14:45:00+00:00,30,203,199,201.033333333333
SIM1,2025-08-26T15:00:00+00:00,30,193,191,191.866666666667
SIM1,2025-08-26T15:15:00+00:00,30,200,195,196.733333333333
SIM1,2025-08-26T15:30:00+00:00,30,191,189,189.633333333333
SIM1,2025-08-26T15:45:00+00:00,30,194,192,192.766666666667
SIM1,2025-08-26T16:00:00+00:00,30,188,186,186.966666666667
SIM1,2025-08-26T16:15:00+00:00,30,195,191,193.7
SIM1,2025-08-26T16:30:00+00:00,30,190,179,187.433333333333
SIM1,2025-08-26T16:45:00+00:00,30,195,192,193.066666666667
SIM1,2025-08-26T17:00:00+00:00,30,192,190,190.533333333333
SIM1,2025-08-26T17:15:00+00:00,30,189,186,187.7
SIM1,2025-08-26T17:30:00+00:00,30,196,190,193.1
SIM1,2025-08-26T17:45:00+00:00,30,190,187,188.4
SIM1,2025-08-26T18:00:00+00:00,30,189,188,188.266666666667
SIM1,2025-08-26T18:15:00+00:00,30,180,179,179.066666666667
SIM1,2025-08-26T18:30:00+00:00,30,178,177,177.266666666667
SIM1,2025-08-26T18:45:00+00:00,30,200,195,197.566666666667
SIM1,2025-08-26T19:00:00+00:00,30,200,195,196.966666666667
SIM1,2025-08-26T19:15:00+00:00,30,197,194,195.733333333333
SIM1,2025-08-26T19:30:00+00:00,30,197,193,195.366666666667
SIM1,2025-08-26T19:45:00+00:00,30,200,196,197.666666666667
SIM1,2025-08-26T20:00:00+00:00,30,213,211,211.833333333333
SIM1,2025-08-26T20:15:00+00:00,30,170,164,167.5
SIM1,2025-08-26T20:30:00+00:00,30,188,175,183.633333333333
SIM1,2025-08-26T20:45:00+00:00,30,212,188,202.166666666667
SIM1,2025-08-26T21:00:00+00:00,30,199,180,191.633333333333
SIM1,2025-08-26T21:15:00+00:00,30,192,169,178.733333333333
SIM1,2025-08-26T21:30:00+00:00,30,177,123,155.2
SIM1,2025-08-26T21:45:00+00:00,30,188,176,183.966666666667
SIM1,2025-08-26T22:00:00+00:00,30,191,183,185.6
SIM1,2025-08-26T22:15:00+00:00,30,192,185,189.766666666667
SIM1,2025-08-26T22:30:00+00:00,30,198,191,195
SIM1,2025-08-26T22:45:00+00:00,30,194,177,186.366666666667
SIM1,2025-08-26T23:00:00+00:00,30,195,185,189.4
SIM1,2025-08-26T23:15:00+00:00,30,198,186,192.1
SIM1,2025-08-26T23:30:00+00:00,30,200,192,196.133333333333
SIM1,2025-08-26T23:45:00+00:00,30,200,195,197.866666666667
SIM1,2025-08-27T00:00:00+00:00,30,184,173,179.766666666667
SIM1,2025-08-27T00:15:00+00:00,30,205,192,197.8
SIM1,2025-08-27T00:30:00+00:00,30,223,210,217.233333333333
SIM1,2025-08-27T00:45:00+00:00,30,216,212,214.666666666667
SIM1,2025-08-27T01:00:00+00:00,30,218,198,204
SIM1,2025-08-27T01:15:00+00:00,30,207,195,201.233333333333
SIM1,2025-08-27T01:30:00+00:00,30,214,199,202.733333333333
SIM1,2025-08-27T01:45:00+00:00,30,198,192,194.7
SIM1,2025-08-27T02:00:00+00:00,30,201,195,198.8
SIM1,2025-08-27T02:15:00+00:00,30,205,195,197.6
SIM1,2025-08-27T02:30:00+00:00,30,220,199,207.766666666667
SIM1,2025-08-27T02:45:00+00:00,30,230,203,217.6
SIM1,2025-08-27T03:00:00+00:00,30,195,188,192
SIM1,2025-08-27T03:15:00+00:00,30,201,182,194.133333333333
SIM1,2025-08-27T03:30:00+00:00,30,190,180,184.866666666667
SIM1,2025-08-27T03:45:00+00:00,30,227,204,218.633333333333
SIM1,2025-08-27T04:00:00+00:00,30,208,199,203.733333333333
SIM1,2025-08-27T04:15:00+00:00,30,218,201,211.666666666667
SIM1,2025-08-27T04:30:00+00:00,30,186,177,181.9
SIM1,2025-08-27T04:45:00+00:00,30,136,104,122.233333333333
SIM1,2025-08-27T05:00:00+00:00,30,206,203,204.433333333333
SIM1,2025-08-27T05:15:00+00:00,30,204,201,202.8
SIM1,2025-08-27T05:30:00+00:00,30,207,203,203.933333333333
SIM1,2025-08-27T05:45:00+00:00,30,200,197,198.433333333333
SIM1,2025-08-27T06:00:00+00:00,30,200,197,198.866666666667
SIM1,2025-08-27T06:15:00+00:00,30,199,195,197.233333333333
SIM1,2025-08-27T06:30:00+00:00,30,207,204,204.7
SIM1,2025-08-27T06:45:00+00:00,30,183,177,180.033333333333
SIM1,2025-08-27T07:00:00+00:00,30,200,195,197.9
SIM1,2025-08-27T07:15:00+00:00,30,199,197,197.9
SIM1,2025-08-27T07:30:00+00:00,30,201,195,198.3
SIM1,2025-08-27T07:45:00+00:00,30,203,197,200.3
SIM1,2025-08-27T08:00:00+00:00,30,205,198,200.7
SIM1,2025-08-27T08:15:00+00:00,30,205,202,203.233333333333
SIM1,2025-08-27T08:30:00+00:00,30,198,196,196.8
SIM1,2025-08-27T08:45:00+00:00,30,207,203,205
SIM1,2025-08-27T09:00:00+00:00,30,206,204,205.266666666667
SIM1,2025-08-27T09:15:00+00:00,30,194,191,192.466666666667
SIM1,2025-08-27T09:30:00+00:00,30,200,198,199.133333333333
SIM1,2025-08-27T09:45:00+00:00,30,190,184,187.566666666667
SIM1,2025-08-27T10:00:00+00:00,30,196,193,194.333333333333
SIM1,2025-08-27T10:15:00+00:00,30,192,190,191.366666666667
SIM1,2025-08-27T10:30:00+00:00,30,196,192,193.933333333333
SIM1,2025-08-27T10:45:00+00:00,30,200,194,195.6
SIM1,2025-08-27T11:00:00+00:00,30,197,194,195.133333333333
SIM1,2025-08-27T11:15:00+00:00,30,195,191,192.366666666667
SIM1,2025-08-27T11:30:00+00:00,30,197,191,193.4
SIM1,2025-08-27T11:45:00+00:00,30,197,194,195.433333333333
SIM1,2025-08-27T12:00:00+00:00,30,197,193,195.5
SIM1,2025-08-27T12:15:00+00:00,30,192,191,191.166666666667
SIM1,2025-08-27T12:30:00+00:00,30,174,166,170.3
SIM1,2025-08-27T12:45:00+00:00,30,189,168,186.366666666667
SIM1,2025-08-27T13:00:00+00:00,30,192,190,191.133333333333
SIM1,2025-08-27T13:15:00+00:00,30,199,195,196.2
SIM1,2025-08-27T13:30:00+00:00,30,198,194,195.466666666667
SIM1,2025-08-27T13:45:00+00:00,30,193,191,191.9
SIM1,2025-08-27T14:00:00+00:00,30,193,192,192.233333333333
SIM1,2025-08-27T14:15:00+00:00,30,195,193,194.5
SIM1,2025-08-27T14:30:00+00:00,30,201,197,199.266666666667
SIM1,2025-08-27T14:45:00+00:00,30,194,192,193.2
SIM1,2025-08-27T15:00:00+00:00,30,199,193,196.933333333333
SIM1,2025-08-27T15:15:00+00:00,30,195,193,193.866666666667
SIM1,2025-08-27T15:30:00+00:00,30,193,191,192.333333333333
SIM1,2025-08-27T15:45:00+00:00,30,194,192,193.433333333333
SIM1,2025-08-27T16:00:00+00:00,30,201,199,199.9
SIM1,2025-08-27T16:15:00+00:00,30,197,195,196.4
SIM1,2025-08-27T16:30:00+00:00,30,191,189,190.166666666667
SIM1,2025-08-27T16:45:00+00:00,30,188,187,187.166666666667
SIM1,2025-08-27T17:00:00+00:00,30,196,191,193.566666666667
SIM1,2025-08-27T17:15:00+00:00,30,197,194,195.3
SIM1,2025-08-27T17:30:00+00:00,30,196,193,194.5
SIM1,2025-08-27T17:45:00+00:00,30,188,186,187
SIM1,2025-08-27T18:00:00+00:00,30,191,190,190.433333333333
SIM1,2025-08-27T18:15:00+00:00,30,204,198,201.266666666667
SIM1,2025-08-27T18:30:00+00:00,30,203,195,197.966666666667
SIM1,2025-08-27T18:45:00+00:00,30,201,197,199.8
SIM1,2025-08-27T19:15:00+00:00,30,145,144,144.133333333333
SIM1,2025-08-27T19:30:00+00:00,30,146,145,145.266666666667
SIM1,2025-08-27T19:45:00+00:00,30,143,120,132.933333333333
SIM1,2025-08-27T20:00:00+00:00,30,103,100,101.2
SIM1,2025-08-27T20:15:00+00:00,30,108,107,107.633333333333
SIM1,2025-08-27T20:30:00+00:00,30,99,53,78.3333333333333
SIM1,2025-08-27T20:45:00+00:00,30,110,107,108.633333333333
SIM1,2025-08-27T21:00:00+00:00,30,101,88,95.2
SIM1,2025-08-27T21:15:00+00:00,30,108,105,106.133333333333
SIM1,2025-08-27T21:30:00+00:00,30,106,102,104.4
SIM1,2025-08-27T21:45:00+00:00,30,125,113,118.9
SIM1,2025-08-27T22:00:00+00:00,30,114,109,111.3
SIM1,2025-08-27T22:15:00+00:00,30,110,105,107.266666666667
SIM1,2025-08-27T22:30:00+00:00,30,110,106,107.633333333333
SIM1,2025-08-27T22:45:00+00:00,30,110,108,109.166666666667
SIM1,2025-08-27T23:00:00+00:00,30,106,102,104.466666666667
SIM1,2025-08-27T23:15:00+00:00,30,128,113,121.933333333333
SIM1,2025-08-27T23:30:00+00:00,30,127,115,121.366666666667
SIM1,2025-08-27T23:45:00+00:00,30,130,111,116.333333333333
SIM1,2025-08-28T00:00:00+00:00,30,117,111,113.366666666667
SIM1,2025-08-28T00:15:00+00:00,30,132,113,120.8
SIM1,2025-08-28T00:30:00+00:00,30,126,116,122.333333333333
SIM1,2025-08-28T00:45:00+00:00,30,143,129,134.933333333333
SIM1,2025-08-28T01:00:00+00:00,30,132,117,126.7
SIM1,2025-08-28T01:15:00+00:00,30,144,127,136.8
SIM1,2025-08-28T01:30:00+00:00,30,115,110,112.666666666667
SIM1,2025-08-28T01:45:00+00:00,30,140,125,136.833333333333
SIM1,2025-08-28T02:00:00+00:00,30,121,110,114.633333333333
SIM1,2025-08-28T02:15:00+00:00,30,129,108,112.2
SIM1,2025-08-28T02:30:00+00:00,30,140,119,130.766666666667
SIM1,2025-08-28T02:45:00+00:00,30,127,113,120.133333333333
SIM1,2025-08-28T03:00:00+00:00,30,119,94,109.2
SIM1,2025-08-28T03:15:00+00:00,30,135,123,130.1
SIM1,2025-08-28T03:30:00+00:00,30,117,113,114.733333333333
SIM1,2025-08-28T03:45:00+00:00,30,128,117,122.966666666667
SIM1,2025-08-28T04:00:00+00:00,30,119,113,116.633333333333
SIM1,2025-08-28T04:15:00+00:00,30,125,113,120.266666666667
SIM1,2025-08-28T04:30:00+00:00,30,158,143,152.333333333333
SIM1,2025-08-28T04:45:00+00:00,30,105,101,102.6
SIM1,2025-08-28T05:00:00+00:00,30,103,102,102.333333333333
SIM1,2025-08-28T05:15:00+00:00,30,130,126,127.833333333333
SIM1,2025-08-28T05:30:00+00:00,30,142,140,140.866666666667
SIM1,2025-08-28T05:45:00+00:00,30,141,140,140.6
SIM1,2025-08-28T06:00:00+00:00,30,140,137,138.433333333333
SIM1,2025-08-28T06:15:00+00:00,30,143,142,142.633333333333
SIM1,2025-08-28T06:30:00+00:00,30,141,140,140.066666666667
SIM1,2025-08-28T06:45:00+00:00,30,144,143,143.066666666667
SIM1,2025-08-28T07:00:00+00:00,30,139,139,139
SIM1,2025-08-28T07:15:00+00:00,30,142,142,142
SIM1,2025-08-28T07:30:00+00:00,30,142,142,142
SIM1,2025-08-28T07:45:00+00:00,30,146,146,146
SIM1,2025-08-28T08:00:00+00:00,30,145,144,144.466666666667
SIM1,2025-08-28T08:15:00+00:00,30,148,146,147.166666666667
SIM1,2025-08-28T08:30:00+00:00,30,145,145,145
SIM1,2025-08-28T08:45:00+00:00,30,145,145,145
SIM1,2025-08-28T09:00:00+00:00,30,144,143,143.1
SIM1,2025-08-28T09:15:00+00:00,30,144,144,144
SIM1,2025-08-28T09:30:00+00:00,30,144,142,143
SIM1,2025-08-28T09:45:00+00:00,30,141,140,140.633333333333
SIM1,2025-08-28T10:00:00+00:00,30,142,142,142
SIM1,2025-08-28T10:15:00+00:00,30,142,142,142
SIM1,2025-08-28T10:30:00+00:00,30,141,141,141
SIM1,2025-08-28T10:45:00+00:00,30,143,143,143
SIM1,2025-08-28T11:00:00+00:00,30,144,144,144
SIM1,2025-08-28T11:15:00+00:00,30,143,142,142.566666666667
SIM1,2025-08-28T11:30:00+00:00,30,143,142,142.133333333333
SIM1,2025-08-28T11:45:00+00:00,30,141,141,141
SIM1,2025-08-28T12:00:00+00:00,30,141,139,140.433333333333
SIM1,2025-08-28T12:15:00+00:00,30,141,140,140.866666666667
SIM1,2025-08-28T12:30:00+00:00,30,141,140,140.566666666667
SIM1,2025-08-28T12:45:00+00:00,30,111,109,109.933333333333
SIM1,2025-08-28T13:00:00+00:00,30,140,139,139.233333333333
SIM1,2025-08-28T13:15:00+00:00,30,141,140,140.833333333333
SIM1,2025-08-28T13:30:00+00:00,30,140,139,139.166666666667
SIM1,2025-08-28T13:45:00+00:00,30,140,139,139.866666666667
SIM1,2025-08-28T14:00:00+00:00,30,143,141,142.166666666667
SIM1,2025-08-28T14:15:00+00:00,30,142,141,141.9
SIM1,2025-08-28T14:30:00+00:00,30,142,141,141.033333333333
SIM1,2025-08-28T14:45:00+00:00,30,141,139,140.666666666667
SIM1,2025-08-28T15:00:00+00:00,30,140,138,138.533333333333
SIM1,2025-08-28T15:15:00+00:00,30,137,135,136.2
SIM1,2025-08-28T15:30:00+00:00,30,129,120,125.666666666667
SIM1,2025-08-28T15:45:00+00:00,30,139,136,137.433333333333
SIM1,2025-08-28T16:00:00+00:00,30,111,109,109.7
SIM1,2025-08-28T16:15:00+00:00,30,141,140,140.7
SIM1,2025-08-28T16:30:00+00:00,30,141,141,141
SIM1,2025-08-28T16:45:00+00:00,30,131,115,124.166666666667
SIM1,2025-08-28T17:00:00+00:00,30,139,138,138.5
SIM1,2025-08-28T17:15:00+00:00,30,140,140,140
SIM1,2025-08-28T17:30:00+00:00,30,143,142,142.1
SIM1,2025-08-28T17:45:00+00:00,30,142,141,141.433333333333
SIM1,2025-08-28T18:00:00+00:00,30,144,143,143.566666666667
SIM1,2025-08-28T18:15:00+00:00,30,142,141,141.033333333333
SIM1,2025-08-28T18:30:00+00:00,30,140,139,139.333333333333
SIM1,2025-08-28T18:45:00+00:00,30,143,142,142.266666666667
SIM1,2025-08-28T19:00:00+00:00,30,140,137,138.666666666667
SIM1,2025-08-28T19:15:00+00:00,30,142,140,140.933333333333
SIM1,2025-08-28T19:30:00+00:00,30,142,141,141.066666666667
SIM1,2025-08-28T19:45:00+00:00,30,98,97,97.7
SIM1,2025-08-28T20:00:00+00:00,30,101,94,98.1333333333333
SIM1,2025-08-28T20:15:00+00:00,30,100,98,99.0666666666667
SIM1,2025-08-28T20:30:00+00:00,30,103,99,101.3
SIM1,2025-08-28T20:45:00+00:00,30,107,98,102.566666666667
SIM1,2025-08-28T21:00:00+00:00,30,91,86,88.7666666666667
SIM1,2025-08-28T21:15:00+00:00,30,101,93,97.1666666666667
SIM1,2025-08-28T21:30:00+00:00,30,102,87,93.2
SIM1,2025-08-28T21:45:00+00:00,30,100,68,91.7
SIM1,2025-08-28T22:00:00+00:00,30,102,96,100.133333333333
SIM1,2025-08-28T22:15:00+00:00,30,100,92,94.6
SIM1,2025-08-28T22:30:00+00:00,30,92,90,91.3666666666667
SIM1,2025-08-28T22:45:00+00:00,30,101,96,98.4666666666667
SIM1,2025-08-28T23:00:00+00:00,30,93,86,89.6333333333333
SIM1,2025-08-28T23:15:00+00:00,30,108,103,105.466666666667
SIM1,2025-08-28T23:30:00+00:00,30,107,105,105.8
SIM1,2025-08-28T23:45:00+00:00,30,112,107,109.733333333333
SIM1,2025-08-29T00:00:00+00:00,30,111,106,108.166666666667
SIM1,2025-08-29T00:15:00+00:00,30,113,107,109.366666666667
SIM1,2025-08-29T00:30:00+00:00,30,107,101,104.1
SIM1,2025-08-29T00:45:00+00:00,30,107,102,104.633333333333
SIM1,2025-08-29T01:00:00+00:00,30,114,108,109.4
SIM1,2025-08-29T01:15:00+00:00,30,113,110,111.3
SIM1,2025-08-29T01:30:00+00:00,30,107,102,105.1
SIM1,2025-08-29T01:45:00+00:00,30,106,104,104.866666666667
SIM1,2025-08-29T02:00:00+00:00,30,111,106,108.666666666667
SIM1,2025-08-29T02:15:00+00:00,30,116,110,113.133333333333
SIM1,2025-08-29T02:30:00+00:00,30,124,119,121.733333333333
SIM1,2025-08-29T02:45:00+00:00,30,109,105,106.7
SIM1,2025-08-29T03:00:00+00:00,30,107,105,106.433333333333
SIM1,2025-08-29T03:15:00+00:00,30,118,82,99.7333333333333
SIM1,2025-08-29T03:30:00+00:00,30,93,85,89.6
SIM1,2025-08-29T03:45:00+00:00,30,127,95,112.366666666667
SIM1,2025-08-29T04:00:00+00:00,30,105,105,105
SIM1,2025-08-29T04:15:00+00:00,30,110,107,107.9
SIM1,2025-08-29T05:30:00+00:00,30,140,140,140
SIM1,2025-08-29T05:45:00+00:00,30,139,138,138.866666666667
SIM1,2025-08-29T06:00:00+00:00,30,141,138,139.266666666667
SIM1,2025-08-29T06:15:00+00:00,30,141,140,140.8
SIM1,2025-08-29T06:30:00+00:00,30,141,124,135.466666666667
SIM1,2025-08-29T06:45:00+00:00,30,143,142,142.7
SIM1,2025-08-29T07:00:00+00:00,30,141,140,140.6
SIM1,2025-08-29T07:15:00+00:00,30,144,144,144
SIM1,2025-08-29T07:30:00+00:00,30,143,143,143
SIM1,2025-08-29T07:45:00+00:00,30,146,146,146
SIM1,2025-08-29T08:00:00+00:00,30,144,144,144
SIM1,2025-08-29T08:15:00+00:00,30,149,148,148.6
SIM1,2025-08-29T08:30:00+00:00,30,144,142,142.9
SIM1,2025-08-29T08:45:00+00:00,30,144,143,143.566666666667
SIM1,2025-08-29T09:00:00+00:00,30,142,142,142
SIM1,2025-08-29T09:15:00+00:00,30,143,142,142.166666666667
SIM1,2025-08-29T09:30:00+00:00,30,138,137,137.4
SIM1,2025-08-29T09:45:00+00:00,30,139,139,139
SIM1,2025-08-29T10:00:00+00:00,30,142,142,142
SIM1,2025-08-29T10:15:00+00:00,30,140,140,140
SIM1,2025-08-29T10:30:00+00:00,30,143,142,142.933333333333
SIM1,2025-08-29T10:45:00+00:00,30,144,143,143.266666666667
SIM1,2025-08-29T11:00:00+00:00,30,145,144,144.533333333333
SIM1,2025-08-29T11:15:00+00:00,30,146,144,145.633333333333
SIM1,2025-08-29T11:30:00+00:00,30,144,144,144
SIM1,2025-08-29T11:45:00+00:00,30,142,141,141.033333333333
SIM1,2025-08-29T12:00:00+00:00,30,139,138,138.5
SIM1,2025-08-29T12:15:00+00:00,30,142,141,141.666666666667
SIM1,2025-08-29T12:30:00+00:00,30,143,142,142.866666666667
SIM1,2025-08-29T12:45:00+00:00,30,140,138,138.866666666667
SIM1,2025-08-29T13:00:00+00:00,30,107,106,106.5
SIM1,2025-08-29T13:15:00+00:00,30,140,138,139.3
SIM1,2025-08-29T13:30:00+00:00,30,106,105,105.233333333333
SIM1,2025-08-29T13:45:00+00:00,30,107,106,106.333333333333
SIM1,2025-08-29T14:00:00+00:00,30,106,104,105.033333333333
SIM1,2025-08-29T14:15:00+00:00,30,105,103,104.266666666667
SIM1,2025-08-29T14:30:00+00:00,30,103,103,103
SIM1,2025-08-29T14:45:00+00:00,30,107,105,106.2
SIM1,2025-08-29T15:00:00+00:00,30,103,102,102.533333333333
SIM1,2025-08-29T15:15:00+00:00,30,107,106,106.3
SIM1,2025-08-29T15:30:00+00:00,30,106,106,106
SIM1,2025-08-29T15:45:00+00:00,30,137,123,131.833333333333
SIM1,2025-08-29T16:00:00+00:00,30,141,117,138.2
SIM1,2025-08-29T16:15:00+00:00,30,110,107,108.466666666667
SIM1,2025-08-29T16:30:00+00:00,30,142,141,141.533333333333
SIM1,2025-08-29T16:45:00+00:00,30,111,107,109.4
SIM1,2025-08-29T17:00:00+00:00,30,143,142,142.4
SIM1,2025-08-29T17:15:00+00:00,30,143,142,142.433333333333
SIM1,2025-08-29T17:30:00+00:00,30,108,106,106.566666666667
SIM1,2025-08-29T17:45:00+00:00,30,144,143,143.233333333333
SIM1,2025-08-29T18:00:00+00:00,30,143,142,142.766666666667
SIM1,2025-08-29T18:15:00+00:00,30,144,144,144
SIM1,2025-08-29T18:30:00+00:00,30,146,145,145.066666666667
SIM1,2025-08-29T18:45:00+00:00,30,146,145,145.866666666667
SIM1,2025-08-29T19:00:00+00:00,30,144,142,143.4
SIM1,2025-08-29T19:15:00+00:00,30,144,143,143.766666666667
SIM1,2025-08-29T19:30:00+00:00,30,146,145,145.433333333333
SIM1,2025-08-29T19:45:00+00:00,30,91,87,89.8666666666667
SIM1,2025-08-29T20:00:00+00:00,30,101,92,97.4666666666667
SIM1,2025-08-29T20:15:00+00:00,30,104,101,102.366666666667
SIM1,2025-08-29T20:30:00+00:00,30,93,83,87.5666666666667
SIM1,2025-08-29T20:45:00+00:00,30,96,91,93
SIM1,2025-08-29T21:00:00+00:00,30,96,94,95.1333333333333
SIM1,2025-08-29T21:15:00+00:00,30,102,99,100.9
SIM1,2025-08-29T21:30:00+00:00,30,98,94,96.0333333333333
SIM1,2025-08-29T21:45:00+00:00,30,102,98,100.7
SIM1,2025-08-29T22:00:00+00:00,30,106,92,97.5
SIM1,2025-08-29T22:15:00+00:00,30,109,102,104.933333333333
SIM1,2025-08-29T22:30:00+00:00,30,104,100,102.333333333333
SIM1,2025-08-29T22:45:00+00:00,30,102,91,99.8333333333333
SIM1,2025-08-29T23:00:00+00:00,30,99,89,93.9333333333333
SIM1,2025-08-29T23:15:00+00:00,30,112,101,105.866666666667
SIM1,2025-08-29T23:30:00+00:00,30,106,102,104.733333333333
SIM1,2025-08-29T23:45:00+00:00,30,102,99,101.166666666667
SIM1,2025-08-30T00:00:00+00:00,30,108,96,101.766666666667
SIM1,2025-08-30T00:15:00+00:00,30,108,105,106.933333333333
SIM1,2025-08-30T00:30:00+00:00,30,109,107,107.666666666667
SIM1,2025-08-30T00:45:00+00:00,30,106,103,104.4
SIM1,2025-08-30T01:00:00+00:00,30,107,104,106.133333333333
SIM1,2025-08-30T01:15:00+00:00,30,99,96,97.2
SIM1,2025-08-30T01:30:00+00:00,30,98,94,96.3
SIM1,2025-08-30T01:45:00+00:00,30,105,104,104.333333333333
SIM1,2025-08-30T02:00:00+00:00,30,109,104,106.633333333333
SIM1,2025-08-30T02:15:00+00:00,30,113,107,109.5
SIM1,2025-08-30T02:30:00+00:00,30,104,102,102.666666666667
SIM1,2025-09-02T19:30:00+00:00,30,142,140,141
SIM1,2025-09-02T19:45:00+00:00,30,103,101,101.766666666667
SIM1,2025-09-02T20:00:00+00:00,30,102,100,101.433333333333
SIM1,2025-09-02T20:15:00+00:00,30,98,95,96.7666666666667
SIM1,2025-09-02T20:30:00+00:00,30,105,101,102.9
SIM1,2025-09-02T20:45:00+00:00,30,105,100,102.766666666667
SIM1,2025-09-02T21:00:00+00:00,30,104,100,102.633333333333
SIM1,2025-09-02T21:15:00+00:00,30,103,101,102.066666666667
SIM1,2025-09-02T21:30:00+00:00,30,107,104,105.266666666667
SIM1,2025-09-02T21:45:00+00:00,30,108,106,106.733333333333
SIM1,2025-09-02T22:00:00+00:00,30,96,94,95.4
SIM1,2025-09-02T22:15:00+00:00,30,100,98,98.7666666666667
SIM1,2025-09-02T22:30:00+00:00,30,91,86,89.4333333333333
SIM1,2025-09-02T22:45:00+00:00,30,100,96,97.7333333333333
SIM1,2025-09-02T23:00:00+00:00,30,96,93,94.0666666666667
SIM1,2025-09-02T23:15:00+00:00,30,100,95,97.9
SIM1,2025-09-02T23:30:00+00:00,30,98,96,97.0333333333333
SIM1,2025-09-02T23:45:00+00:00,30,103,99,101.1
SIM1,2025-09-03T00:00:00+00:00,30,101,99,100.3
SIM1,2025-09-03T00:15:00+00:00,30,102,100,100.8
SIM1,2025-09-03T00:30:00+00:00,30,95,94,94.8666666666667
SIM1,2025-09-03T00:45:00+00:00,30,97,85,90.7666666666667
SIM1,2025-09-03T01:00:00+00:00,30,103,97,99.7
SIM1,2025-09-03T01:15:00+00:00,30,98,95,96.1666666666667
SIM1,2025-09-03T01:30:00+00:00,30,96,92,94.6333333333333
SIM1,2025-09-03T01:45:00+00:00,30,100,97,98.7666666666667
SIM1,2025-09-03T02:00:00+00:00,30,99,95,97
SIM1,2025-09-03T02:15:00+00:00,30,101,99,100.233333333333
SIM1,2025-09-03T02:30:00+00:00,30,102,98,100.066666666667
SIM1,2025-09-03T02:45:00+00:00,30,100,96,97.5
SIM1,2025-09-03T03:00:00+00:00,30,105,101,102.766666666667
SIM1,2025-09-03T03:15:00+00:00,30,103,101,101.833333333333
SIM1,2025-09-03T03:30:00+00:00,30,100,98,98.7333333333333
SIM1,2025-09-03T03:45:00+00:00,30,105,102,103.433333333333
SIM1,2025-09-03T04:00:00+00:00,30,103,100,101.466666666667
SIM1,2025-09-03T04:15:00+00:00,30,95,88,92.4666666666667
SIM1,2025-09-03T04:30:00+00:00,30,102,99,100.466666666667
SIM1,2025-09-03T04:45:00+00:00,30,99,98,98.6333333333333
SIM1,2025-09-03T05:00:00+00:00,30,109,103,106.766666666667
SIM1,2025-09-03T05:15:00+00:00,30,119,109,114.5
SIM1,2025-09-03T05:30:00+00:00,30,143,143,143
SIM1,2025-09-03T05:45:00+00:00,30,143,143,143
SIM1,2025-09-03T06:00:00+00:00,30,143,142,142.766666666667
SIM1,2025-09-03T06:15:00+00:00,30,144,143,143.466666666667
SIM1,2025-09-03T06:30:00+00:00,30,144,143,143.033333333333
SIM1,2025-09-03T06:45:00+00:00,30,143,143,143
SIM1,2025-09-03T07:00:00+00:00,30,144,142,143.033333333333
SIM1,2025-09-03T07:15:00+00:00,30,143,142,142.866666666667
SIM1,2025-09-03T07:30:00+00:00,30,143,142,142.5
SIM1,2025-09-03T07:45:00+00:00,30,143,143,143
SIM1,2025-09-03T08:00:00+00:00,30,143,143,143
SIM1,2025-09-03T08:15:00+00:00,30,142,142,142
SIM1,2025-09-03T08:30:00+00:00,30,142,142,142
SIM1,2025-09-03T08:45:00+00:00,30,142,141,141.6
SIM1,2025-09-03T09:00:00+00:00,30,143,143,143
SIM1,2025-09-03T09:15:00+00:00,30,142,140,141.066666666667
SIM1,2025-09-03T09:30:00+00:00,30,141,141,141
SIM1,2025-09-03T09:45:00+00:00,30,142,141,141.266666666667
SIM1,2025-09-03T10:00:00+00:00,30,142,141,141.733333333333
SIM1,2025-09-03T10:15:00+00:00,30,141,140,140.833333333333
SIM1,2025-09-03T10:30:00+00:00,30,140,140,140
SIM1,2025-09-03T10:45:00+00:00,30,143,142,142.5
SIM1,2025-09-03T11:00:00+00:00,30,144,143,143.833333333333
SIM1,2025-09-03T11:15:00+00:00,30,143,143,143
SIM1,2025-09-03T11:30:00+00:00,30,144,141,141.766666666667
SIM1,2025-09-03T11:45:00+00:00,30,105,103,104.1
SIM1,2025-09-03T12:00:00+00:00,30,140,140,140
SIM1,2025-09-03T12:15:00+00:00,30,147,146,146.266666666667
SIM1,2025-09-03T12:30:00+00:00,30,138,133,136.566666666667
SIM1,2025-09-03T12:45:00+00:00,30,108,102,104.766666666667
SIM1,2025-09-03T13:00:00+00:00,30,143,141,141.9
SIM1,2025-09-03T13:15:00+00:00,30,141,112,135.6
SIM1,2025-09-03T13:30:00+00:00,30,148,146,146.9
SIM1,2025-09-03T13:45:00+00:00,30,144,143,143.066666666667
SIM1,2025-09-03T14:00:00+00:00,30,100,99,99.9
SIM1,2025-09-03T14:15:00+00:00,30,100,100,100
SIM1,2025-09-03T14:30:00+00:00,30,145,144,144.2
SIM1,2025-09-03T14:45:00+00:00,30,141,104,111.966666666667
SIM1,2025-09-03T15:00:00+00:00,30,100,99,99.8
SIM1,2025-09-03T15:15:00+00:00,30,142,141,141.933333333333
SIM1,2025-09-03T15:30:00+00:00,30,106,104,104.666666666667
SIM1,2025-09-03T15:45:00+00:00,30,102,101,101.266666666667
SIM1,2025-09-03T16:00:00+00:00,30,107,105,105.966666666667
SIM1,2025-09-03T16:15:00+00:00,30,140,108,114.3
SIM1,2025-09-03T16:30:00+00:00,30,104,103,103.3
SIM1,2025-09-03T16:45:00+00:00,30,145,143,143.5
SIM1,2025-09-03T17:00:00+00:00,30,112,109,110.533333333333
SIM1,2025-09-03T17:15:00+00:00,30,143,141,142.733333333333
SIM1,2025-09-03T17:30:00+00:00,30,145,144,144.866666666667
SIM1,2025-09-03T17:45:00+00:00,30,143,143,143
SIM1,2025-09-03T18:00:00+00:00,30,145,144,144.533333333333
SIM1,2025-09-03T18:15:00+00:00,30,141,116,125.566666666667
SIM1,2025-09-03T18:30:00+00:00,30,127,113,114.733333333333
SIM1,2025-09-03T18:45:00+00:00,30,145,144,144.266666666667
SIM1,2025-09-03T19:00:00+00:00,30,142,141,141.8
SIM1,2025-09-03T19:15:00+00:00,30,102,101,101.566666666667
SIM1,2025-09-03T19:30:00+00:00,30,91,86,88.8333333333333
SIM1,2025-09-03T19:45:00+00:00,30,103,101,101.933333333333
SIM1,2025-09-03T20:00:00+00:00,30,102,100,101.333333333333
SIM1,2025-09-03T20:15:00+00:00,30,99,94,96.2
SIM1,2025-09-03T20:30:00+00:00,30,94,92,92.6666666666667
SIM1,2025-09-03T20:45:00+00:00,30,98,93,95.7666666666667
SIM1,2025-09-03T21:00:00+00:00,30,132,119,124.233333333333
SIM1,2025-09-03T21:15:00+00:00,30,101,94,97.4666666666667
SIM1,2025-09-03T21:30:00+00:00,30,116,103,109.8
SIM1,2025-09-03T21:45:00+00:00,30,111,107,108.6
SIM1,2025-09-03T22:00:00+00:00,30,111,103,105.266666666667
SIM1,2025-09-03T22:15:00+00:00,30,107,103,105
SIM1,2025-09-03T22:30:00+00:00,30,111,109,109.9
SIM1,2025-09-03T22:45:00+00:00,30,101,99,99.9
SIM1,2025-09-03T23:00:00+00:00,30,103,97,99.7333333333333
SIM1,2025-09-03T23:15:00+00:00,30,98,86,92.9333333333333
SIM1,2025-09-03T23:30:00+00:00,30,106,105,105.633333333333
SIM1,2025-09-03T23:45:00+00:00,30,103,101,102.133333333333
SIM1,2025-09-04T00:00:00+00:00,30,104,101,102.4
SIM1,2025-09-04T00:15:00+00:00,30,99,97,98.0666666666667
SIM1,2025-09-04T00:30:00+00:00,30,100,98,99.6
SIM1,2025-09-04T00:45:00+00:00,30,106,103,104.366666666667
SIM1,2025-09-04T01:00:00+00:00,30,100,97,98.0333333333333
SIM1,2025-09-04T01:15:00+00:00,30,104,99,101.533333333333
SIM1,2025-09-04T01:30:00+00:00,30,97,94,95.3333333333333
SIM1,2025-09-04T01:45:00+00:00,30,99,95,97.8333333333333
SIM1,2025-09-04T02:00:00+00:00,30,99,98,98.3666666666667
SIM1,2025-09-04T02:15:00+00:00,30,101,97,99.4
SIM1,2025-09-04T02:30:00+00:00,30,93,90,91.1666666666667
SIM1,2025-09-04T02:45:00+00:00,30,94,91,92.6
SIM1,2025-09-04T03:00:00+00:00,30,97,96,96.6666666666667
SIM1,2025-09-04T03:15:00+00:00,30,98,93,94.8333333333333
SIM1,2025-09-04T03:30:00+00:00,30,101,95,97.7333333333333
SIM1,2025-09-04T03:45:00+00:00,30,93,83,89
SIM1,2025-09-04T04:00:00+00:00,30,92,89,90.3666666666667
SIM1,2025-09-04T04:15:00+00:00,30,99,93,95.4333333333333
SIM1,2025-09-04T04:30:00+00:00,30,107,105,105.6
SIM1,2025-09-04T04:45:00+00:00,30,105,103,104.1
SIM1,2025-09-04T05:00:00+00:00,30,103,98,100.8
SIM1,2025-09-04T05:15:00+00:00,30,103,103,103
SIM1,2025-09-04T05:30:00+00:00,30,95,88,90.1333333333333
SIM1,2025-09-04T05:45:00+00:00,30,142,141,141.766666666667
SIM1,2025-09-04T06:00:00+00:00,30,142,141,141.866666666667
SIM1,2025-09-04T06:15:00+00:00,30,144,143,143.066666666667
SIM1,2025-09-04T06:30:00+00:00,30,142,141,141.066666666667
SIM1,2025-09-04T06:45:00+00:00,30,143,142,142.8
SIM1,2025-09-04T07:00:00+00:00,30,142,141,141.866666666667
SIM1,2025-09-04T07:15:00+00:00,30,142,142,142
SIM1,2025-09-04T07:30:00+00:00,30,144,144,144
SIM1,2025-09-04T07:45:00+00:00,30,143,143,143
SIM1,2025-09-04T08:00:00+00:00,30,143,142,142.1
SIM1,2025-09-04T08:15:00+00:00,30,145,144,144.266666666667
SIM1,2025-09-04T08:30:00+00:00,30,145,144,144.466666666667
SIM1,2025-09-04T08:45:00+00:00,30,142,142,142
SIM1,2025-09-04T09:00:00+00:00,30,143,142,142.033333333333
SIM1,2025-09-04T09:15:00+00:00,30,140,139,139.333333333333
SIM1,2025-09-04T09:30:00+00:00,30,139,138,138.4
SIM1,2025-09-04T09:45:00+00:00,30,140,140,140
SIM1,2025-09-04T10:00:00+00:00,30,140,140,140
SIM1,2025-09-04T10:15:00+00:00,30,141,141,141
SIM1,2025-09-04T10:30:00+00:00,30,144,142,143.1
SIM1,2025-09-04T10:45:00+00:00,30,141,140,140.666666666667
SIM1,2025-09-04T11:00:00+00:00,30,140,136,137.033333333333
SIM1,2025-09-04T11:15:00+00:00,30,140,136,137.033333333333
SIM1,2025-09-04T11:30:00+00:00,30,140,136,137.033333333333
SIM1,2025-09-04T11:45:00+00:00,30,143,143,143
SIM1,2025-09-04T12:00:00+00:00,30,142,140,141.066666666667
SIM1,2025-09-04T12:15:00+00:00,30,145,143,144.166666666667
SIM1,2025-09-04T12:30:00+00:00,30,143,141,142
SIM1,2025-09-04T12:45:00+00:00,30,144,143,143.066666666667
SIM1,2025-09-04T13:00:00+00:00,30,109,107,108.166666666667
SIM1,2025-09-04T13:15:00+00:00,30,144,143,143.733333333333
SIM1,2025-09-04T13:30:00+00:00,30,107,104,105.133333333333
SIM1,2025-09-04T13:45:00+00:00,30,98,97,97.2666666666667
SIM1,2025-09-04T14:00:00+00:00,30,99,98,98.6333333333333
SIM1,2025-09-04T14:15:00+00:00,30,104,102,102.4
SIM1,2025-09-04T14:30:00+00:00,30,144,144,144
SIM1,2025-09-04T14:45:00+00:00,30,109,107,107.833333333333
SIM1,2025-09-04T15:00:00+00:00,30,103,103,103
SIM1,2025-09-04T15:15:00+00:00,30,108,105,105.866666666667
SIM1,2025-09-04T15:30:00+00:00,30,140,130,136.333333333333
SIM1,2025-09-04T15:45:00+00:00,30,105,102,103.166666666667
SIM1,2025-09-04T16:00:00+00:00,30,104,104,104
SIM1,2025-09-04T16:15:00+00:00,30,145,143,143.766666666667
SIM1,2025-09-04T16:30:00+00:00,30,143,140,141.2
SIM1,2025-09-04T16:45:00+00:00,30,143,141,142.3
SIM1,2025-09-04T17:00:00+00:00,30,141,140,140.566666666667
SIM1,2025-09-04T17:15:00+00:00,30,149,148,148.933333333333
SIM1,2025-09-04T17:30:00+00:00,30,148,147,147.066666666667
SIM1,2025-09-04T17:45:00+00:00,30,144,143,143.8
SIM1,2025-09-04T18:00:00+00:00,30,144,143,143.966666666667
SIM1,2025-09-04T18:15:00+00:00,30,143,111,117.966666666667
SIM1,2025-09-04T18:30:00+00:00,30,108,105,106.133333333333
SIM1,2025-09-04T18:45:00+00:00,30,140,113,135.6
SIM1,2025-09-04T19:00:00+00:00,30,147,145,145.5
SIM1,2025-09-04T19:15:00+00:00,30,144,144,144
SIM1,2025-09-04T19:30:00+00:00,30,92,91,91.7
SIM1,2025-09-04T19:45:00+00:00,30,100,87,93.5333333333333
SIM1,2025-09-04T20:00:00+00:00,30,103,101,101.966666666667
SIM1,2025-09-04T20:15:00+00:00,30,64,27,41.0666666666667
SIM1,2025-09-04T20:30:00+00:00,30,91,77,84.1333333333333
SIM1,2025-09-04T20:45:00+00:00,30,86,57,80.5333333333333
SIM1,2025-09-04T21:00:00+00:00,30,60,10,32.3333333333333
SIM1,2025-09-04T21:15:00+00:00,30,100,98,98.7
SIM1,2025-09-04T21:30:00+00:00,30,104,100,102.566666666667
SIM1,2025-09-04T21:45:00+00:00,30,85,36,72.5333333333333
SIM1,2025-09-04T22:00:00+00:00,30,103,88,99.1333333333333
SIM1,2025-09-04T22:15:00+00:00,30,119,112,114.4
SIM1,2025-09-04T22:30:00+00:00,30,101,97,99.1333333333333
SIM1,2025-09-04T22:45:00+00:00,30,105,101,103.566666666667
SIM1,2025-09-04T23:00:00+00:00,30,103,102,102.266666666667
SIM1,2025-09-04T23:15:00+00:00,30,108,107,107.2
SIM1,2025-09-04T23:30:00+00:00,30,104,102,102.8
SIM1,2025-09-04T23:45:00+00:00,30,107,105,106.366666666667
SIM1,2025-09-05T00:00:00+00:00,30,23,0,3.13333333333333
SIM1,2025-09-05T00:15:00+00:00,30,9,0,1.03333333333333
SIM1,2025-09-05T00:30:00+00:00,30,101,98,99.1333333333333
SIM1,2025-09-05T00:45:00+00:00,30,103,98,100.8
SIM1,2025-09-05T01:00:00+00:00,30,93,88,90.4
SIM1,2025-09-05T01:15:00+00:00,30,46,20,29.1666666666667
SIM1,2025-09-05T01:30:00+00:00,30,98,87,94.2666666666667
SIM1,2025-09-05T01:45:00+00:00,30,109,103,106.3
SIM1,2025-09-05T02:00:00+00:00,30,97,91,93.9666666666667
SIM1,2025-09-05T02:15:00+00:00,30,94,91,92.5333333333333
SIM1,2025-09-05T02:30:00+00:00,30,81,70,76.1666666666667
SIM1,2025-09-05T02:45:00+00:00,30,103,99,101.433333333333
SIM1,2025-09-05T03:00:00+00:00,30,95,89,93.1
SIM1,2025-09-05T03:15:00+00:00,30,97,94,95.5333333333333
SIM1,2025-09-05T03:30:00+00:00,30,96,94,94.8666666666667
SIM1,2025-09-05T03:45:00+00:00,30,65,30,46.6333333333333
SIM1,2025-09-05T04:00:00+00:00,30,81,65,72.3
SIM1,2025-09-05T04:15:00+00:00,30,49,18,38.6333333333333
SIM1,2025-09-05T04:30:00+00:00,30,65,46,58.2666666666667
SIM1,2025-09-05T04:45:00+00:00,30,62,58,60.1
SIM1,2025-09-05T05:00:00+00:00,30,103,94,97.6333333333333
SIM1,2025-09-05T05:15:00+00:00,30,122,87,112.4
SIM1,2025-09-05T05:30:00+00:00,30,135,134,134.366666666667
SIM1,2025-09-05T05:45:00+00:00,30,144,143,143.233333333333
SIM1,2025-09-05T06:00:00+00:00,30,143,142,142.2
SIM1,2025-09-05T06:15:00+00:00,30,142,142,142
SIM1,2025-09-05T06:45:00+00:00,30,103,99,100.366666666667
SIM1,2025-09-05T07:00:00+00:00,30,141,140,140.633333333333
SIM1,2025-09-05T07:15:00+00:00,30,140,139,139.7
SIM1,2025-09-05T07:30:00+00:00,30,102,98,99.9333333333333
SIM1,2025-09-05T07:45:00+00:00,30,100,98,99.3666666666667
SIM1,2025-09-05T08:00:00+00:00,30,142,103,112.266666666667
SIM1,2025-09-05T08:15:00+00:00,30,141,139,139.933333333333
SIM1,2025-09-05T08:30:00+00:00,30,102,101,101.2
SIM1,2025-09-05T08:45:00+00:00,30,101,100,100.5
SIM1,2025-09-05T09:00:00+00:00,30,96,95,95.9333333333333
SIM1,2025-09-05T09:15:00+00:00,30,100,98,98.7666666666667
SIM1,2025-09-05T09:30:00+00:00,30,100,98,98.9666666666667
SIM1,2025-09-05T09:45:00+00:00,30,100,99,99.1
SIM1,2025-09-05T10:00:00+00:00,30,101,99,99.3333333333333
SIM1,2025-09-05T10:15:00+00:00,30,99,98,98.7333333333333
SIM1,2025-09-05T10:30:00+00:00,30,99,98,98.2333333333333
SIM1,2025-09-05T10:45:00+00:00,30,100,99,99.1333333333333
SIM1,2025-09-05T11:00:00+00:00,30,97,96,96.9
SIM1,2025-09-05T11:15:00+00:00,30,101,97,98.7
SIM1,2025-09-05T11:30:00+00:00,30,99,97,98.4333333333333
SIM1,2025-09-05T11:45:00+00:00,30,98,96,97.4333333333333
SIM1,2025-09-05T12:00:00+00:00,30,99,98,98.5
SIM1,2025-09-05T12:15:00+00:00,30,101,99,99.8
SIM1,2025-09-05T12:30:00+00:00,30,97,97,97
SIM1,2025-09-05T12:45:00+00:00,30,99,98,98.1666666666667
SIM1,2025-09-05T13:00:00+00:00,30,113,103,105.966666666667
SIM1,2025-09-05T13:15:00+00:00,30,141,104,119.033333333333
SIM1,2025-09-05T13:30:00+00:00,30,140,102,108
SIM1,2025-09-05T13:45:00+00:00,30,97,94,95.2333333333333
SIM1,2025-09-05T14:00:00+00:00,30,100,99,99.5333333333333
SIM1,2025-09-05T14:15:00+00:00,30,99,98,98.6333333333333
SIM1,2025-09-05T14:30:00+00:00,30,140,140,140
SIM1,2025-09-05T14:45:00+00:00,30,107,103,104.633333333333
SIM1,2025-09-05T15:00:00+00:00,30,101,99,99.9
SIM1,2025-09-05T15:15:00+00:00,30,97,97,97
SIM1,2025-09-05T15:30:00+00:00,30,103,100,102
SIM1,2025-09-05T15:45:00+00:00,30,141,138,140.033333333333
SIM1,2025-09-05T16:00:00+00:00,30,99,98,98.7333333333333
SIM1,2025-09-05T16:15:00+00:00,30,110,102,104.433333333333
SIM1,2025-09-05T16:30:00+00:00,30,99,98,98.2
SIM1,2025-09-05T16:45:00+00:00,30,110,107,107.533333333333
SIM1,2025-09-05T17:00:00+00:00,30,141,140,140.5
SIM1,2025-09-05T17:15:00+00:00,30,101,99,100.233333333333
SIM1,2025-09-05T17:30:00+00:00,30,144,143,143.533333333333
SIM1,2025-09-05T17:45:00+00:00,30,99,97,98.2666666666667
SIM1,2025-09-05T18:00:00+00:00,30,107,102,104.066666666667
SIM1,2025-09-05T18:15:00+00:00,30,143,107,137.233333333333
SIM1,2025-09-05T18:30:00+00:00,30,106,104,104.766666666667
SIM1,2025-09-05T18:45:00+00:00,30,143,140,141.266666666667
SIM1,2025-09-05T19:00:00+00:00,30,105,103,103.866666666667
SIM1,2025-09-05T19:15:00+00:00,30,103,101,102.466666666667
SIM1,2025-09-05T19:30:00+00:00,30,129,93,126.866666666667
SIM1,2025-09-05T19:45:00+00:00,30,106,102,104
SIM1,2025-09-05T20:00:00+00:00,30,93,59,82.3333333333333
SIM1,2025-09-05T20:15:00+00:00,30,109,102,106.266666666667
SIM1,2025-09-05T20:30:00+00:00,30,98,96,96.8
SIM1,2025-09-05T20:45:00+00:00,30,85,70,80.0666666666667
SIM1,2025-09-05T21:00:00+00:00,30,89,83,85.4
SIM1,2025-09-05T21:15:00+00:00,30,93,86,90.2333333333333
SIM1,2025-09-05T21:30:00+00:00,30,95,89,92.3666666666667
SIM1,2025-09-05T21:45:00+00:00,30,103,102,102.333333333333
SIM1,2025-09-05T22:00:00+00:00,30,89,86,88.1333333333333
SIM1,2025-09-05T22:15:00+00:00,30,104,101,102.9
SIM1,2025-09-05T22:30:00+00:00,30,96,92,93.9666666666667
SIM1,2025-09-05T22:45:00+00:00,30,95,89,91.6
SIM1,2025-09-05T23:00:00+00:00,30,80,0,43.3666666666667
SIM1,2025-09-05T23:15:00+00:00,30,105,99,102.333333333333
SIM1,2025-09-05T23:30:00+00:00,30,111,106,108.466666666667
SIM1,2025-09-05T23:45:00+00:00,30,116,111,112.1
SIM1,2025-09-06T00:00:00+00:00,30,115,112,113.666666666667
SIM1,2025-09-06T00:15:00+00:00,30,113,107,110.3
SIM1,2025-09-06T00:30:00+00:00,30,118,108,112.5
SIM1,2025-09-06T00:45:00+00:00,30,106,98,102.8
SIM1,2025-09-06T01:00:00+00:00,30,91,67,79.1
SIM1,2025-09-06T01:15:00+00:00,30,100,96,97.8
SIM1,2025-09-06T01:30:00+00:00,30,96,94,94.6
SIM1,2025-09-06T01:45:00+00:00,30,112,109,110.133333333333
SIM1,2025-09-06T02:00:00+00:00,30,104,97,99.7
SIM1,2025-09-06T02:15:00+00:00,30,115,113,114.166666666667
SIM1,2025-09-06T02:30:00+00:00,30,110,108,109.3
SIM1,2025-09-06T02:45:00+00:00,30,94,91,92.4333333333333
SIM1,2025-09-06T03:00:00+00:00,30,106,102,104.166666666667
SIM1,2025-09-06T03:15:00+00:00,30,91,78,85.3333333333333
SIM1,2025-09-06T03:30:00+00:00,30,102,96,98.2666666666667
SIM1,2025-09-06T03:45:00+00:00,30,96,94,94.7666666666667
SIM1,2025-09-06T04:00:00+00:00,30,94,89,90.4
SIM1,2025-09-06T04:15:00+00:00,30,111,102,105.566666666667
SIM1,2025-09-06T04:30:00+00:00,30,99,95,96.9333333333333
SIM1,2025-09-06T04:45:00+00:00,30,113,101,106.633333333333
SIM1,2025-09-06T05:00:00+00:00,30,95,85,90.4333333333333
SIM1,2025-09-06T05:15:00+00:00,30,106,103,104.633333333333
SIM1,2025-09-06T05:30:00+00:00,30,108,103,105.2
SIM1,2025-09-06T05:45:00+00:00,30,143,142,142.233333333333
SIM1,2025-09-06T06:00:00+00:00,30,141,115,134.833333333333
SIM1,2025-09-06T06:15:00+00:00,30,139,139,139
SIM1,2025-09-06T06:30:00+00:00,30,141,140,140.4
SIM1,2025-09-06T06:45:00+00:00,30,141,141,141
SIM1,2025-09-06T07:00:00+00:00,30,139,137,137.9
SIM1,2025-09-06T07:15:00+00:00,30,140,140,140
SIM1,2025-09-06T07:30:00+00:00,30,143,142,142.333333333333
SIM1,2025-09-06T07:45:00+00:00,30,144,143,143.066666666667
SIM1,2025-09-06T08:00:00+00:00,30,143,141,141.633333333333
SIM1,2025-09-06T08:15:00+00:00,30,143,143,143
SIM1,2025-09-06T08:30:00+00:00,30,140,140,140
SIM1,2025-09-06T08:45:00+00:00,30,143,142,142.7
SIM1,2025-09-06T09:00:00+00:00,30,143,142,142.3
SIM1,2025-09-06T09:15:00+00:00,30,140,139,139.5
SIM1,2025-09-06T09:30:00+00:00,30,142,141,141.266666666667
SIM1,2025-09-06T09:45:00+00:00,30,141,139,140.466666666667
SIM1,2025-09-06T10:00:00+00:00,30,144,142,143.033333333333
SIM1,2025-09-06T10:15:00+00:00,30,143,140,141.233333333333
SIM1,2025-09-06T10:30:00+00:00,30,141,98,111.633333333333
SIM1,2025-09-06T10:45:00+00:00,30,143,101,113.933333333333
SIM1,2025-09-06T11:00:00+00:00,30,143,140,141.6
SIM1,2025-09-06T11:15:00+00:00,30,106,102,104.166666666667
SIM1,2025-09-06T11:30:00+00:00,30,139,101,125.633333333333
SIM1,2025-09-06T11:45:00+00:00,30,142,140,141.2
SIM1,2025-09-06T12:00:00+00:00,30,98,95,97
SIM1,2025-09-06T12:15:00+00:00,30,105,101,102.5
SIM1,2025-09-06T12:30:00+00:00,30,144,143,143.8
SIM1,2025-09-06T12:45:00+00:00,30,142,138,140.5
SIM1,2025-09-06T13:00:00+00:00,30,141,134,137.333333333333
SIM1,2025-09-06T13:15:00+00:00,30,101,99,100
SIM1,2025-09-06T13:30:00+00:00,30,99,97,97.6333333333333
SIM1,2025-09-06T13:45:00+00:00,30,143,103,125.9
SIM1,2025-09-06T14:00:00+00:00,30,110,103,105.4
SIM1,2025-09-06T14:15:00+00:00,30,137,102,109.333333333333
SIM1,2025-09-06T14:30:00+00:00,30,143,108,137.9
SIM1,2025-09-06T14:45:00+00:00,30,142,141,141.333333333333
SIM1,2025-09-06T15:00:00+00:00,30,106,100,102.866666666667
SIM1,2025-09-06T15:15:00+00:00,30,138,137,137.9
SIM1,2025-09-06T15:30:00+00:00,30,141,140,140.7
SIM1,2025-09-06T15:45:00+00:00,30,141,141,141
SIM1,2025-09-06T16:00:00+00:00,30,141,140,140.433333333333
SIM1,2025-09-06T16:15:00+00:00,30,140,139,139.533333333333
SIM1,2025-09-06T16:30:00+00:00,30,141,139,139.766666666667
SIM1,2025-09-06T16:45:00+00:00,30,142,141,141.766666666667
SIM1,2025-09-06T17:00:00+00:00,30,142,140,141.233333333333
SIM1,2025-09-06T17:15:00+00:00,30,140,140,140
SIM1,2025-09-06T17:30:00+00:00,30,142,142,142
SIM1,2025-09-06T17:45:00+00:00,30,142,141,141.133333333333
SIM1,2025-09-06T18:00:00+00:00,30,141,141,141
SIM1,2025-09-06T18:15:00+00:00,30,142,141,141.9
SIM1,2025-09-06T18:30:00+00:00,30,142,141,141.066666666667
SIM1,2025-09-06T18:45:00+00:00,30,141,141,141
SIM1,2025-09-06T19:00:00+00:00,30,142,142,142
SIM1,2025-09-06T19:15:00+00:00,30,136,136,136
SIM1,2025-09-06T19:30:00+00:00,30,124,124,124
SIM1,2025-09-06T19:45:00+00:00,30,109,106,108.166666666667
SIM1,2025-09-06T20:00:00+00:00,30,94,87,91.4
SIM1,2025-09-06T20:15:00+00:00,30,105,101,102.566666666667
SIM1,2025-09-06T20:30:00+00:00,30,85,59,79.0333333333333
SIM1,2025-09-06T20:45:00+00:00,30,55,0,18.7666666666667
SIM1,2025-09-06T21:00:00+00:00,30,107,106,106.8
SIM1,2025-09-06T21:15:00+00:00,30,112,107,109.866666666667
SIM1,2025-09-06T21:30:00+00:00,30,112,101,106.233333333333
SIM1,2025-09-06T21:45:00+00:00,30,0,0,0
SIM1,2025-09-06T22:00:00+00:00,30,0,0,0
SIM1,2025-09-06T22:15:00+00:00,30,89,85,87.4666666666667
SIM1,2025-09-06T22:30:00+00:00,30,102,100,100.966666666667
SIM1,2025-09-06T22:45:00+00:00,30,86,82,83.9333333333333
SIM1,2025-09-06T23:00:00+00:00,30,93,90,91.8
SIM1,2025-09-06T23:15:00+00:00,30,69,44,57.4666666666667
SIM1,2025-09-06T23:30:00+00:00,30,108,106,106.733333333333
SIM1,2025-09-06T23:45:00+00:00,30,100,98,98.8666666666667
SIM1,2025-09-07T00:00:00+00:00,30,97,94,96.1333333333333
SIM1,2025-09-07T00:15:00+00:00,30,102,98,100.2
SIM1,2025-09-07T00:30:00+00:00,30,114,111,112.6
SIM1,2025-09-07T00:45:00+00:00,30,95,92,93.5333333333333
SIM1,2025-09-07T01:00:00+00:00,30,61,59,59.5333333333333
SIM1,2025-09-07T01:15:00+00:00,30,103,102,102.066666666667
SIM1,2025-09-07T01:30:00+00:00,30,110,107,109.533333333333
SIM1,2025-09-07T01:45:00+00:00,30,84,83,83.4666666666667
SIM1,2025-09-07T02:00:00+00:00,30,97,96,96.4
SIM1,2025-09-07T02:15:00+00:00,30,79,77,77.9666666666667
SIM1,2025-09-07T02:30:00+00:00,30,91,90,90.4
SIM1,2025-09-07T02:45:00+00:00,30,64,64,64
SIM1,2025-09-07T03:00:00+00:00,30,92,91,91.7333333333333
SIM1,2025-09-07T03:15:00+00:00,30,83,82,82.7
SIM1,2025-09-07T03:30:00+00:00,30,74,74,74
SIM1,2025-09-07T03:45:00+00:00,30,98,98,98
SIM1,2025-09-07T04:00:00+00:00,30,99,96,97.8
SIM1,2025-09-07T04:15:00+00:00,30,109,108,108.366666666667
SIM1,2025-09-07T04:30:00+00:00,30,103,102,102.233333333333
SIM1,2025-09-07T04:45:00+00:00,30,104,103,103.033333333333
SIM1,2025-09-07T05:00:00+00:00,30,85,84,84.8666666666667
SIM1,2025-09-07T05:15:00+00:00,30,101,100,100.4
SIM1,2025-09-07T05:30:00+00:00,30,0,0,0
SIM1,2025-09-07T05:45:00+00:00,30,145,145,145
SIM1,2025-09-07T06:00:00+00:00,30,103,103,103
SIM1,2025-09-07T06:15:00+00:00,30,142,140,141.533333333333
SIM1,2025-09-07T06:30:00+00:00,30,108,104,105.3
SIM1,2025-09-07T06:45:00+00:00,30,142,141,141.9
SIM1,2025-09-07T07:00:00+00:00,30,142,142,142
SIM1,2025-09-07T07:15:00+00:00,30,139,138,138.966666666667
SIM1,2025-09-07T07:30:00+00:00,30,139,107,121.633333333333
SIM1,2025-09-07T07:45:00+00:00,30,101,98,99.8
SIM1,2025-09-07T08:00:00+00:00,30,97,96,96.7
SIM1,2025-09-07T08:15:00+00:00,30,102,99,100.8
SIM1,2025-09-07T08:30:00+00:00,30,140,138,138.6
SIM1,2025-09-07T08:45:00+00:00,30,113,109,110.766666666667
SIM1,2025-09-07T09:00:00+00:00,30,138,112,120.166666666667
SIM1,2025-09-07T09:15:00+00:00,30,137,114,133.333333333333
SIM1,2025-09-07T09:30:00+00:00,30,140,140,140
SIM1,2025-09-07T09:45:00+00:00,30,141,139,139.2
SIM1,2025-09-07T10:00:00+00:00,30,140,140,140
SIM1,2025-09-07T10:15:00+00:00,30,143,143,143
SIM1,2025-09-07T10:30:00+00:00,30,142,141,141.366666666667
SIM1,2025-09-07T10:45:00+00:00,30,142,141,141.2
SIM1,2025-09-07T11:00:00+00:00,30,145,145,145
SIM1,2025-09-07T11:15:00+00:00,30,143,143,143
SIM1,2025-09-07T11:30:00+00:00,30,142,142,142
SIM1,2025-09-07T11:45:00+00:00,30,143,142,142.4
SIM1,2025-09-07T12:00:00+00:00,30,140,139,139.666666666667
SIM1,2025-09-07T12:15:00+00:00,30,139,137,137.966666666667
SIM1,2025-09-07T12:30:00+00:00,30,97,96,96.0666666666667
SIM1,2025-09-07T12:45:00+00:00,30,143,142,142.2
SIM1,2025-09-07T13:00:00+00:00,30,99,97,97.6
SIM1,2025-09-07T13:15:00+00:00,30,99,98,98.2333333333333
SIM1,2025-09-07T13:30:00+00:00,30,141,104,129.833333333333
SIM1,2025-09-07T13:45:00+00:00,30,109,101,102.533333333333
SIM1,2025-09-07T14:00:00+00:00,30,102,98,100.033333333333
SIM1,2025-09-07T14:15:00+00:00,30,101,100,100.633333333333
SIM1,2025-09-07T14:30:00+00:00,30,143,141,141.633333333333
SIM1,2025-09-07T14:45:00+00:00,30,100,98,98.6
SIM1,2025-09-07T15:00:00+00:00,30,96,95,95.3333333333333
SIM1,2025-09-07T15:15:00+00:00,30,105,101,102.6
SIM1,2025-09-07T15:30:00+00:00,30,107,103,104.866666666667
SIM1,2025-09-07T15:45:00+00:00,30,99,97,98.1333333333333
SIM1,2025-09-07T16:00:00+00:00,30,102,102,102
SIM1,2025-09-07T16:15:00+00:00,30,107,102,104.833333333333
SIM1,2025-09-07T16:30:00+00:00,30,104,102,102.366666666667
SIM1,2025-09-07T16:45:00+00:00,30,143,143,143
SIM1,2025-09-07T17:00:00+00:00,30,110,105,106.533333333333
SIM1,2025-09-07T17:15:00+00:00,30,142,141,141.3
SIM1,2025-09-07T17:30:00+00:00,30,141,107,114.766666666667
SIM1,2025-09-07T17:45:00+00:00,30,106,103,104.066666666667
SIM1,2025-09-07T18:00:00+00:00,30,101,100,100.4
SIM1,2025-09-07T18:15:00+00:00,30,111,106,107.933333333333
SIM1,2025-09-07T18:30:00+00:00,30,101,99,100.033333333333
SIM1,2025-09-07T18:45:00+00:00,30,105,103,104.4
SIM1,2025-09-07T19:00:00+00:00,30,140,113,139.066666666667
SIM1,2025-09-07T19:15:00+00:00,30,143,103,116.433333333333
SIM1,2025-09-07T19:30:00+00:00,30,75,74,74.8
SIM1,2025-09-07T19:45:00+00:00,30,106,105,105.6
SIM1,2025-09-07T20:00:00+00:00,30,88,81,83.7666666666667
SIM1,2025-09-07T20:15:00+00:00,30,90,52,75.3333333333333
SIM1,2025-09-07T20:30:00+00:00,30,86,77,81.6
SIM1,2025-09-07T20:45:00+00:00,30,102,98,100.433333333333
SIM1,2025-09-07T21:00:00+00:00,30,104,97,100.4
SIM1,2025-09-07T21:15:00+00:00,30,104,102,103
SIM1,2025-09-07T21:30:00+00:00,30,92,85,89.1333333333333
SIM1,2025-09-07T21:45:00+00:00,30,0,0,0
SIM1,2025-09-07T22:00:00+00:00,30,105,103,104.033333333333
SIM1,2025-09-07T22:15:00+00:00,30,101,94,96.4333333333333
SIM1,2025-09-07T22:30:00+00:00,30,108,105,106.566666666667
SIM1,2025-09-07T22:45:00+00:00,30,103,97,101.3
SIM1,2025-09-07T23:00:00+00:00,30,93,90,92.2333333333333
SIM1,2025-09-07T23:15:00+00:00,30,114,112,113.033333333333
SIM1,2025-09-07T23:30:00+00:00,30,117,115,115.7
SIM1,2025-09-07T23:45:00+00:00,30,116,114,115.433333333333
SIM1,2025-09-08T00:00:00+00:00,30,119,118,118.733333333333
SIM1,2025-09-08T00:15:00+00:00,30,113,112,112.666666666667
SIM1,2025-09-08T00:30:00+00:00,30,120,117,118.8
SIM1,2025-09-08T00:45:00+00:00,30,105,102,103.533333333333
SIM1,2025-09-08T01:00:00+00:00,30,114,110,111.633333333333
SIM1,2025-09-08T01:15:00+00:00,30,137,132,135.433333333333
SIM1,2025-09-08T01:30:00+00:00,30,116,105,111.2
SIM1,2025-09-08T01:45:00+00:00,30,106,93,102.166666666667
SIM1,2025-09-08T02:00:00+00:00,30,74,11,37.4
SIM1,2025-09-08T02:15:00+00:00,30,0,0,0
SIM1,2025-09-08T02:30:00+00:00,30,99,91,94.0333333333333
SIM1,2025-09-08T02:45:00+00:00,30,27,0,3.76666666666667
SIM1,2025-09-08T03:00:00+00:00,30,81,0,19.5
SIM1,2025-09-08T03:15:00+00:00,30,0,0,0
SIM1,2025-09-08T03:30:00+00:00,30,109,107,108.5
SIM1,2025-09-08T03:45:00+00:00,30,97,85,90.7666666666667
SIM1,2025-09-08T04:00:00+00:00,30,101,86,93.9333333333333
SIM1,2025-09-08T04:15:00+00:00,30,96,45,79.1666666666667
SIM1,2025-09-08T04:30:00+00:00,30,55,0,23.8
SIM1,2025-09-08T04:45:00+00:00,30,0,0,0
SIM1,2025-09-08T05:00:00+00:00,30,85,13,63.4333333333333
SIM1,2025-09-08T05:15:00+00:00,30,101,96,98.7666666666667
SIM1,2025-09-08T05:30:00+00:00,30,137,135,136
SIM1,2025-09-08T05:45:00+00:00,30,144,143,143.3
SIM1,2025-09-08T06:00:00+00:00,30,142,141,141.733333333333
SIM1,2025-09-08T06:15:00+00:00,30,144,143,143.766666666667
SIM1,2025-09-08T06:30:00+00:00,30,144,143,143.566666666667
SIM1,2025-09-08T06:45:00+00:00,30,146,145,145.133333333333
SIM1,2025-09-08T07:00:00+00:00,30,142,141,141.6
SIM1,2025-09-08T07:15:00+00:00,30,144,143,143.533333333333
SIM1,2025-09-08T07:30:00+00:00,30,140,140,140
SIM1,2025-09-08T07:45:00+00:00,30,143,142,142.1
SIM1,2025-09-08T08:00:00+00:00,30,144,143,143.466666666667
SIM1,2025-09-08T08:15:00+00:00,30,143,142,142.933333333333
SIM1,2025-09-08T08:30:00+00:00,30,145,143,144.033333333333
SIM1,2025-09-08T08:45:00+00:00,30,145,143,144.266666666667
SIM1,2025-09-08T09:00:00+00:00,30,145,144,144.466666666667
SIM1,2025-09-08T09:15:00+00:00,30,146,142,144.8
SIM1,2025-09-08T09:30:00+00:00,30,140,139,139.366666666667
SIM1,2025-09-08T09:45:00+00:00,30,141,140,140.533333333333
SIM1,2025-09-08T10:00:00+00:00,30,108,102,104.9
SIM1,2025-09-08T10:15:00+00:00,30,96,94,95.1333333333333
SIM1,2025-09-08T10:30:00+00:00,30,139,101,110.2
SIM1,2025-09-08T10:45:00+00:00,30,108,101,102.733333333333
SIM1,2025-09-08T11:00:00+00:00,30,142,110,139.866666666667
SIM1,2025-09-08T11:15:00+00:00,30,143,142,142.133333333333
SIM1,2025-09-08T11:30:00+00:00,30,143,141,142.133333333333
SIM1,2025-09-08T11:45:00+00:00,30,141,140,140.4
SIM1,2025-09-08T12:00:00+00:00,30,139,138,138.7
SIM1,2025-09-08T12:15:00+00:00,30,100,99,99.6
SIM1,2025-09-08T12:30:00+00:00,30,142,141,141.133333333333
SIM1,2025-09-08T12:45:00+00:00,30,139,138,138.6
SIM1,2025-09-08T13:00:00+00:00,30,143,113,128.033333333333
SIM1,2025-09-08T13:15:00+00:00,30,143,142,142.5
SIM1,2025-09-08T13:30:00+00:00,30,140,107,116.333333333333
SIM1,2025-09-08T13:45:00+00:00,30,139,101,110.733333333333
SIM1,2025-09-08T14:00:00+00:00,30,95,91,94
SIM1,2025-09-08T14:15:00+00:00,30,101,99,99.8
SIM1,2025-09-08T14:30:00+00:00,30,99,98,98.0333333333333
SIM1,2025-09-08T14:45:00+00:00,30,111,106,109.4
SIM1,2025-09-08T15:00:00+00:00,30,105,102,102.766666666667
SIM1,2025-09-08T15:15:00+00:00,30,143,141,142.466666666667
SIM1,2025-09-08T15:30:00+00:00,30,99,97,97.5666666666667
SIM1,2025-09-08T15:45:00+00:00,30,104,102,102.866666666667
SIM1,2025-09-08T16:00:00+00:00,30,105,103,103.6
SIM1,2025-09-08T16:15:00+00:00,30,142,115,133.5
SIM1,2025-09-08T16:30:00+00:00,30,146,145,145.733333333333
SIM1,2025-09-08T16:45:00+00:00,30,140,137,139.2
SIM1,2025-09-08T17:00:00+00:00,30,145,142,143.6
SIM1,2025-09-08T17:15:00+00:00,30,147,145,145.866666666667
SIM1,2025-09-08T17:30:00+00:00,30,150,149,149.9
SIM1,2025-09-08T17:45:00+00:00,30,145,144,144.333333333333
SIM1,2025-09-08T18:00:00+00:00,30,143,143,143
SIM1,2025-09-08T18:15:00+00:00,30,145,143,143.7
SIM1,2025-09-08T18:30:00+00:00,30,145,144,144.566666666667
SIM1,2025-09-08T18:45:00+00:00,30,145,145,145
SIM1,2025-09-08T19:00:00+00:00,30,146,145,145.3
SIM1,2025-09-08T19:15:00+00:00,30,96,94,94.6
SIM1,2025-09-08T19:30:00+00:00,30,120,103,113.933333333333
SIM1,2025-09-08T19:45:00+00:00,30,110,106,108.6
SIM1,2025-09-08T20:00:00+00:00,30,114,98,105.133333333333
SIM1,2025-09-08T20:15:00+00:00,30,93,62,87.6333333333333
SIM1,2025-09-08T20:30:00+00:00,30,102,92,97.0333333333333
SIM1,2025-09-08T20:45:00+00:00,30,103,100,101.466666666667
SIM1,2025-09-08T21:00:00+00:00,30,88,69,77.5333333333333
SIM1,2025-09-08T21:15:00+00:00,30,0,0,0
SIM1,2025-09-08T21:30:00+00:00,30,78,3,37.1
SIM1,2025-09-08T21:45:00+00:00,30,2,0,0.0666666666666667
SIM1,2025-09-08T22:00:00+00:00,30,87,74,79.8666666666667
SIM1,2025-09-08T22:15:00+00:00,30,78,0,47.6333333333333
SIM1,2025-09-08T22:30:00+00:00,30,9,0,1.16666666666667
SIM1,2025-09-08T22:45:00+00:00,30,0,0,0
SIM1,2025-09-08T23:00:00+00:00,30,69,0,45
SIM1,2025-09-08T23:15:00+00:00,30,80,24,60.8333333333333
SIM1,2025-09-08T23:30:00+00:00,30,0,0,0
SIM1,2025-09-08T23:45:00+00:00,30,95,89,91.6666666666667
SIM1,2025-09-09T00:00:00+00:00,30,75,22,53.8666666666667
SIM1,2025-09-09T00:15:00+00:00,30,71,0,39
SIM1,2025-09-09T00:30:00+00:00,30,0,0,0
SIM1,2025-09-09T00:45:00+00:00,30,0,0,0
SIM1,2025-09-09T01:00:00+00:00,30,106,95,101.3
SIM1,2025-09-09T01:15:00+00:00,30,130,115,123.8
SIM1,2025-09-09T01:30:00+00:00,30,134,129,131.866666666667
SIM1,2025-09-09T01:45:00+00:00,30,133,128,130.233333333333
SIM1,2025-09-09T02:00:00+00:00,30,128,108,113.533333333333
SIM1,2025-09-09T02:15:00+00:00,30,133,116,128.533333333333
SIM1,2025-09-09T02:30:00+00:00,30,124,113,120.633333333333
SIM1,2025-09-09T02:45:00+00:00,30,129,110,120.4
SIM1,2025-09-09T03:00:00+00:00,30,124,119,122.2
SIM1,2025-09-09T03:15:00+00:00,30,133,131,131.733333333333
SIM1,2025-09-09T03:30:00+00:00,30,124,120,122.2
SIM1,2025-09-09T03:45:00+00:00,30,116,114,114.666666666667
SIM1,2025-09-09T04:00:00+00:00,30,121,117,118.566666666667
SIM1,2025-09-09T04:15:00+00:00,30,124,121,122.633333333333
SIM1,2025-09-09T04:30:00+00:00,30,123,120,121.533333333333
SIM1,2025-09-09T04:45:00+00:00,30,115,113,113.466666666667
SIM1,2025-09-09T05:00:00+00:00,30,114,112,112.966666666667
SIM1,2025-09-09T05:15:00+00:00,30,117,106,113.333333333333
SIM1,2025-09-09T05:30:00+00:00,30,133,133,133
SIM1,2025-09-09T05:45:00+00:00,30,144,144,144
SIM1,2025-09-09T06:00:00+00:00,30,146,144,144.966666666667
SIM1,2025-09-09T06:15:00+00:00,30,144,143,143.866666666667
SIM1,2025-09-09T06:30:00+00:00,30,144,143,143.933333333333
SIM1,2025-09-09T06:45:00+00:00,30,143,142,142.933333333333
SIM1,2025-09-09T07:00:00+00:00,30,142,142,142
SIM1,2025-09-09T07:15:00+00:00,30,143,142,142.9
SIM1,2025-09-09T07:30:00+00:00,30,143,143,143
SIM1,2025-09-09T07:45:00+00:00,30,144,142,143.033333333333
SIM1,2025-09-09T08:00:00+00:00,30,144,143,143.733333333333
SIM1,2025-09-09T08:15:00+00:00,30,145,144,144.166666666667
SIM1,2025-09-09T08:30:00+00:00,30,144,143,143.666666666667
SIM1,2025-09-09T08:45:00+00:00,30,142,142,142
SIM1,2025-09-09T09:00:00+00:00,30,142,141,141.9
SIM1,2025-09-09T09:15:00+00:00,30,142,141,141.266666666667
SIM1,2025-09-09T09:30:00+00:00,30,140,139,139.366666666667
SIM1,2025-09-09T09:45:00+00:00,30,139,138,138.333333333333
SIM1,2025-09-09T10:00:00+00:00,30,140,139,139.633333333333
SIM1,2025-09-09T10:15:00+00:00,30,141,141,141
SIM1,2025-09-09T10:30:00+00:00,30,142,142,142
SIM1,2025-09-09T10:45:00+00:00,30,143,142,142.8
SIM1,2025-09-09T11:00:00+00:00,30,141,139,140.5
SIM1,2025-09-09T11:15:00+00:00,30,142,141,141.5
SIM1,2025-09-09T11:30:00+00:00,30,143,142,142.466666666667
SIM1,2025-09-09T11:45:00+00:00,30,145,144,144.6
SIM1,2025-09-09T12:00:00+00:00,30,140,139,139.966666666667
SIM1,2025-09-09T12:15:00+00:00,30,143,141,142.2
SIM1,2025-09-09T12:30:00+00:00,30,142,140,140.733333333333
SIM1,2025-09-09T12:45:00+00:00,30,143,139,140.866666666667
SIM1,2025-09-09T13:00:00+00:00,30,107,104,105.3
SIM1,2025-09-09T13:15:00+00:00,30,104,102,103.066666666667
SIM1,2025-09-09T13:30:00+00:00,30,105,102,103.333333333333
SIM1,2025-09-09T13:45:00+00:00,30,100,98,98.9
SIM1,2025-09-09T14:00:00+00:00,30,101,99,99.9333333333333
SIM1,2025-09-09T14:15:00+00:00,30,96,94,94.9666666666667
SIM1,2025-09-09T14:30:00+00:00,30,101,99,100
SIM1,2025-09-09T14:45:00+00:00,30,96,95,95.5333333333333
SIM1,2025-09-09T15:00:00+00:00,30,101,100,100.9
SIM1,2025-09-09T15:15:00+00:00,30,97,95,96.2333333333333
SIM1,2025-09-09T15:30:00+00:00,30,101,100,100.133333333333
SIM1,2025-09-09T15:45:00+00:00,30,102,100,101.233333333333
SIM1,2025-09-09T16:00:00+00:00,30,144,142,142.9
SIM1,2025-09-09T16:15:00+00:00,30,139,106,113.1
SIM1,2025-09-09T16:30:00+00:00,30,108,105,106.4
SIM1,2025-09-09T16:45:00+00:00,30,141,140,140.533333333333
SIM1,2025-09-09T17:00:00+00:00,30,145,144,144.533333333333
SIM1,2025-09-09T17:45:00+00:00,30,146,145,145.333333333333
SIM1,2025-09-09T18:15:00+00:00,30,145,145,145
SIM1,2025-09-09T18:30:00+00:00,30,145,144,144.766666666667
SIM1,2025-09-09T18:45:00+00:00,30,145,145,145
SIM1,2025-09-09T19:00:00+00:00,30,145,144,144.7
SIM1,2025-09-09T19:15:00+00:00,30,144,89,111.333333333333
SIM1,2025-09-09T19:30:00+00:00,30,125,123,124.1
SIM1,2025-09-09T19:45:00+00:00,30,118,114,115.933333333333
SIM1,2025-09-09T20:00:00+00:00,30,104,98,100.7
SIM1,2025-09-09T20:15:00+00:00,30,97,94,95.2333333333333
SIM1,2025-09-09T20:30:00+00:00,30,71,15,41.5333333333333
SIM1,2025-09-09T20:45:00+00:00,30,29,0,7.6
SIM1,2025-09-09T21:00:00+00:00,30,63,0,13.6
SIM1,2025-09-09T21:15:00+00:00,30,92,87,89.2
SIM1,2025-09-09T21:30:00+00:00,30,103,95,99.2
SIM1,2025-09-09T21:45:00+00:00,30,98,90,93.7333333333333
SIM1,2025-09-09T22:00:00+00:00,30,7,0,0.533333333333333
SIM1,2025-09-09T22:15:00+00:00,30,90,30,69.0666666666667
SIM1,2025-09-09T22:30:00+00:00,30,68,0,37.1333333333333
SIM1,2025-09-09T22:45:00+00:00,30,86,11,71
SIM1,2025-09-09T23:00:00+00:00,30,35,0,11.6666666666667
SIM1,2025-09-09T23:15:00+00:00,30,75,20,60.9
SIM1,2025-09-09T23:30:00+00:00,30,8,0,1.53333333333333
SIM1,2025-09-11T00:30:00+00:00,30,69,11,42.9333333333333
SIM1,2025-09-11T00:45:00+00:00,30,40,30,35.4333333333333
SIM1,2025-09-11T01:00:00+00:00,30,111,106,109.4
SIM1,2025-09-11T01:15:00+00:00,30,114,101,108.5
SIM1,2025-09-11T01:30:00+00:00,30,105,84,93.8666666666667
SIM1,2025-09-11T01:45:00+00:00,30,103,99,101.466666666667
SIM1,2025-09-11T02:00:00+00:00,30,99,86,94.3333333333333
SIM1,2025-09-11T02:15:00+00:00,30,120,113,116.766666666667
SIM1,2025-09-11T02:30:00+00:00,30,95,91,93.3666666666667
SIM1,2025-09-11T02:45:00+00:00,30,98,88,92.0333333333333
SIM1,2025-09-11T03:00:00+00:00,30,30,0,20.9333333333333
SIM1,2025-09-11T03:15:00+00:00,30,90,69,83.1666666666667
SIM1,2025-09-11T03:30:00+00:00,30,95,91,93.1
SIM1,2025-09-11T03:45:00+00:00,30,105,78,98.0333333333333
SIM1,2025-09-11T04:00:00+00:00,30,106,96,102.466666666667
SIM1,2025-09-11T04:15:00+00:00,30,101,93,96.5666666666667
SIM1,2025-09-11T04:30:00+00:00,30,91,74,87.1
SIM1,2025-09-11T04:45:00+00:00,30,99,95,96.2
SIM1,2025-09-11T05:00:00+00:00,30,116,113,114.166666666667
SIM1,2025-09-11T05:15:00+00:00,30,92,67,82.6
SIM1,2025-09-11T05:30:00+00:00,30,118,114,115.833333333333
SIM1,2025-09-11T05:45:00+00:00,30,83,82,82.5333333333333
SIM1,2025-09-11T06:00:00+00:00,30,142,140,140.8
SIM1,2025-09-11T06:15:00+00:00,30,142,141,141.933333333333
SIM1,2025-09-11T06:30:00+00:00,30,141,140,140.133333333333
SIM1,2025-09-11T06:45:00+00:00,30,143,142,142.033333333333
SIM1,2025-09-11T07:00:00+00:00,30,141,140,140.966666666667
SIM1,2025-09-11T07:15:00+00:00,30,142,141,141.966666666667
SIM1,2025-09-11T07:30:00+00:00,30,138,137,137.966666666667
SIM1,2025-09-11T07:45:00+00:00,30,144,143,143.533333333333
SIM1,2025-09-11T08:00:00+00:00,30,142,142,142
SIM1,2025-09-11T08:15:00+00:00,30,140,138,139.333333333333
SIM1,2025-09-11T08:30:00+00:00,30,140,138,138.3
SIM1,2025-09-11T08:45:00+00:00,30,139,139,139
SIM1,2025-09-11T09:00:00+00:00,30,140,140,140
SIM1,2025-09-11T09:15:00+00:00,30,142,140,140.9
SIM1,2025-09-11T09:30:00+00:00,30,140,138,138.933333333333
SIM1,2025-09-11T09:45:00+00:00,30,139,139,139
SIM1,2025-09-11T10:00:00+00:00,30,141,140,140.9
SIM1,2025-09-11T10:15:00+00:00,30,140,139,139.5
SIM1,2025-09-11T10:30:00+00:00,30,144,142,142.966666666667
SIM1,2025-09-11T10:45:00+00:00,30,142,141,141.133333333333
SIM1,2025-09-11T11:00:00+00:00,30,144,143,143.566666666667
SIM1,2025-09-11T11:15:00+00:00,30,143,141,142.266666666667
SIM1,2025-09-11T11:30:00+00:00,30,141,140,140.2
SIM1,2025-09-11T11:45:00+00:00,30,144,143,143.333333333333
SIM1,2025-09-11T12:00:00+00:00,30,143,142,142.966666666667
SIM1,2025-09-11T12:15:00+00:00,30,138,138,138
SIM1,2025-09-11T12:30:00+00:00,30,141,140,140.533333333333
SIM1,2025-09-11T12:45:00+00:00,30,144,142,143.066666666667
SIM1,2025-09-11T13:00:00+00:00,30,141,139,139.8
SIM1,2025-09-11T13:15:00+00:00,30,140,113,130.133333333333
SIM1,2025-09-11T13:30:00+00:00,30,111,106,107.9
SIM1,2025-09-11T13:45:00+00:00,30,135,100,109.666666666667
SIM1,2025-09-11T14:00:00+00:00,30,95,93,93.9
SIM1,2025-09-11T14:15:00+00:00,30,100,98,99.1
SIM1,2025-09-11T14:30:00+00:00,30,101,98,99.6333333333333
SIM1,2025-09-11T14:45:00+00:00,30,138,136,136.866666666667
SIM1,2025-09-11T15:00:00+00:00,30,107,106,106.033333333333
SIM1,2025-09-11T15:15:00+00:00,30,102,100,101.5
SIM1,2025-09-11T15:30:00+00:00,30,107,104,104.933333333333
SIM1,2025-09-11T15:45:00+00:00,30,111,111,111
SIM1,2025-09-11T16:00:00+00:00,30,117,108,111.333333333333
SIM1,2025-09-11T16:15:00+00:00,30,147,146,146.233333333333
SIM1,2025-09-11T16:30:00+00:00,30,147,146,146.9
SIM1,2025-09-11T16:45:00+00:00,30,143,142,142.7
SIM1,2025-09-11T17:00:00+00:00,30,149,147,147.8
SIM1,2025-09-11T17:15:00+00:00,30,147,147,147
SIM1,2025-09-11T17:30:00+00:00,30,147,146,146.033333333333
SIM1,2025-09-11T17:45:00+00:00,30,144,144,144
SIM1,2025-09-11T18:00:00+00:00,30,145,144,144.9
SIM1,2025-09-11T18:15:00+00:00,30,147,146,146.1
SIM1,2025-09-11T18:30:00+00:00,30,145,143,144.666666666667
SIM1,2025-09-11T18:45:00+00:00,30,146,145,145.766666666667
SIM1,2025-09-11T19:00:00+00:00,30,147,146,146.366666666667
SIM1,2025-09-11T19:15:00+00:00,30,86,84,85.3333333333333
SIM1,2025-09-11T19:30:00+00:00,30,97,85,93.2333333333333
SIM1,2025-09-11T19:45:00+00:00,30,111,108,109.266666666667
SIM1,2025-09-11T20:00:00+00:00,30,28,12,15.9
SIM1,2025-09-11T20:15:00+00:00,30,90,48,70.8
SIM1,2025-09-11T20:30:00+00:00,30,69,37,59.4333333333333
SIM1,2025-09-11T20:45:00+00:00,30,37,21,30.4333333333333
SIM1,2025-09-11T21:00:00+00:00,30,89,86,87.9666666666667
SIM1,2025-09-11T21:15:00+00:00,30,103,92,97.7
SIM1,2025-09-11T21:30:00+00:00,30,88,49,70.4666666666667
SIM1,2025-09-11T21:45:00+00:00,30,0,0,0
SIM1,2025-09-11T22:00:00+00:00,30,93,88,91.3666666666667
SIM1,2025-09-11T22:15:00+00:00,30,96,91,94.6333333333333
SIM1,2025-09-11T22:30:00+00:00,30,0,0,0
SIM1,2025-09-11T22:45:00+00:00,30,0,0,0
SIM1,2025-09-11T23:00:00+00:00,30,0,0,0
SIM1,2025-09-11T23:15:00+00:00,30,0,0,0
SIM1,2025-09-11T23:30:00+00:00,30,0,0,0
SIM1,2025-09-11T23:45:00+00:00,30,0,0,0
SIM1,2025-09-12T00:00:00+00:00,30,0,0,0
SIM1,2025-09-12T00:15:00+00:00,30,0,0,0
SIM1,2025-09-12T00:30:00+00:00,30,0,0,0
SIM1,2025-09-12T00:45:00+00:00,30,0,0,0
SIM1,2025-09-12T01:00:00+00:00,30,5,0,0.433333333333333
SIM1,2025-09-12T01:15:00+00:00,30,51,0,41.1666666666667
SIM1,2025-09-12T01:30:00+00:00,30,0,0,0
SIM1,2025-09-12T01:45:00+00:00,30,73,32,51.3
SIM1,2025-09-12T02:00:00+00:00,30,0,0,0
SIM1,2025-09-12T02:15:00+00:00,30,31,0,8.2
SIM1,2025-09-12T02:30:00+00:00,30,0,0,0
SIM1,2025-09-12T02:45:00+00:00,30,0,0,0
SIM1,2025-09-12T03:00:00+00:00,30,0,0,0
SIM1,2025-09-12T03:15:00+00:00,30,0,0,0
SIM1,2025-09-12T03:30:00+00:00,30,0,0,0
SIM1,2025-09-12T03:45:00+00:00,30,14,0,4.33333333333333
SIM1,2025-09-12T04:00:00+00:00,30,0,0,0
SIM1,2025-09-12T04:15:00+00:00,30,0,0,0
SIM1,2025-09-12T04:30:00+00:00,30,0,0,0
SIM1,2025-09-12T04:45:00+00:00,30,0,0,0
SIM1,2025-09-12T05:00:00+00:00,30,0,0,0
SIM1,2025-09-12T05:15:00+00:00,30,0,0,0
SIM1,2025-09-12T05:30:00+00:00,30,137,137,137
SIM1,2025-09-12T05:45:00+00:00,30,144,143,143.7
SIM1,2025-09-12T06:00:00+00:00,30,145,144,144.033333333333
SIM1,2025-09-12T06:15:00+00:00,30,145,144,144.433333333333
SIM1,2025-09-12T06:30:00+00:00,30,144,144,144
SIM1,2025-09-12T06:45:00+00:00,30,144,144,144
SIM1,2025-09-12T07:00:00+00:00,30,142,142,142
SIM1,2025-09-12T07:15:00+00:00,30,143,143,143
SIM1,2025-09-12T07:30:00+00:00,30,142,141,141.9
SIM1,2025-09-12T07:45:00+00:00,30,142,140,140.8
SIM1,2025-09-12T08:00:00+00:00,30,144,144,144
SIM1,2025-09-12T08:15:00+00:00,30,141,141,141
SIM1,2025-09-12T08:30:00+00:00,30,143,143,143
SIM1,2025-09-12T08:45:00+00:00,30,142,141,141.966666666667
SIM1,2025-09-12T09:00:00+00:00,30,142,141,141.033333333333
SIM1,2025-09-12T09:15:00+00:00,30,141,139,140.366666666667
SIM1,2025-09-12T09:30:00+00:00,30,140,139,139.033333333333
SIM1,2025-09-12T09:45:00+00:00,30,140,140,140
SIM1,2025-09-12T10:00:00+00:00,30,139,138,138.733333333333
SIM1,2025-09-12T10:15:00+00:00,30,141,141,141
SIM1,2025-09-12T10:30:00+00:00,30,141,141,141
SIM1,2025-09-12T10:45:00+00:00,30,143,142,142.8
SIM1,2025-09-12T11:00:00+00:00,30,143,142,142.033333333333
SIM1,2025-09-12T11:15:00+00:00,30,141,139,139.8
SIM1,2025-09-12T11:30:00+00:00,30,141,140,140.5
SIM1,2025-09-12T11:45:00+00:00,30,140,139,139.066666666667
SIM1,2025-09-12T12:00:00+00:00,30,141,141,141
SIM1,2025-09-12T12:15:00+00:00,30,143,142,142.3
SIM1,2025-09-12T12:30:00+00:00,30,144,143,143.3
SIM1,2025-09-12T12:45:00+00:00,30,143,141,142.5
SIM1,2025-09-12T13:00:00+00:00,30,141,140,140.033333333333
SIM1,2025-09-12T13:15:00+00:00,30,137,135,135.966666666667
SIM1,2025-09-12T13:30:00+00:00,30,136,135,135.6
SIM1,2025-09-12T13:45:00+00:00,30,101,99,99.9333333333333
SIM1,2025-09-12T14:00:00+00:00,30,132,128,129.566666666667
SIM1,2025-09-12T14:15:00+00:00,30,101,97,98.9666666666667
SIM1,2025-09-12T14:30:00+00:00,30,152,151,151.566666666667
SIM1,2025-09-12T14:45:00+00:00,30,103,98,101.3
SIM1,2025-09-12T15:00:00+00:00,30,102,99,99.6333333333333
SIM1,2025-09-12T15:15:00+00:00,30,102,102,102
SIM1,2025-09-12T15:30:00+00:00,30,104,103,103.233333333333
SIM1,2025-09-12T15:45:00+00:00,30,109,107,107.533333333333
SIM1,2025-09-12T16:00:00+00:00,30,112,107,109.366666666667
SIM1,2025-09-12T16:15:00+00:00,30,148,146,147.1
SIM1,2025-09-12T16:30:00+00:00,30,144,143,143.333333333333
SIM1,2025-09-12T21:46:00+00:00,30,0,0,0
SIM1,2025-09-12T22:15:00+00:00,30,0,0,0
SIM1,2025-09-12T22:30:00+00:00,30,0,0,0
SIM1,2025-09-12T22:45:00+00:00,30,0,0,0
SIM1,2025-09-12T23:00:00+00:00,30,0,0,0
SIM1,2025-09-12T23:15:00+00:00,30,0,0,0
SIM1,2025-09-12T23:30:00+00:00,30,0,0,0
SIM1,2025-09-12T23:45:00+00:00,30,0,0,0
SIM1,2025-09-13T00:00:00+00:00,30,0,0,0
SIM1,2025-09-13T00:15:00+00:00,30,0,0,0
SIM1,2025-09-13T00:45:00+00:00,30,0,0,0
SIM1,2025-09-13T01:45:00+00:00,30,0,0,0
SIM1,2025-09-13T02:15:00+00:00,30,13,0,2.93333333333333
SIM1,2025-09-13T03:00:00+00:00,30,0,0,0
SIM1,2025-09-13T03:15:00+00:00,1,0,0,0
SIM1,2025-09-13T03:45:00+00:00,30,0,0,0
SIM1,2025-09-13T04:00:00+00:00,30,70,0,38.3666666666667
SIM1,2025-09-13T04:30:00+00:00,30,10,0,1.53333333333333
SIM1,2025-09-13T04:46:00+00:00,30,0,0,0
SIM1,2025-09-13T05:15:00+00:00,30,105,73,86.2333333333333
SIM1,2025-09-13T05:30:00+00:00,30,135,134,134.066666666667
SIM1,2025-09-13T05:45:00+00:00,30,132,128,130.666666666667
SIM1,2025-09-13T06:00:00+00:00,30,145,145,145
SIM1,2025-09-13T06:15:00+00:00,30,143,142,142.5
SIM1,2025-09-13T06:31:00+00:00,30,142,142,142
SIM1,2025-09-13T06:45:00+00:00,30,97,96,96.3
SIM1,2025-09-13T07:00:00+00:00,30,142,140,140.866666666667
SIM1,2025-09-13T07:15:00+00:00,30,141,139,139.9
SIM1,2025-09-13T07:30:00+00:00,30,107,102,104.1
SIM1,2025-09-13T07:45:00+00:00,30,96,95,95.1333333333333
SIM1,2025-09-13T08:00:00+00:00,30,90,88,89.6666666666667
SIM1,2025-09-13T08:15:00+00:00,30,95,93,93.9666666666667
SIM1,2025-09-13T08:30:00+00:00,30,91,89,90
SIM1,2025-09-13T08:45:00+00:00,30,96,94,94.9
SIM1,2025-09-13T09:00:00+00:00,30,140,140,140
SIM1,2025-09-13T09:15:00+00:00,30,143,142,142.5
SIM1,2025-09-13T09:30:00+00:00,30,142,142,142
SIM1,2025-09-13T09:45:00+00:00,30,141,140,140.2
SIM1,2025-09-13T10:00:00+00:00,30,143,142,142.666666666667
SIM1,2025-09-13T10:15:00+00:00,30,141,140,140.666666666667
SIM1,2025-09-13T10:30:00+00:00,30,142,141,141.933333333333
SIM1,2025-09-13T10:45:00+00:00,30,143,142,142.833333333333
SIM1,2025-09-13T11:00:00+00:00,30,145,144,144.466666666667
SIM1,2025-09-13T11:15:00+00:00,30,140,140,140
SIM1,2025-09-13T11:30:00+00:00,30,142,141,141.066666666667
SIM1,2025-09-13T11:45:00+00:00,30,143,141,142.5
SIM1,2025-09-13T12:00:00+00:00,30,142,141,141.4
SIM1,2025-09-13T12:15:00+00:00,30,143,142,142.5
SIM1,2025-09-13T12:30:00+00:00,30,143,142,142.5
SIM1,2025-09-13T12:45:00+00:00,30,141,140,140.033333333333
SIM1,2025-09-13T13:00:00+00:00,30,140,138,138.866666666667
SIM1,2025-09-13T13:15:00+00:00,30,141,140,140.766666666667
SIM1,2025-09-13T13:30:00+00:00,30,143,142,142.033333333333
SIM1,2025-09-13T13:45:00+00:00,30,142,141,141.4
SIM1,2025-09-13T14:00:00+00:00,30,143,141,142
SIM1,2025-09-13T14:15:00+00:00,30,146,144,145.066666666667
SIM1,2025-09-13T14:30:00+00:00,30,104,102,103.366666666667
SIM1,2025-09-13T14:45:00+00:00,30,143,141,141.566666666667
SIM1,2025-09-13T15:00:00+00:00,30,143,142,142.766666666667
SIM1,2025-09-13T15:15:00+00:00,30,145,144,144.333333333333
SIM1,2025-09-13T15:30:00+00:00,30,145,144,144.933333333333
SIM1,2025-09-13T15:45:00+00:00,30,101,99,99.7666666666667
SIM1,2025-09-13T16:00:00+00:00,30,99,97,98.1666666666667
SIM1,2025-09-13T16:15:00+00:00,30,150,148,148.266666666667
SIM1,2025-09-13T16:30:00+00:00,30,146,145,145.333333333333
SIM1,2025-09-13T16:45:00+00:00,30,146,145,145.066666666667
SIM1,2025-09-13T17:00:00+00:00,30,144,144,144
SIM1,2025-09-13T17:15:00+00:00,30,146,145,145.066666666667
SIM1,2025-09-13T17:30:00+00:00,30,146,145,145.266666666667
SIM1,2025-09-13T17:45:00+00:00,30,145,145,145
SIM1,2025-09-13T18:00:00+00:00,30,146,146,146
SIM1,2025-09-13T18:15:00+00:00,30,146,145,145.2
SIM1,2025-09-13T18:30:00+00:00,30,145,145,145
SIM1,2025-09-13T18:45:00+00:00,30,145,145,145
SIM1,2025-09-13T19:00:00+00:00,30,148,146,146.6
SIM1,2025-09-13T19:15:00+00:00,30,86,84,84.8666666666667
SIM1,2025-09-13T19:30:00+00:00,30,71,0,16.4666666666667
SIM1,2025-09-13T19:45:00+00:00,30,0,0,0
SIM1,2025-09-13T20:00:00+00:00,30,0,0,0
SIM1,2025-09-13T20:15:00+00:00,30,0,0,0
SIM1,2025-09-13T20:30:00+00:00,30,0,0,0
SIM1,2025-09-13T20:45:00+00:00,30,0,0,0
SIM1,2025-09-13T21:00:00+00:00,30,0,0,0
SIM1,2025-09-13T21:15:00+00:00,30,0,0,0
SIM1,2025-09-13T21:30:00+00:00,30,0,0,0
SIM1,2025-09-13T21:45:00+00:00,30,0,0,0
SIM1,2025-09-13T22:00:00+00:00,30,0,0,0
SIM1,2025-09-13T22:15:00+00:00,30,0,0,0
SIM1,2025-09-13T22:30:00+00:00,30,0,0,0
SIM1,2025-09-13T22:45:00+00:00,30,0,0,0
SIM1,2025-09-13T23:00:00+00:00,30,0,0,0
SIM1,2025-09-13T23:15:00+00:00,30,0,0,0
SIM1,2025-09-13T23:30:00+00:00,30,0,0,0
SIM1,2025-09-13T23:45:00+00:00,30,0,0,0
SIM1,2025-09-14T00:00:00+00:00,30,0,0,0
SIM1,2025-09-14T00:15:00+00:00,30,0,0,0
SIM1,2025-09-14T00:30:00+00:00,30,0,0,0
SIM1,2025-09-14T01:00:00+00:00,30,0,0,0
SIM1,2025-09-14T01:15:00+00:00,30,0,0,0
SIM1,2025-09-14T01:30:00+00:00,30,0,0,0
SIM1,2025-09-14T01:45:00+00:00,30,0,0,0
SIM1,2025-09-14T02:00:00+00:00,30,0,0,0
SIM1,2025-09-14T02:15:00+00:00,30,0,0,0
SIM1,2025-09-14T02:30:00+00:00,30,0,0,0
SIM1,2025-09-14T02:45:00+00:00,30,0,0,0
SIM1,2025-09-14T03:00:00+00:00,30,0,0,0
SIM1,2025-09-14T03:15:00+00:00,30,0,0,0
SIM1,2025-09-14T03:30:00+00:00,30,0,0,0
SIM1,2025-09-14T03:45:00+00:00,30,0,0,0
SIM1,2025-09-14T04:00:00+00:00,30,0,0,0
SIM1,2025-09-14T04:15:00+00:00,30,0,0,0
SIM1,2025-09-14T04:30:00+00:00,30,0,0,0
SIM1,2025-09-14T04:45:00+00:00,30,0,0,0
SIM1,2025-09-14T05:00:00+00:00,30,0,0,0
SIM1,2025-09-14T05:15:00+00:00,30,0,0,0
SIM1,2025-09-14T05:30:00+00:00,30,74,11,54.7666666666667
SIM1,2025-09-14T05:45:00+00:00,30,136,134,134.366666666667
SIM1,2025-09-14T06:00:00+00:00,30,146,145,145.766666666667
SIM1,2025-09-14T06:15:00+00:00,30,140,140,140
SIM1,2025-09-14T06:30:00+00:00,30,139,139,139
SIM1,2025-09-14T06:45:00+00:00,30,142,142,142
SIM1,2025-09-14T07:00:00+00:00,30,142,141,141.2
SIM1,2025-09-14T07:15:00+00:00,30,141,140,140.933333333333
SIM1,2025-09-14T07:30:00+00:00,30,143,142,142.966666666667
SIM1,2025-09-14T07:45:00+00:00,30,143,142,142.6
SIM1,2025-09-14T08:00:00+00:00,30,142,140,140.833333333333
SIM1,2025-09-14T08:15:00+00:00,30,141,140,140.566666666667
SIM1,2025-09-14T08:30:00+00:00,30,142,142,142
SIM1,2025-09-14T08:45:00+00:00,30,141,140,140.566666666667
SIM1,2025-09-14T09:00:00+00:00,30,142,140,141.4
SIM1,2025-09-14T09:15:00+00:00,30,143,142,142.833333333333
SIM1,2025-09-14T09:30:00+00:00,30,142,141,141.6
SIM1,2025-09-14T09:45:00+00:00,30,141,141,141
SIM1,2025-09-14T10:00:00+00:00,30,142,141,141.133333333333
SIM1,2025-09-14T10:15:00+00:00,30,140,139,139.566666666667
SIM1,2025-09-14T10:30:00+00:00,30,139,138,138.333333333333
SIM1,2025-09-14T10:45:00+00:00,30,139,137,138.033333333333
SIM1,2025-09-14T11:00:00+00:00,30,139,137,137.9
SIM1,2025-09-14T11:15:00+00:00,30,141,140,140.066666666667
SIM1,2025-09-14T11:30:00+00:00,30,141,140,140.333333333333
SIM1,2025-09-14T11:45:00+00:00,30,141,140,140.233333333333
SIM1,2025-09-14T12:00:00+00:00,30,139,137,138.266666666667
SIM1,2025-09-14T12:15:00+00:00,30,140,138,139.2
SIM1,2025-09-14T12:30:00+00:00,30,136,127,134.266666666667
SIM1,2025-09-14T12:45:00+00:00,30,138,138,138
SIM1,2025-09-14T13:00:00+00:00,30,140,110,137.533333333333
SIM1,2025-09-14T13:15:00+00:00,30,136,133,135.033333333333
SIM1,2025-09-14T13:30:00+00:00,30,143,142,142.966666666667
SIM1,2025-09-14T13:45:00+00:00,30,95,93,94.1333333333333
SIM1,2025-09-14T14:00:00+00:00,30,142,141,141.166666666667
SIM1,2025-09-14T14:15:00+00:00,30,142,141,141.766666666667
SIM1,2025-09-14T14:30:00+00:00,30,150,145,147.233333333333
SIM1,2025-09-14T14:45:00+00:00,30,102,101,101.566666666667
SIM1,2025-09-14T15:00:00+00:00,30,143,142,142.233333333333
SIM1,2025-09-14T15:15:00+00:00,30,95,94,94.4
SIM1,2025-09-14T15:30:00+00:00,30,146,145,145.666666666667
SIM1,2025-09-14T15:45:00+00:00,30,101,99,100.366666666667
SIM1,2025-09-14T16:00:00+00:00,30,147,143,144.966666666667
SIM1,2025-09-14T16:15:00+00:00,30,143,141,142.1
SIM1,2025-09-14T16:30:00+00:00,30,141,140,140.9
SIM1,2025-09-14T16:45:00+00:00,30,147,145,145.766666666667
SIM1,2025-09-14T17:00:00+00:00,30,146,145,145.933333333333
SIM1,2025-09-14T17:15:00+00:00,30,143,142,142.333333333333
SIM1,2025-09-14T17:30:00+00:00,30,145,144,144.1
SIM1,2025-09-14T17:45:00+00:00,30,141,140,140.3
SIM1,2025-09-14T18:00:00+00:00,30,145,145,145
SIM1,2025-09-14T18:15:00+00:00,30,145,144,144.6
SIM1,2025-09-14T18:30:00+00:00,30,145,144,144.533333333333
SIM1,2025-09-14T18:45:00+00:00,30,145,144,144.2
SIM1,2025-09-14T19:00:00+00:00,30,149,147,148.166666666667
SIM1,2025-09-14T19:15:00+00:00,30,139,139,139
SIM1,2025-09-14T19:30:00+00:00,30,100,79,89.6666666666667
SIM1,2025-09-14T19:45:00+00:00,30,0,0,0
SIM1,2025-09-14T20:00:00+00:00,30,0,0,0
SIM1,2025-09-14T20:15:00+00:00,30,0,0,0
SIM1,2025-09-14T20:30:00+00:00,30,0,0,0
SIM1,2025-09-14T20:45:00+00:00,30,0,0,0
SIM1,2025-09-14T21:00:00+00:00,30,0,0,0
SIM1,2025-09-14T21:15:00+00:00,30,0,0,0
SIM1,2025-09-14T21:30:00+00:00,30,0,0,0
SIM1,2025-09-14T21:45:00+00:00,30,0,0,0
SIM1,2025-09-14T22:00:00+00:00,30,0,0,0
SIM1,2025-09-14T22:15:00+00:00,30,0,0,0
SIM1,2025-09-14T22:30:00+00:00,30,0,0,0
SIM1,2025-09-14T22:45:00+00:00,30,0,0,0
SIM1,2025-09-14T23:00:00+00:00,30,0,0,0
SIM1,2025-09-14T23:15:00+00:00,30,0,0,0
SIM1,2025-09-14T23:30:00+00:00,30,0,0,0
SIM1,2025-09-14T23:45:00+00:00,30,0,0,0
SIM1,2025-09-15T00:00:00+00:00,30,0,0,0
SIM1,2025-09-15T00:15:00+00:00,30,0,0,0
SIM1,2025-09-15T00:30:00+00:00,30,0,0,0
SIM1,2025-09-15T00:45:00+00:00,30,0,0,0
SIM1,2025-09-15T01:00:00+00:00,30,0,0,0
SIM1,2025-09-15T01:15:00+00:00,30,0,0,0
SIM1,2025-09-15T01:30:00+00:00,30,0,0,0
SIM1,2025-09-15T01:45:00+00:00,30,0,0,0
SIM1,2025-09-15T02:00:00+00:00,30,98,91,95.4666666666667
SIM1,2025-09-15T02:15:00+00:00,30,100,98,98.7333333333333
SIM1,2025-09-15T02:30:00+00:00,30,85,84,84.2666666666667
SIM1,2025-09-15T02:45:00+00:00,30,92,91,91.7666666666667
SIM1,2025-09-15T03:00:00+00:00,30,78,0,27.3666666666667
SIM1,2025-09-15T03:15:00+00:00,30,51,9,19.2666666666667
