camera_id,pas_de_temps,count sample,px max,px min,px moyen
SIM1,2025-09-28T13:15:00+00:00,30,3,0,0.5
SIM1,2025-09-28T13:30:00+00:00,30,41,38,39.8333333333333
SIM1,2025-09-28T13:45:00+00:00,30,0,0,0
SIM1,2025-09-28T14:00:00+00:00,30,0,0,0
SIM1,2025-09-28T14:15:00+00:00,30,0,0,0
SIM1,2025-09-28T14:30:00+00:00,30,0,0,0
SIM1,2025-09-28T14:45:00+00:00,30,0,0,0
SIM1,2025-09-28T15:00:00+00:00,30,2,0,0.3
SIM1,2025-09-28T15:15:00+00:00,30,0,0,0
SIM1,2025-09-28T15:30:00+00:00,30,0,0,0
SIM1,2025-09-28T15:45:00+00:00,30,0,0,0
SIM1,2025-09-28T16:00:00+00:00,30,0,0,0
SIM1,2025-09-28T16:30:00+00:00,30,0,0,0
SIM1,2025-09-28T16:45:00+00:00,30,0,0,0
SIM1,2025-09-28T17:00:00+00:00,30,0,0,0
SIM1,2025-09-28T17:15:00+00:00,30,0,0,0
SIM1,2025-09-28T17:30:00+00:00,30,0,0,0
SIM1,2025-09-28T17:45:00+00:00,30,0,0,0
SIM1,2025-09-28T18:00:00+00:00,30,0,0,0
SIM1,2025-09-28T18:15:00+00:00,30,0,0,0
SIM1,2025-09-28T18:30:00+00:00,30,0,0,0
SIM1,2025-09-28T18:45:00+00:00,30,0,0,0
SIM1,2025-09-28T19:00:00+00:00,30,0,0,0
SIM1,2025-09-28T19:15:00+00:00,30,0,0,0
SIM1,2025-09-28T19:30:00+00:00,30,0,0,0
SIM1,2025-09-28T19:45:00+00:00,30,0,0,0
SIM1,2025-09-28T20:00:00+00:00,30,0,0,0
SIM1,2025-09-28T20:15:00+00:00,30,0,0,0
SIM1,2025-09-28T20:30:00+00:00,30,0,0,0
SIM1,2025-09-28T20:45:00+00:00,30,0,0,0
SIM1,2025-09-28T21:00:00+00:00,30,0,0,0
SIM1,2025-09-28T21:15:00+00:00,30,0,0,0
SIM1,2025-09-28T21:30:00+00:00,30,0,0,0
SIM1,2025-09-28T21:45:00+00:00,30,6,0,0.4
SIM1,2025-09-28T22:00:00+00:00,30,0,0,0
SIM1,2025-09-28T22:15:00+00:00,30,0,0,0
SIM1,2025-09-28T22:30:00+00:00,30,0,0,0
SIM1,2025-09-28T22:45:00+00:00,30,0,0,0
SIM1,2025-09-28T23:00:00+00:00,30,0,0,0
SIM1,2025-09-28T23:15:00+00:00,30,0,0,0
SIM1,2025-09-28T23:30:00+00:00,30,0,0,0
SIM1,2025-09-28T23:45:00+00:00,30,0,0,0
SIM1,2025-09-29T00:00:00+00:00,30,0,0,0
SIM1,2025-09-29T00:15:00+00:00,30,0,0,0
SIM1,2025-09-29T00:30:00+00:00,30,0,0,0
SIM1,2025-09-29T00:45:00+00:00,30,0,0,0
SIM1,2025-09-29T01:00:00+00:00,30,0,0,0
SIM1,2025-09-29T01:15:00+00:00,30,0,0,0
SIM1,2025-09-29T01:30:00+00:00,30,0,0,0
SIM1,2025-09-29T01:45:00+00:00,30,0,0,0
SIM1,2025-09-29T02:00:00+00:00,30,0,0,0
SIM1,2025-09-29T02:15:00+00:00,30,0,0,0
SIM1,2025-09-29T02:30:00+00:00,30,0,0,0
SIM1,2025-09-29T02:45:00+00:00,30,0,0,0
SIM1,2025-09-29T03:00:00+00:00,30,0,0,0
SIM1,2025-09-29T03:15:00+00:00,30,0,0,0
SIM1,2025-09-29T03:30:00+00:00,30,0,0,0
SIM1,2025-09-29T03:45:00+00:00,30,0,0,0
SIM1,2025-09-29T04:00:00+00:00,30,0,0,0
SIM1,2025-09-29T04:15:00+00:00,30,0,0,0
SIM1,2025-09-29T04:30:00+00:00,30,0,0,0
SIM1,2025-09-29T04:45:00+00:00,30,0,0,0
SIM1,2025-10-04T20:20:00+00:00,30,0,0,0
SIM1,2025-10-04T20:25:00+00:00,30,0,0,0
SIM1,2025-10-04T20:30:00+00:00,30,5,0,1.06666666666667
SIM1,2025-10-04T20:40:00+00:00,30,0,0,0
SIM1,2025-10-04T20:50:00+00:00,30,0,0,0
SIM1,2025-10-04T20:55:00+00:00,30,2,0,0.2
SIM1,2025-10-04T21:25:00+00:00,30,0,0,0
SIM1,2025-10-05T00:15:00+00:00,30,1,0,0.1
SIM1,2025-10-05T00:25:00+00:00,30,8,7,7.06666666666667
SIM1,2025-10-05T00:30:00+00:00,30,12,8,10.2666666666667
SIM1,2025-10-05T00:35:00+00:00,30,0,0,0
SIM1,2025-10-05T00:45:00+00:00,30,8,7,7.23333333333333
SIM1,2025-10-05T01:00:00+00:00,30,10,6,6.86666666666667
SIM1,2025-10-05T01:15:00+00:00,30,10,9,9.8
SIM1,2025-10-05T01:30:00+00:00,30,7,1,5.23333333333333
SIM1,2025-10-05T01:45:00+00:00,30,11,0,8.93333333333333
SIM1,2025-10-05T02:00:00+00:00,30,0,0,0
SIM1,2025-10-05T02:15:00+00:00,30,0,0,0
SIM1,2025-10-05T02:30:00+00:00,30,0,0,0
SIM1,2025-10-05T02:45:00+00:00,30,0,0,0
SIM1,2025-10-05T03:00:00+00:00,30,0,0,0
SIM1,2025-10-05T03:15:00+00:00,30,0,0,0
SIM1,2025-10-05T03:30:00+00:00,30,0,0,0
SIM1,2025-10-05T03:45:00+00:00,30,0,0,0
SIM1,2025-10-05T04:00:00+00:00,30,0,0,0
SIM1,2025-10-05T04:15:00+00:00,30,0,0,0
SIM1,2025-10-05T04:30:00+00:00,30,0,0,0
SIM1,2025-10-05T04:45:00+00:00,30,0,0,0
SIM1,2025-10-06T19:00:00+00:00,30,0,0,0
SIM1,2025-10-06T19:15:00+00:00,30,0,0,0
SIM1,2025-10-06T19:30:00+00:00,30,0,0,0
SIM1,2025-10-06T19:45:00+00:00,30,0,0,0
SIM1,2025-10-06T20:00:00+00:00,30,0,0,0
SIM1,2025-10-06T20:15:00+00:00,30,0,0,0
SIM1,2025-10-06T20:30:00+00:00,30,0,0,0
SIM1,2025-10-06T20:45:00+00:00,30,0,0,0
SIM1,2025-10-06T21:00:00+00:00,30,0,0,0
SIM1,2025-10-06T21:15:00+00:00,30,0,0,0
SIM1,2025-10-06T21:30:00+00:00,30,0,0,0
SIM1,2025-10-06T21:45:00+00:00,30,0,0,0
SIM1,2025-10-06T22:00:00+00:00,30,0,0,0
SIM1,2025-10-06T22:15:00+00:00,30,0,0,0
SIM1,2025-10-06T22:30:00+00:00,30,0,0,0
SIM1,2025-10-06T22:45:00+00:00,30,0,0,0
SIM1,2025-10-06T23:00:00+00:00,30,0,0,0
SIM1,2025-10-06T23:15:00+00:00,30,0,0,0
SIM1,2025-10-06T23:30:00+00:00,30,0,0,0
SIM1,2025-10-06T23:45:00+00:00,30,0,0,0
SIM1,2025-10-07T00:00:00+00:00,30,0,0,0
SIM1,2025-10-07T00:15:00+00:00,30,0,0,0
SIM1,2025-10-07T00:30:00+00:00,30,0,0,0
SIM1,2025-10-07T00:45:00+00:00,30,0,0,0
SIM1,2025-10-07T01:00:00+00:00,30,0,0,0
SIM1,2025-10-07T01:15:00+00:00,30,0,0,0
SIM1,2025-10-07T01:30:00+00:00,30,0,0,0
SIM1,2025-10-07T01:45:00+00:00,30,0,0,0
SIM1,2025-10-07T02:00:00+00:00,30,0,0,0
SIM1,2025-10-07T02:15:00+00:00,30,3,0,0.1
SIM1,2025-10-07T02:30:00+00:00,30,0,0,0
SIM1,2025-10-07T02:45:00+00:00,30,0,0,0
SIM1,2025-10-07T03:00:00+00:00,30,0,0,0
SIM1,2025-10-07T03:15:00+00:00,30,0,0,0
SIM1,2025-10-07T03:30:00+00:00,30,0,0,0
SIM1,2025-10-07T03:45:00+00:00,30,0,0,0
SIM1,2025-10-07T04:00:00+00:00,30,0,0,0
SIM1,2025-10-07T04:15:00+00:00,30,0,0,0
SIM1,2025-10-07T04:30:00+00:00,30,0,0,0
SIM1,2025-10-07T04:45:00+00:00,30,0,0,0
SIM1,2025-10-11T14:15:00+00:00,30,0,0,0
SIM1,2025-10-11T14:30:00+00:00,30,0,0,0
SIM1,2025-10-11T14:45:00+00:00,30,0,0,0
SIM1,2025-10-11T15:00:00+00:00,30,0,0,0
SIM1,2025-10-11T15:15:00+00:00,30,0,0,0
SIM1,2025-10-11T15:30:00+00:00,30,0,0,0
SIM1,2025-10-11T15:45:00+00:00,30,0,0,0
SIM1,2025-10-11T16:00:00+00:00,30,0,0,0
SIM1,2025-10-11T16:15:00+00:00,30,0,0,0
SIM1,2025-10-11T16:30:00+00:00,30,0,0,0
SIM1,2025-10-11T16:45:00+00:00,30,0,0,0
SIM1,2025-10-11T17:00:00+00:00,30,0,0,0
SIM1,2025-10-11T17:15:00+00:00,30,0,0,0
SIM1,2025-10-11T17:30:00+00:00,30,0,0,0
SIM1,2025-10-11T17:45:00+00:00,30,0,0,0
SIM1,2025-10-11T18:00:00+00:00,30,0,0,0
SIM1,2025-10-11T18:15:00+00:00,30,0,0,0
SIM1,2025-10-11T18:30:00+00:00,30,0,0,0
SIM1,2025-10-11T18:45:00+00:00,30,0,0,0
SIM1,2025-10-11T19:00:00+00:00,30,0,0,0
SIM1,2025-10-11T19:15:00+00:00,30,0,0,0
SIM1,2025-10-11T19:30:00+00:00,30,0,0,0
SIM1,2025-10-11T19:45:00+00:00,30,0,0,0
SIM1,2025-10-11T20:00:00+00:00,30,0,0,0
SIM1,2025-10-11T20:15:00+00:00,30,0,0,0
SIM1,2025-10-11T20:30:00+00:00,30,0,0,0
SIM1,2025-10-11T20:45:00+00:00,30,0,0,0
SIM1,2025-10-11T21:00:00+00:00,30,0,0,0
SIM1,2025-10-11T21:15:00+00:00,30,0,0,0
SIM1,2025-10-11T21:30:00+00:00,30,0,0,0
SIM1,2025-10-11T21:45:00+00:00,30,0,0,0
SIM1,2025-10-11T22:00:00+00:00,30,0,0,0
SIM1,2025-10-11T22:15:00+00:00,30,0,0,0
SIM1,2025-10-11T22:30:00+00:00,30,0,0,0
SIM1,2025-10-11T22:45:00+00:00,30,0,0,0
SIM1,2025-10-11T23:00:00+00:00,30,0,0,0
SIM1,2025-10-11T23:15:00+00:00,30,0,0,0
SIM1,2025-10-11T23:30:00+00:00,30,0,0,0
SIM1,2025-10-11T23:45:00+00:00,30,0,0,0
SIM1,2025-10-12T00:00:00+00:00,30,0,0,0
SIM1,2025-10-12T00:15:00+00:00,30,0,0,0
SIM1,2025-10-12T00:30:00+00:00,30,0,0,0
SIM1,2025-10-12T00:45:00+00:00,30,0,0,0
SIM1,2025-10-12T01:00:00+00:00,30,0,0,0
SIM1,2025-10-12T01:15:00+00:00,30,0,0,0
SIM1,2025-10-12T01:30:00+00:00,30,0,0,0
SIM1,2025-10-12T01:45:00+00:00,30,0,0,0
SIM1,2025-10-12T02:00:00+00:00,30,0,0,0
SIM1,2025-10-12T02:15:00+00:00,30,0,0,0
SIM1,2025-10-12T02:30:00+00:00,30,0,0,0
SIM1,2025-10-12T02:45:00+00:00,30,0,0,0
SIM1,2025-10-12T03:00:00+00:00,30,0,0,0
SIM1,2025-10-12T03:15:00+00:00,30,0,0,0
SIM1,2025-10-12T03:30:00+00:00,30,0,0,0
SIM1,2025-10-12T03:45:00+00:00,30,0,0,0
SIM1,2025-10-12T04:00:00+00:00,30,0,0,0
SIM1,2025-10-12T04:15:00+00:00,30,0,0,0
SIM1,2025-10-12T04:30:00+00:00,30,0,0,0
SIM1,2025-10-12T04:45:00+00:00,30,0,0,0
SIM1,2025-10-12T09:30:00+00:00,30,0,0,0
SIM1,2025-10-12T09:45:00+00:00,30,0,0,0
SIM1,2025-10-12T10:00:00+00:00,30,0,0,0
SIM1,2025-10-12T10:15:00+00:00,30,0,0,0
SIM1,2025-10-12T10:30:00+00:00,30,0,0,0
SIM1,2025-10-12T10:45:00+00:00,30,0,0,0
SIM1,2025-10-12T11:00:00+00:00,30,0,0,0
SIM1,2025-10-12T11:15:00+00:00,30,0,0,0
SIM1,2025-10-12T11:30:00+00:00,30,0,0,0
SIM1,2025-10-12T11:45:00+00:00,30,0,0,0
SIM1,2025-10-12T12:00:00+00:00,30,0,0,0
SIM1,2025-10-12T12:15:00+00:00,30,0,0,0
SIM1,2025-10-12T12:30:00+00:00,30,0,0,0
SIM1,2025-10-12T12:45:00+00:00,30,0,0,0
SIM1,2025-10-12T13:00:00+00:00,30,0,0,0
SIM1,2025-10-12T13:15:00+00:00,30,0,0,0
SIM1,2025-10-12T13:30:00+00:00,30,0,0,0
SIM1,2025-10-12T13:45:00+00:00,30,0,0,0
SIM1,2025-10-12T14:00:00+00:00,30,0,0,0
SIM1,2025-10-12T14:15:00+00:00,30,0,0,0
SIM1,2025-10-12T14:30:00+00:00,30,0,0,0
SIM1,2025-10-12T14:45:00+00:00,30,0,0,0
SIM1,2025-10-12T15:00:00+00:00,30,0,0,0
SIM1,2025-10-12T15:15:00+00:00,30,0,0,0
SIM1,2025-10-12T15:30:00+00:00,30,0,0,0
SIM1,2025-10-12T15:45:00+00:00,30,0,0,0
SIM1,2025-10-12T16:00:00+00:00,30,0,0,0
SIM1,2025-10-12T16:15:00+00:00,30,0,0,0
SIM1,2025-10-12T16:30:00+00:00,30,0,0,0
SIM1,2025-10-12T16:45:00+00:00,30,0,0,0
SIM1,2025-10-12T17:00:00+00:00,30,0,0,0
SIM1,2025-10-12T17:15:00+00:00,30,0,0,0
SIM1,2025-10-12T17:30:00+00:00,30,0,0,0
SIM1,2025-10-12T17:45:00+00:00,30,0,0,0
SIM1,2025-10-12T18:00:00+00:00,30,0,0,0
SIM1,2025-10-12T18:15:00+00:00,30,0,0,0
SIM1,2025-10-12T18:30:00+00:00,30,0,0,0
SIM1,2025-10-12T18:45:00+00:00,30,0,0,0
SIM1,2025-10-12T19:00:00+00:00,30,0,0,0
SIM1,2025-10-12T19:15:00+00:00,30,0,0,0
SIM1,2025-10-12T19:30:00+00:00,30,0,0,0
SIM1,2025-10-12T19:45:00+00:00,30,0,0,0
SIM1,2025-10-12T20:00:00+00:00,30,0,0,0
SIM1,2025-10-12T20:15:00+00:00,30,0,0,0
SIM1,2025-10-12T20:30:00+00:00,30,0,0,0
SIM1,2025-10-12T20:45:00+00:00,30,0,0,0
SIM1,2025-10-12T21:00:00+00:00,30,0,0,0
SIM1,2025-10-12T21:15:00+00:00,30,0,0,0
SIM1,2025-10-12T21:30:00+00:00,30,0,0,0
SIM1,2025-10-12T21:45:00+00:00,30,0,0,0
SIM1,2025-10-12T22:00:00+00:00,30,0,0,0
SIM1,2025-10-12T22:15:00+00:00,30,0,0,0
SIM1,2025-10-12T22:30:00+00:00,30,0,0,0
SIM1,2025-10-12T22:45:00+00:00,30,0,0,0
SIM1,2025-10-12T23:00:00+00:00,30,0,0,0
SIM1,2025-10-12T23:15:00+00:00,30,0,0,0
SIM1,2025-10-12T23:30:00+00:00,30,0,0,0
SIM1,2025-10-12T23:45:00+00:00,30,0,0,0
SIM1,2025-10-13T00:00:00+00:00,30,0,0,0
SIM1,2025-10-13T00:15:00+00:00,30,0,0,0
SIM1,2025-10-13T00:30:00+00:00,30,0,0,0
SIM1,2025-10-13T00:45:00+00:00,30,0,0,0
SIM1,2025-10-13T01:00:00+00:00,30,0,0,0
SIM1,2025-10-13T01:15:00+00:00,30,0,0,0
SIM1,2025-10-13T01:30:00+00:00,30,0,0,0
SIM1,2025-10-13T01:45:00+00:00,30,0,0,0
SIM1,2025-10-13T02:00:00+00:00,30,0,0,0
SIM1,2025-10-13T02:15:00+00:00,30,0,0,0
SIM1,2025-10-13T02:30:00+00:00,30,0,0,0
SIM1,2025-10-13T02:45:00+00:00,30,0,0,0
SIM1,2025-10-13T03:00:00+00:00,30,0,0,0
SIM1,2025-10-13T03:15:00+00:00,30,0,0,0
SIM1,2025-10-13T03:30:00+00:00,30,0,0,0
SIM1,2025-10-13T03:45:00+00:00,30,0,0,0
SIM1,2025-10-13T04:00:00+00:00,30,0,0,0
SIM1,2025-10-13T04:15:00+00:00,30,0,0,0
SIM1,2025-10-13T04:30:00+00:00,30,0,0,0
SIM1,2025-10-13T04:45:00+00:00,30,0,0,0
SIM1,2025-10-14T21:45:00+00:00,30,0,0,0
SIM1,2025-10-14T22:00:00+00:00,30,0,0,0
SIM1,2025-10-14T22:15:00+00:00,30,0,0,0
SIM1,2025-10-14T22:30:00+00:00,30,0,0,0
SIM1,2025-10-14T22:45:00+00:00,30,0,0,0
SIM1,2025-10-14T23:00:00+00:00,30,0,0,0
SIM1,2025-10-14T23:15:00+00:00,30,0,0,0
SIM1,2025-10-14T23:30:00+00:00,30,0,0,0
SIM1,2025-10-14T23:45:00+00:00,30,0,0,0
SIM1,2025-10-15T00:00:00+00:00,30,0,0,0
SIM1,2025-10-15T00:15:00+00:00,30,0,0,0
SIM1,2025-10-15T00:30:00+00:00,30,0,0,0
SIM1,2025-10-15T00:45:00+00:00,30,0,0,0
SIM1,2025-10-15T01:00:00+00:00,30,0,0,0
SIM1,2025-10-15T01:15:00+00:00,30,0,0,0
SIM1,2025-10-15T01:30:00+00:00,30,0,0,0
SIM1,2025-10-15T01:45:00+00:00,30,0,0,0
SIM1,2025-10-15T02:00:00+00:00,30,0,0,0
SIM1,2025-10-15T02:15:00+00:00,30,0,0,0
SIM1,2025-10-15T02:30:00+00:00,30,0,0,0
SIM1,2025-10-15T02:45:00+00:00,30,0,0,0
SIM1,2025-10-15T03:00:00+00:00,30,0,0,0
SIM1,2025-10-15T03:15:00+00:00,30,0,0,0
SIM1,2025-10-15T03:30:00+00:00,30,0,0,0
SIM1,2025-10-15T03:45:00+00:00,30,0,0,0
SIM1,2025-10-15T04:00:00+00:00,30,0,0,0
SIM1,2025-10-15T04:15:00+00:00,30,0,0,0
SIM1,2025-10-15T04:30:00+00:00,30,0,0,0
SIM1,2025-10-15T04:45:00+00:00,30,0,0,0
SIM1,2025-10-15T05:15:00+00:00,30,0,0,0
SIM1,2025-10-15T05:30:00+00:00,30,0,0,0
SIM1,2025-10-15T05:45:00+00:00,30,0,0,0
SIM1,2025-10-15T06:00:00+00:00,30,0,0,0
SIM1,2025-10-15T06:15:00+00:00,30,0,0,0
SIM1,2025-10-15T06:30:00+00:00,30,0,0,0
SIM1,2025-10-15T06:45:00+00:00,30,0,0,0
SIM1,2025-10-15T07:00:00+00:00,30,0,0,0
SIM1,2025-10-15T07:15:00+00:00,30,0,0,0
SIM1,2025-10-15T07:30:00+00:00,30,0,0,0
SIM1,2025-10-15T07:45:00+00:00,30,0,0,0
SIM1,2025-10-15T08:00:00+00:00,30,0,0,0
SIM1,2025-10-15T08:15:00+00:00,30,0,0,0
SIM1,2025-10-15T08:30:00+00:00,30,0,0,0
SIM1,2025-10-15T08:45:00+00:00,30,0,0,0
SIM1,2025-10-15T09:00:00+00:00,30,0,0,0
SIM1,2025-10-15T09:15:00+00:00,30,0,0,0
SIM1,2025-10-15T09:30:00+00:00,30,0,0,0
SIM1,2025-10-15T09:45:00+00:00,30,0,0,0
SIM1,2025-10-15T10:00:00+00:00,30,0,0,0
SIM1,2025-10-15T10:30:00+00:00,30,0,0,0
SIM1,2025-10-15T10:45:00+00:00,30,0,0,0
SIM1,2025-10-15T11:00:00+00:00,30,0,0,0
SIM1,2025-10-15T11:15:00+00:00,30,0,0,0
SIM1,2025-10-15T11:30:00+00:00,30,0,0,0
SIM1,2025-10-15T11:45:00+00:00,30,0,0,0
SIM1,2025-10-15T12:00:00+00:00,30,0,0,0
SIM1,2025-10-15T12:15:00+00:00,30,0,0,0
SIM1,2025-10-15T12:30:00+00:00,30,0,0,0
SIM1,2025-10-15T12:45:00+00:00,30,0,0,0
SIM1,2025-10-15T13:00:00+00:00,30,0,0,0
SIM1,2025-10-15T13:15:00+00:00,30,0,0,0
SIM1,2025-10-15T13:30:00+00:00,30,0,0,0
SIM1,2025-10-15T13:45:00+00:00,30,0,0,0
SIM1,2025-10-15T14:00:00+00:00,30,0,0,0
SIM1,2025-10-15T14:15:00+00:00,30,0,0,0
SIM1,2025-10-15T14:30:00+00:00,30,0,0,0
SIM1,2025-10-15T14:45:00+00:00,30,0,0,0
SIM1,2025-10-15T15:00:00+00:00,30,0,0,0
SIM1,2025-10-15T15:15:00+00:00,30,0,0,0
SIM1,2025-10-15T15:30:00+00:00,30,0,0,0
SIM1,2025-10-15T15:45:00+00:00,30,0,0,0
SIM1,2025-10-15T16:00:00+00:00,30,0,0,0
SIM1,2025-10-15T16:15:00+00:00,30,0,0,0
SIM1,2025-10-15T16:30:00+00:00,30,0,0,0
SIM1,2025-10-15T16:45:00+00:00,30,0,0,0
SIM1,2025-10-15T17:00:00+00:00,30,0,0,0
SIM1,2025-10-15T17:15:00+00:00,30,0,0,0
SIM1,2025-10-15T17:30:00+00:00,30,0,0,0
SIM1,2025-10-15T17:45:00+00:00,30,0,0,0
SIM1,2025-10-15T18:00:00+00:00,30,0,0,0
SIM1,2025-10-15T18:15:00+00:00,30,0,0,0
SIM1,2025-10-15T18:30:00+00:00,30,0,0,0
SIM1,2025-10-15T18:45:00+00:00,30,0,0,0
SIM1,2025-10-15T19:00:00+00:00,30,0,0,0
SIM1,2025-10-15T20:15:00+00:00,30,0,0,0
SIM1,2025-10-15T20:30:00+00:00,30,0,0,0
SIM1,2025-10-15T20:45:00+00:00,30,0,0,0
SIM1,2025-10-15T21:00:00+00:00,30,0,0,0
SIM1,2025-10-15T21:15:00+00:00,30,0,0,0
SIM1,2025-10-15T21:30:00+00:00,30,0,0,0
SIM1,2025-10-15T21:45:00+00:00,30,0,0,0
SIM1,2025-10-15T22:00:00+00:00,30,0,0,0
SIM1,2025-10-15T22:15:00+00:00,30,0,0,0
SIM1,2025-10-15T22:30:00+00:00,30,0,0,0
SIM1,2025-10-15T22:45:00+00:00,30,0,0,0
SIM1,2025-10-15T23:00:00+00:00,30,0,0,0
SIM1,2025-10-15T23:15:00+00:00,30,0,0,0
SIM1,2025-10-15T23:30:00+00:00,30,0,0,0
SIM1,2025-10-15T23:45:00+00:00,30,0,0,0
SIM1,2025-10-16T00:00:00+00:00,30,0,0,0
SIM1,2025-10-16T00:15:00+00:00,30,0,0,0
SIM1,2025-10-16T00:30:00+00:00,30,0,0,0
SIM1,2025-10-16T00:45:00+00:00,30,0,0,0
SIM1,2025-10-16T01:00:00+00:00,30,0,0,0
SIM1,2025-10-16T01:15:00+00:00,30,0,0,0
SIM1,2025-10-16T01:30:00+00:00,30,0,0,0
SIM1,2025-10-16T01:45:00+00:00,30,0,0,0
SIM1,2025-10-16T02:00:00+00:00,30,0,0,0
SIM1,2025-10-16T02:15:00+00:00,30,0,0,0
SIM1,2025-10-16T02:30:00+00:00,30,0,0,0
SIM1,2025-10-16T02:45:00+00:00,30,0,0,0
SIM1,2025-10-16T03:00:00+00:00,30,0,0,0
SIM1,2025-10-16T03:15:00+00:00,30,0,0,0
SIM1,2025-10-16T03:30:00+00:00,30,0,0,0
SIM1,2025-10-16T03:45:00+00:00,30,0,0,0
SIM1,2025-10-16T04:00:00+00:00,30,0,0,0
SIM1,2025-10-16T04:15:00+00:00,30,0,0,0
SIM1,2025-10-16T04:30:00+00:00,30,0,0,0
SIM1,2025-10-16T04:45:00+00:00,30,0,0,0
SIM1,2025-10-16T05:15:00+00:00,30,0,0,0
SIM1,2025-10-16T05:30:00+00:00,30,0,0,0
SIM1,2025-10-16T05:45:00+00:00,30,0,0,0
SIM1,2025-10-16T06:00:00+00:00,30,0,0,0
SIM1,2025-10-16T06:15:00+00:00,30,0,0,0
SIM1,2025-10-16T06:30:00+00:00,30,0,0,0
SIM1,2025-10-16T06:45:00+00:00,30,0,0,0
SIM1,2025-10-16T07:00:00+00:00,30,0,0,0
SIM1,2025-10-16T07:15:00+00:00,30,0,0,0
SIM1,2025-10-16T07:30:00+00:00,30,0,0,0
SIM1,2025-10-16T07:45:00+00:00,30,0,0,0
SIM1,2025-10-16T08:00:00+00:00,30,0,0,0
SIM1,2025-10-16T08:15:00+00:00,30,0,0,0
SIM1,2025-10-16T08:30:00+00:00,30,0,0,0
SIM1,2025-10-16T08:45:00+00:00,30,0,0,0
SIM1,2025-10-16T09:00:00+00:00,30,0,0,0
SIM1,2025-10-16T09:15:00+00:00,30,0,0,0
SIM1,2025-10-16T09:30:00+00:00,30,0,0,0
SIM1,2025-10-16T09:45:00+00:00,30,0,0,0
SIM1,2025-10-16T10:00:00+00:00,30,0,0,0
SIM1,2025-10-16T10:15:00+00:00,30,0,0,0
SIM1,2025-10-16T10:30:00+00:00,30,0,0,0
SIM1,2025-10-16T10:45:00+00:00,30,0,0,0
SIM1,2025-10-16T11:00:00+00:00,30,0,0,0
SIM1,2025-10-16T11:15:00+00:00,30,0,0,0
SIM1,2025-10-16T11:30:00+00:00,30,0,0,0
SIM1,2025-10-16T11:45:00+00:00,30,0,0,0
SIM1,2025-10-16T12:00:00+00:00,30,0,0,0
SIM1,2025-10-16T12:15:00+00:00,30,0,0,0
SIM1,2025-10-16T12:30:00+00:00,30,0,0,0
SIM1,2025-10-16T12:45:00+00:00,30,0,0,0
SIM1,2025-10-16T13:00:00+00:00,30,0,0,0
SIM1,2025-10-16T13:15:00+00:00,30,0,0,0
SIM1,2025-10-16T13:30:00+00:00,30,0,0,0
SIM1,2025-10-16T13:45:00+00:00,30,0,0,0
SIM1,2025-10-16T14:00:00+00:00,30,0,0,0
SIM1,2025-10-16T14:15:00+00:00,30,0,0,0
SIM1,2025-10-16T14:30:00+00:00,30,0,0,0
SIM1,2025-10-16T14:45:00+00:00,30,0,0,0
SIM1,2025-10-16T15:00:00+00:00,30,0,0,0
SIM1,2025-10-16T15:15:00+00:00,30,0,0,0
SIM1,2025-10-16T15:30:00+00:00,30,0,0,0
SIM1,2025-10-16T15:45:00+00:00,30,0,0,0
SIM1,2025-10-16T16:00:00+00:00,30,0,0,0
SIM1,2025-10-16T16:15:00+00:00,30,0,0,0
SIM1,2025-10-16T16:30:00+00:00,30,0,0,0
SIM1,2025-10-16T16:45:00+00:00,30,0,0,0
SIM1,2025-10-16T17:00:00+00:00,30,0,0,0
SIM1,2025-10-16T17:15:00+00:00,30,0,0,0
SIM1,2025-10-16T17:30:00+00:00,30,0,0,0
SIM1,2025-10-16T17:45:00+00:00,30,0,0,0
SIM1,2025-10-16T18:00:00+00:00,30,0,0,0
SIM1,2025-10-16T18:15:00+00:00,30,0,0,0
SIM1,2025-10-16T18:30:00+00:00,30,0,0,0
SIM1,2025-10-16T18:45:00+00:00,30,0,0,0
SIM1,2025-10-16T19:00:00+00:00,30,0,0,0
SIM1,2025-10-16T19:15:00+00:00,30,0,0,0
SIM1,2025-10-16T19:30:00+00:00,30,0,0,0
SIM1,2025-10-16T19:45:00+00:00,30,0,0,0
SIM1,2025-10-16T20:00:00+00:00,30,0,0,0
SIM1,2025-10-16T20:15:00+00:00,30,0,0,0
SIM1,2025-10-16T20:30:00+00:00,30,0,0,0
SIM1,2025-10-16T20:45:00+00:00,30,0,0,0
SIM1,2025-10-16T21:00:00+00:00,30,0,0,0
SIM1,2025-10-16T21:15:00+00:00,30,0,0,0
SIM1,2025-10-16T21:30:00+00:00,30,0,0,0
SIM1,2025-10-16T21:45:00+00:00,30,0,0,0
SIM1,2025-10-16T22:00:00+00:00,30,0,0,0
SIM1,2025-10-16T22:15:00+00:00,30,0,0,0
SIM1,2025-10-16T22:30:00+00:00,30,0,0,0
SIM1,2025-10-16T22:45:00+00:00,30,0,0,0
SIM1,2025-10-16T23:00:00+00:00,30,0,0,0
SIM1,2025-10-16T23:15:00+00:00,30,0,0,0
SIM1,2025-10-16T23:30:00+00:00,30,0,0,0
SIM1,2025-10-16T23:45:00+00:00,30,0,0,0
SIM1,2025-10-17T00:00:00+00:00,30,0,0,0
SIM1,2025-10-17T00:15:00+00:00,30,0,0,0
SIM1,2025-10-17T00:30:00+00:00,30,0,0,0
SIM1,2025-10-17T00:45:00+00:00,30,0,0,0
SIM1,2025-10-17T01:00:00+00:00,30,0,0,0
SIM1,2025-10-17T01:15:00+00:00,30,0,0,0
SIM1,2025-10-17T01:30:00+00:00,30,0,0,0
SIM1,2025-10-17T01:45:00+00:00,30,0,0,0
SIM1,2025-10-17T02:00:00+00:00,30,0,0,0
SIM1,2025-10-17T02:15:00+00:00,30,0,0,0
SIM1,2025-10-17T02:30:00+00:00,30,0,0,0
SIM1,2025-10-17T02:45:00+00:00,30,0,0,0
SIM1,2025-10-17T03:00:00+00:00,30,0,0,0
SIM1,2025-10-17T03:15:00+00:00,30,0,0,0
SIM1,2025-10-17T03:30:00+00:00,30,0,0,0
SIM1,2025-10-17T03:45:00+00:00,30,0,0,0
SIM1,2025-10-17T04:00:00+00:00,30,0,0,0
SIM1,2025-10-17T04:15:00+00:00,30,0,0,0
SIM1,2025-10-17T04:30:00+00:00,30,0,0,0
SIM1,2025-10-17T04:45:00+00:00,30,0,0,0
SIM1,2025-10-17T05:15:00+00:00,30,0,0,0
SIM1,2025-10-17T05:30:00+00:00,30,0,0,0
SIM1,2025-10-17T05:45:00+00:00,30,0,0,0
SIM1,2025-10-17T06:00:00+00:00,30,0,0,0
SIM1,2025-10-17T06:15:00+00:00,30,0,0,0
SIM1,2025-10-17T06:30:00+00:00,30,0,0,0
SIM1,2025-10-17T06:45:00+00:00,30,0,0,0
SIM1,2025-10-17T07:00:00+00:00,30,0,0,0
SIM1,2025-10-17T07:15:00+00:00,30,0,0,0
SIM1,2025-10-17T07:30:00+00:00,30,0,0,0
SIM1,2025-10-17T07:45:00+00:00,30,0,0,0
SIM1,2025-10-17T08:00:00+00:00,30,0,0,0
SIM1,2025-10-17T08:15:00+00:00,30,0,0,0
SIM1,2025-10-17T08:30:00+00:00,30,0,0,0
SIM1,2025-10-17T08:45:00+00:00,30,0,0,0
SIM1,2025-10-17T09:00:00+00:00,30,0,0,0
SIM1,2025-10-17T09:15:00+00:00,30,0,0,0
SIM1,2025-10-17T09:30:00+00:00,30,0,0,0
SIM1,2025-10-17T09:45:00+00:00,30,0,0,0
SIM1,2025-10-17T10:00:00+00:00,30,0,0,0
SIM1,2025-10-17T10:15:00+00:00,30,0,0,0
SIM1,2025-10-17T10:30:00+00:00,30,0,0,0
SIM1,2025-10-17T10:45:00+00:00,30,0,0,0
SIM1,2025-10-17T11:00:00+00:00,30,0,0,0
SIM1,2025-10-17T11:15:00+00:00,30,0,0,0
SIM1,2025-10-17T11:30:00+00:00,30,0,0,0
SIM1,2025-10-17T11:45:00+00:00,30,0,0,0
SIM1,2025-10-17T12:00:00+00:00,30,0,0,0
SIM1,2025-10-17T12:15:00+00:00,30,0,0,0
SIM1,2025-10-17T12:30:00+00:00,30,0,0,0
SIM1,2025-10-17T12:45:00+00:00,30,0,0,0
SIM1,2025-10-17T13:00:00+00:00,30,0,0,0
SIM1,2025-10-17T13:15:00+00:00,30,0,0,0
SIM1,2025-10-17T13:30:00+00:00,30,0,0,0
SIM1,2025-10-17T13:45:00+00:00,30,0,0,0
SIM1,2025-10-17T14:00:00+00:00,30,0,0,0
SIM1,2025-10-17T14:15:00+00:00,30,0,0,0
SIM1,2025-10-17T14:30:00+00:00,30,0,0,0
SIM1,2025-10-17T14:45:00+00:00,30,0,0,0
SIM1,2025-10-17T15:00:00+00:00,30,0,0,0
SIM1,2025-10-17T15:15:00+00:00,30,0,0,0
SIM1,2025-10-17T15:30:00+00:00,30,0,0,0
SIM1,2025-10-17T15:45:00+00:00,30,0,0,0
SIM1,2025-10-17T16:00:00+00:00,30,0,0,0
SIM1,2025-10-17T16:15:00+00:00,30,0,0,0
SIM1,2025-10-17T16:30:00+00:00,30,0,0,0
SIM1,2025-10-17T16:45:00+00:00,30,0,0,0
SIM1,2025-10-17T17:00:00+00:00,30,0,0,0
SIM1,2025-10-17T17:15:00+00:00,30,0,0,0
SIM1,2025-10-17T17:30:00+00:00,30,0,0,0
SIM1,2025-10-17T17:45:00+00:00,30,0,0,0
SIM1,2025-10-17T18:00:00+00:00,30,0,0,0
SIM1,2025-10-17T18:15:00+00:00,30,0,0,0
SIM1,2025-10-17T18:30:00+00:00,30,0,0,0
SIM1,2025-10-17T18:45:00+00:00,30,0,0,0
SIM1,2025-10-17T19:00:00+00:00,30,0,0,0
SIM1,2025-10-17T19:15:00+00:00,30,0,0,0
SIM1,2025-10-17T19:30:00+00:00,30,0,0,0
SIM1,2025-10-17T19:45:00+00:00,30,0,0,0
SIM1,2025-10-17T20:00:00+00:00,30,0,0,0
SIM1,2025-10-17T20:15:00+00:00,30,0,0,0
SIM1,2025-10-17T20:30:00+00:00,30,0,0,0
SIM1,2025-10-17T20:45:00+00:00,30,0,0,0
SIM1,2025-10-17T21:00:00+00:00,30,0,0,0
SIM1,2025-10-17T21:15:00+00:00,30,0,0,0
SIM1,2025-10-17T21:30:00+00:00,30,0,0,0
SIM1,2025-10-17T21:45:00+00:00,30,0,0,0
SIM1,2025-10-17T22:00:00+00:00,30,0,0,0
SIM1,2025-10-17T22:15:00+00:00,30,0,0,0
SIM1,2025-10-17T22:30:00+00:00,30,0,0,0
SIM1,2025-10-17T22:45:00+00:00,30,0,0,0
SIM1,2025-10-17T23:00:00+00:00,30,0,0,0
SIM1,2025-10-17T23:15:00+00:00,30,0,0,0
SIM1,2025-10-17T23:30:00+00:00,30,0,0,0
SIM1,2025-10-17T23:45:00+00:00,30,0,0,0
SIM1,2025-10-18T00:00:00+00:00,30,0,0,0
SIM1,2025-10-18T00:15:00+00:00,30,0,0,0
SIM1,2025-10-18T00:30:00+00:00,30,0,0,0
SIM1,2025-10-18T00:45:00+00:00,30,0,0,0
SIM1,2025-10-18T01:00:00+00:00,30,0,0,0
SIM1,2025-10-18T01:15:00+00:00,30,0,0,0
SIM1,2025-10-18T01:30:00+00:00,30,0,0,0
SIM1,2025-10-18T01:45:00+00:00,30,0,0,0
SIM1,2025-10-18T02:00:00+00:00,30,0,0,0
SIM1,2025-10-18T02:15:00+00:00,30,0,0,0
SIM1,2025-10-18T02:30:00+00:00,30,0,0,0
SIM1,2025-10-18T02:45:00+00:00,30,0,0,0
SIM1,2025-10-18T03:00:00+00:00,30,0,0,0
SIM1,2025-10-18T03:15:00+00:00,30,0,0,0
SIM1,2025-10-18T03:30:00+00:00,30,0,0,0
SIM1,2025-10-18T03:45:00+00:00,30,0,0,0
SIM1,2025-10-18T04:00:00+00:00,30,0,0,0
SIM1,2025-10-18T04:15:00+00:00,30,0,0,0
SIM1,2025-10-18T04:30:00+00:00,30,0,0,0
SIM1,2025-10-18T04:45:00+00:00,30,0,0,0
SIM1,2025-10-18T05:15:00+00:00,30,0,0,0
SIM1,2025-10-18T05:30:00+00:00,30,0,0,0
SIM1,2025-10-18T05:45:00+00:00,30,0,0,0
SIM1,2025-10-18T06:00:00+00:00,30,0,0,0
SIM1,2025-10-18T06:15:00+00:00,30,0,0,0
SIM1,2025-10-18T06:30:00+00:00,30,0,0,0
SIM1,2025-10-18T06:45:00+00:00,30,0,0,0
SIM1,2025-10-18T07:00:00+00:00,30,0,0,0
SIM1,2025-10-18T07:15:00+00:00,30,0,0,0
SIM1,2025-10-18T07:30:00+00:00,30,0,0,0
SIM1,2025-10-18T07:45:00+00:00,30,0,0,0
SIM1,2025-10-18T08:00:00+00:00,30,0,0,0
SIM1,2025-10-18T08:15:00+00:00,30,0,0,0
SIM1,2025-10-18T08:30:00+00:00,30,0,0,0
SIM1,2025-10-18T08:45:00+00:00,30,0,0,0
SIM1,2025-10-18T09:00:00+00:00,30,0,0,0
SIM1,2025-10-18T09:15:00+00:00,30,0,0,0
SIM1,2025-10-18T09:30:00+00:00,30,0,0,0
SIM1,2025-10-18T09:45:00+00:00,30,0,0,0
SIM1,2025-10-18T10:00:00+00:00,30,0,0,0
SIM1,2025-10-18T10:15:00+00:00,30,0,0,0
SIM1,2025-10-18T10:30:00+00:00,30,0,0,0
SIM1,2025-10-18T10:45:00+00:00,30,0,0,0
SIM1,2025-10-18T11:00:00+00:00,30,0,0,0
SIM1,2025-10-18T11:15:00+00:00,30,0,0,0
SIM1,2025-10-18T11:30:00+00:00,30,0,0,0
SIM1,2025-10-18T11:45:00+00:00,30,0,0,0
SIM1,2025-10-18T12:00:00+00:00,30,0,0,0
SIM1,2025-10-18T12:15:00+00:00,30,0,0,0
SIM1,2025-10-18T12:30:00+00:00,30,0,0,0
SIM1,2025-10-18T12:45:00+00:00,30,0,0,0
SIM1,2025-10-18T13:00:00+00:00,30,0,0,0
SIM1,2025-10-18T13:15:00+00:00,30,0,0,0
SIM1,2025-10-18T13:30:00+00:00,30,0,0,0
SIM1,2025-10-18T13:45:00+00:00,30,0,0,0
SIM1,2025-10-18T14:00:00+00:00,30,0,0,0
SIM1,2025-10-18T14:15:00+00:00,30,0,0,0
SIM1,2025-10-18T14:30:00+00:00,30,0,0,0
SIM1,2025-10-18T14:45:00+00:00,30,0,0,0
SIM1,2025-10-18T15:00:00+00:00,30,0,0,0
SIM1,2025-10-18T15:15:00+00:00,30,0,0,0
SIM1,2025-10-18T15:30:00+00:00,30,0,0,0
SIM1,2025-10-18T15:45:00+00:00,30,0,0,0
SIM1,2025-10-18T16:00:00+00:00,30,0,0,0
SIM1,2025-10-18T16:15:00+00:00,30,0,0,0
SIM1,2025-10-18T16:30:00+00:00,30,0,0,0
SIM1,2025-10-18T16:45:00+00:00,30,0,0,0
SIM1,2025-10-18T17:00:00+00:00,30,0,0,0
SIM1,2025-10-18T17:15:00+00:00,30,0,0,0
SIM1,2025-10-18T17:30:00+00:00,30,0,0,0
SIM1,2025-10-18T17:45:00+00:00,30,0,0,0
SIM1,2025-10-18T18:00:00+00:00,30,0,0,0
SIM1,2025-10-18T18:15:00+00:00,30,0,0,0
SIM1,2025-10-18T18:30:00+00:00,30,0,0,0
SIM1,2025-10-18T18:45:00+00:00,30,0,0,0
SIM1,2025-10-18T19:00:00+00:00,30,0,0,0
SIM1,2025-10-18T19:15:00+00:00,30,0,0,0
SIM1,2025-10-18T19:30:00+00:00,30,0,0,0
SIM1,2025-10-18T19:45:00+00:00,30,0,0,0
SIM1,2025-10-18T20:00:00+00:00,30,0,0,0
SIM1,2025-10-18T20:15:00+00:00,30,0,0,0
SIM1,2025-10-18T20:30:00+00:00,30,0,0,0
SIM1,2025-10-18T20:45:00+00:00,30,0,0,0
SIM1,2025-10-18T21:00:00+00:00,30,0,0,0
SIM1,2025-10-18T21:15:00+00:00,30,0,0,0
SIM1,2025-10-18T21:30:00+00:00,30,0,0,0
SIM1,2025-10-18T21:45:00+00:00,30,0,0,0
SIM1,2025-10-18T22:00:00+00:00,30,0,0,0
SIM1,2025-10-18T22:15:00+00:00,30,0,0,0
SIM1,2025-10-18T22:30:00+00:00,30,0,0,0
SIM1,2025-10-18T22:45:00+00:00,30,0,0,0
SIM1,2025-10-18T23:00:00+00:00,30,0,0,0
SIM1,2025-10-18T23:15:00+00:00,30,0,0,0
SIM1,2025-10-18T23:30:00+00:00,30,0,0,0
SIM1,2025-10-18T23:45:00+00:00,30,0,0,0
SIM1,2025-10-19T00:00:00+00:00,30,0,0,0
SIM1,2025-10-19T00:15:00+00:00,30,0,0,0
SIM1,2025-10-19T00:30:00+00:00,30,0,0,0
SIM1,2025-10-19T00:45:00+00:00,30,0,0,0
SIM1,2025-10-19T01:00:00+00:00,30,0,0,0
SIM1,2025-10-19T01:15:00+00:00,30,0,0,0
SIM1,2025-10-19T01:30:00+00:00,30,0,0,0
SIM1,2025-10-19T01:45:00+00:00,30,0,0,0
SIM1,2025-10-19T02:00:00+00:00,30,0,0,0
SIM1,2025-10-19T02:15:00+00:00,30,0,0,0
SIM1,2025-10-19T02:30:00+00:00,30,0,0,0
SIM1,2025-10-19T02:45:00+00:00,30,0,0,0
SIM1,2025-10-19T03:00:00+00:00,30,0,0,0
SIM1,2025-10-19T03:15:00+00:00,30,0,0,0
SIM1,2025-10-19T03:30:00+00:00,30,0,0,0
SIM1,2025-10-19T03:45:00+00:00,30,0,0,0
SIM1,2025-10-19T04:00:00+00:00,30,0,0,0
SIM1,2025-10-19T04:15:00+00:00,30,0,0,0
SIM1,2025-10-19T04:30:00+00:00,30,0,0,0
SIM1,2025-10-19T04:45:00+00:00,30,0,0,0
SIM1,2025-10-19T05:15:00+00:00,30,0,0,0
SIM1,2025-10-19T05:30:00+00:00,30,0,0,0
SIM1,2025-10-19T05:45:00+00:00,30,0,0,0
SIM1,2025-10-19T06:00:00+00:00,30,0,0,0
SIM1,2025-10-19T06:15:00+00:00,30,0,0,0
SIM1,2025-10-19T06:30:00+00:00,30,0,0,0
SIM1,2025-10-19T06:45:00+00:00,30,0,0,0
SIM1,2025-10-19T07:00:00+00:00,30,0,0,0
SIM1,2025-10-19T07:15:00+00:00,30,0,0,0
SIM1,2025-10-19T07:30:00+00:00,30,0,0,0
SIM1,2025-10-19T07:45:00+00:00,30,0,0,0
SIM1,2025-10-19T08:00:00+00:00,30,0,0,0
SIM1,2025-10-19T08:15:00+00:00,30,0,0,0
SIM1,2025-10-19T08:30:00+00:00,30,0,0,0
SIM1,2025-10-19T08:45:00+00:00,30,0,0,0
SIM1,2025-10-19T09:00:00+00:00,30,0,0,0
SIM1,2025-10-19T09:15:00+00:00,30,0,0,0
SIM1,2025-10-19T09:30:00+00:00,30,0,0,0
SIM1,2025-10-19T09:45:00+00:00,30,0,0,0
SIM1,2025-10-19T10:00:00+00:00,30,0,0,0
SIM1,2025-10-19T10:15:00+00:00,30,0,0,0
SIM1,2025-10-19T10:30:00+00:00,30,0,0,0
SIM1,2025-10-19T10:45:00+00:00,30,0,0,0
SIM1,2025-10-19T11:00:00+00:00,30,0,0,0
SIM1,2025-10-19T11:15:00+00:00,30,0,0,0
SIM1,2025-10-19T11:30:00+00:00,30,0,0,0
SIM1,2025-10-19T11:45:00+00:00,30,0,0,0
SIM1,2025-10-19T12:00:00+00:00,30,0,0,0
SIM1,2025-10-19T12:15:00+00:00,30,0,0,0
SIM1,2025-10-19T12:30:00+00:00,30,0,0,0
SIM1,2025-10-19T12:45:00+00:00,30,0,0,0
SIM1,2025-10-19T13:00:00+00:00,30,0,0,0
SIM1,2025-10-19T13:15:00+00:00,30,0,0,0
SIM1,2025-10-19T13:30:00+00:00,30,0,0,0
SIM1,2025-10-19T13:45:00+00:00,30,0,0,0
SIM1,2025-10-19T14:00:00+00:00,30,26,20,21.7666666666667
SIM1,2025-10-19T14:15:00+00:00,30,0,0,0
SIM1,2025-10-19T14:30:00+00:00,30,0,0,0
SIM1,2025-10-19T14:45:00+00:00,30,0,0,0
SIM1,2025-10-19T15:00:00+00:00,30,0,0,0
SIM1,2025-10-19T15:15:00+00:00,30,0,0,0
SIM1,2025-10-19T15:30:00+00:00,30,0,0,0
SIM1,2025-10-19T15:45:00+00:00,30,0,0,0
SIM1,2025-10-19T16:00:00+00:00,30,0,0,0
SIM1,2025-10-19T16:15:00+00:00,30,0,0,0
SIM1,2025-10-19T16:30:00+00:00,30,0,0,0
SIM1,2025-10-19T16:45:00+00:00,30,0,0,0
SIM1,2025-10-19T17:00:00+00:00,30,0,0,0
SIM1,2025-10-19T17:15:00+00:00,30,0,0,0
SIM1,2025-10-19T17:30:00+00:00,30,0,0,0
SIM1,2025-10-19T17:45:00+00:00,30,0,0,0
SIM1,2025-10-19T18:00:00+00:00,30,0,0,0
SIM1,2025-10-19T18:15:00+00:00,30,0,0,0
SIM1,2025-10-19T18:30:00+00:00,30,0,0,0
SIM1,2025-10-19T18:45:00+00:00,30,0,0,0
SIM1,2025-10-19T19:00:00+00:00,30,0,0,0
SIM1,2025-10-19T19:15:00+00:00,30,0,0,0
SIM1,2025-10-19T19:30:00+00:00,30,0,0,0
SIM1,2025-10-19T19:45:00+00:00,30,0,0,0
SIM1,2025-10-19T20:00:00+00:00,30,0,0,0
SIM1,2025-10-19T20:15:00+00:00,30,0,0,0
SIM1,2025-10-19T20:30:00+00:00,30,0,0,0
SIM1,2025-10-19T20:45:00+00:00,30,0,0,0
SIM1,2025-10-19T21:00:00+00:00,30,0,0,0
SIM1,2025-10-19T21:15:00+00:00,30,0,0,0
SIM1,2025-10-19T21:30:00+00:00,30,0,0,0
SIM1,2025-10-19T21:45:00+00:00,30,0,0,0
SIM1,2025-10-19T22:00:00+00:00,30,0,0,0
SIM1,2025-10-19T22:15:00+00:00,30,0,0,0
SIM1,2025-10-19T22:30:00+00:00,30,0,0,0
SIM1,2025-10-19T22:45:00+00:00,30,0,0,0
SIM1,2025-10-19T23:00:00+00:00,30,0,0,0
SIM1,2025-10-19T23:15:00+00:00,30,0,0,0
SIM1,2025-10-19T23:30:00+00:00,30,0,0,0
SIM1,2025-10-19T23:45:00+00:00,30,0,0,0
SIM1,2025-10-20T00:00:00+00:00,30,0,0,0
SIM1,2025-10-20T00:15:00+00:00,30,0,0,0
SIM1,2025-10-20T00:30:00+00:00,30,0,0,0
SIM1,2025-10-20T00:45:00+00:00,30,0,0,0
SIM1,2025-10-20T01:00:00+00:00,30,0,0,0
SIM1,2025-10-20T01:15:00+00:00,30,0,0,0
SIM1,2025-10-20T01:30:00+00:00,30,0,0,0
SIM1,2025-10-20T01:45:00+00:00,30,0,0,0
SIM1,2025-10-20T02:00:00+00:00,30,0,0,0
SIM1,2025-10-20T02:15:00+00:00,30,0,0,0
SIM1,2025-10-20T02:30:00+00:00,30,0,0,0
SIM1,2025-10-20T02:45:00+00:00,30,0,0,0
SIM1,2025-10-20T03:00:00+00:00,30,0,0,0
SIM1,2025-10-20T03:15:00+00:00,30,0,0,0
SIM1,2025-10-20T03:30:00+00:00,30,0,0,0
SIM1,2025-10-20T03:45:00+00:00,30,0,0,0
SIM1,2025-10-20T04:00:00+00:00,30,0,0,0
SIM1,2025-10-20T04:15:00+00:00,30,0,0,0
SIM1,2025-10-20T04:30:00+00:00,30,0,0,0
SIM1,2025-10-20T04:45:00+00:00,30,0,0,0
SIM1,2025-10-20T05:15:00+00:00,30,0,0,0
SIM1,2025-10-20T05:30:00+00:00,30,0,0,0
SIM1,2025-10-20T05:45:00+00:00,30,0,0,0
SIM1,2025-10-20T06:00:00+00:00,30,0,0,0
SIM1,2025-10-20T06:15:00+00:00,30,0,0,0
SIM1,2025-10-20T06:30:00+00:00,30,0,0,0
SIM1,2025-10-20T06:45:00+00:00,30,0,0,0
SIM1,2025-10-20T07:00:00+00:00,30,0,0,0
SIM1,2025-10-20T07:15:00+00:00,30,0,0,0
SIM1,2025-10-20T07:30:00+00:00,30,0,0,0
SIM1,2025-10-20T07:45:00+00:00,30,0,0,0
SIM1,2025-10-20T08:00:00+00:00,30,0,0,0
SIM1,2025-10-20T08:15:00+00:00,30,0,0,0
SIM1,2025-10-20T08:30:00+00:00,30,0,0,0
SIM1,2025-10-20T08:45:00+00:00,30,0,0,0
SIM1,2025-10-20T09:00:00+00:00,30,0,0,0
SIM1,2025-10-20T09:15:00+00:00,30,0,0,0
SIM1,2025-10-20T09:30:00+00:00,30,0,0,0
SIM1,2025-10-20T09:45:00+00:00,30,0,0,0
SIM1,2025-10-20T10:00:00+00:00,30,0,0,0
SIM1,2025-10-20T10:15:00+00:00,30,0,0,0
SIM1,2025-10-20T10:30:00+00:00,30,0,0,0
SIM1,2025-10-20T10:45:00+00:00,30,0,0,0
SIM1,2025-10-20T11:00:00+00:00,30,0,0,0
SIM1,2025-10-20T11:15:00+00:00,30,0,0,0
SIM1,2025-10-20T11:30:00+00:00,30,0,0,0
SIM1,2025-10-20T11:45:00+00:00,30,0,0,0
SIM1,2025-10-20T12:00:00+00:00,30,0,0,0
SIM1,2025-10-20T12:15:00+00:00,30,0,0,0
SIM1,2025-10-20T12:30:00+00:00,30,0,0,0
SIM1,2025-10-20T12:45:00+00:00,30,3,0,0.5
SIM1,2025-10-20T13:00:00+00:00,30,0,0,0
SIM1,2025-10-20T13:15:00+00:00,30,0,0,0
SIM1,2025-10-20T13:30:00+00:00,30,0,0,0
SIM1,2025-10-20T13:45:00+00:00,30,0,0,0
SIM1,2025-10-20T14:00:00+00:00,30,0,0,0
SIM1,2025-10-20T14:15:00+00:00,30,0,0,0
SIM1,2025-10-20T14:30:00+00:00,30,3,0,0.2
SIM1,2025-10-20T14:45:00+00:00,30,13,0,1.36666666666667
SIM1,2025-10-20T15:00:00+00:00,30,0,0,0
SIM1,2025-10-20T15:15:00+00:00,30,0,0,0
SIM1,2025-10-20T15:30:00+00:00,30,0,0,0
SIM1,2025-10-20T15:45:00+00:00,30,10,0,1.53333333333333
SIM1,2025-10-20T16:00:00+00:00,30,0,0,0
SIM1,2025-10-20T16:15:00+00:00,30,0,0,0
SIM1,2025-10-20T16:30:00+00:00,30,0,0,0
SIM1,2025-10-20T16:45:00+00:00,30,0,0,0
SIM1,2025-10-20T17:00:00+00:00,30,0,0,0
SIM1,2025-10-20T17:15:00+00:00,30,0,0,0
SIM1,2025-10-20T17:30:00+00:00,30,0,0,0
SIM1,2025-10-20T17:45:00+00:00,30,9,0,2.13333333333333
SIM1,2025-10-20T18:00:00+00:00,30,0,0,0
SIM1,2025-10-20T18:15:00+00:00,30,0,0,0
SIM1,2025-10-20T18:30:00+00:00,30,0,0,0
SIM1,2025-10-20T18:45:00+00:00,30,0,0,0
SIM1,2025-10-20T19:00:00+00:00,30,0,0,0
SIM1,2025-10-20T19:15:00+00:00,30,0,0,0
SIM1,2025-10-20T19:30:00+00:00,30,0,0,0
SIM1,2025-10-20T19:45:00+00:00,30,0,0,0
SIM1,2025-10-20T20:00:00+00:00,30,0,0,0
SIM1,2025-10-20T20:15:00+00:00,30,0,0,0
SIM1,2025-10-20T20:30:00+00:00,30,0,0,0
SIM1,2025-10-20T20:45:00+00:00,30,0,0,0
SIM1,2025-10-20T21:00:00+00:00,30,0,0,0
SIM1,2025-10-20T21:15:00+00:00,30,0,0,0
SIM1,2025-10-20T21:30:00+00:00,30,0,0,0
SIM1,2025-10-20T21:45:00+00:00,30,0,0,0
SIM1,2025-10-20T22:00:00+00:00,30,0,0,0
SIM1,2025-10-20T22:15:00+00:00,30,0,0,0
SIM1,2025-10-20T22:30:00+00:00,30,0,0,0
SIM1,2025-10-20T22:45:00+00:00,30,0,0,0
SIM1,2025-10-20T23:00:00+00:00,30,0,0,0
SIM1,2025-10-20T23:15:00+00:00,30,0,0,0
SIM1,2025-10-20T23:30:00+00:00,30,0,0,0
SIM1,2025-10-20T23:45:00+00:00,30,0,0,0
SIM1,2025-10-21T00:00:00+00:00,30,0,0,0
SIM1,2025-10-21T00:15:00+00:00,30,0,0,0
SIM1,2025-10-21T00:30:00+00:00,30,0,0,0
SIM1,2025-10-21T00:45:00+00:00,30,0,0,0
SIM1,2025-10-21T01:00:00+00:00,30,24,0,3.03333333333333
SIM1,2025-10-21T01:15:00+00:00,30,0,0,0
SIM1,2025-10-21T01:30:00+00:00,30,0,0,0
SIM1,2025-10-21T01:45:00+00:00,30,0,0,0
SIM1,2025-10-21T02:00:00+00:00,30,0,0,0
SIM1,2025-10-21T02:15:00+00:00,30,0,0,0
SIM1,2025-10-21T02:30:00+00:00,30,0,0,0
SIM1,2025-10-21T02:45:00+00:00,30,0,0,0
SIM1,2025-10-21T03:00:00+00:00,30,0,0,0
SIM1,2025-10-21T03:15:00+00:00,30,0,0,0
SIM1,2025-10-21T03:30:00+00:00,30,0,0,0
SIM1,2025-10-21T03:45:00+00:00,30,0,0,0
SIM1,2025-10-21T04:00:00+00:00,30,0,0,0
SIM1,2025-10-21T04:15:00+00:00,30,0,0,0
SIM1,2025-10-21T04:30:00+00:00,30,0,0,0
SIM1,2025-10-21T04:45:00+00:00,30,0,0,0
SIM1,2025-10-21T05:15:00+00:00,30,0,0,0
SIM1,2025-10-21T05:30:00+00:00,30,14,8,10.7666666666667
SIM1,2025-10-21T05:45:00+00:00,30,0,0,0
SIM1,2025-10-21T06:00:00+00:00,30,0,0,0
SIM1,2025-10-21T06:15:00+00:00,30,0,0,0
SIM1,2025-10-21T06:30:00+00:00,30,0,0,0
SIM1,2025-10-21T08:00:00+00:00,30,0,0,0
SIM1,2025-10-22T05:15:00+00:00,30,0,0,0
SIM1,2025-10-22T05:30:00+00:00,30,0,0,0
SIM1,2025-10-22T05:45:00+00:00,30,0,0,0
SIM1,2025-10-22T06:00:00+00:00,30,0,0,0
SIM1,2025-10-22T06:15:00+00:00,30,0,0,0
SIM1,2025-10-22T06:30:00+00:00,30,0,0,0
SIM1,2025-10-22T06:45:00+00:00,30,0,0,0
SIM1,2025-10-22T07:00:00+00:00,30,0,0,0
SIM1,2025-10-22T07:15:00+00:00,30,0,0,0
SIM1,2025-10-22T07:30:00+00:00,30,0,0,0
SIM1,2025-10-22T07:45:00+00:00,30,0,0,0
SIM1,2025-10-22T08:00:00+00:00,30,0,0,0
SIM1,2025-10-22T08:15:00+00:00,30,0,0,0
SIM1,2025-10-22T08:30:00+00:00,30,0,0,0
SIM1,2025-10-22T08:45:00+00:00,30,0,0,0
SIM1,2025-10-22T09:00:00+00:00,30,0,0,0
SIM1,2025-10-22T09:15:00+00:00,30,0,0,0
SIM1,2025-10-22T09:30:00+00:00,30,0,0,0
SIM1,2025-10-22T09:45:00+00:00,30,0,0,0
SIM1,2025-10-22T10:00:00+00:00,30,0,0,0
SIM1,2025-10-22T10:15:00+00:00,30,0,0,0
SIM1,2025-10-22T10:30:00+00:00,30,0,0,0
SIM1,2025-10-22T10:45:00+00:00,30,0,0,0
SIM1,2025-10-22T11:00:00+00:00,30,0,0,0
SIM1,2025-10-22T11:15:00+00:00,30,0,0,0
SIM1,2025-10-22T11:30:00+00:00,30,0,0,0
SIM1,2025-10-22T11:45:00+00:00,30,0,0,0
SIM1,2025-10-22T12:00:00+00:00,30,0,0,0
SIM1,2025-10-22T12:15:00+00:00,30,0,0,0
SIM1,2025-10-22T12:30:00+00:00,30,0,0,0
SIM1,2025-10-22T12:45:00+00:00,30,0,0,0
SIM1,2025-10-22T13:00:00+00:00,30,0,0,0
SIM1,2025-10-22T13:15:00+00:00,30,0,0,0
SIM1,2025-10-22T13:30:00+00:00,30,0,0,0
SIM1,2025-10-22T13:45:00+00:00,30,0,0,0
SIM1,2025-10-22T14:00:00+00:00,30,0,0,0
SIM1,2025-10-22T14:15:00+00:00,30,0,0,0
SIM1,2025-10-22T14:30:00+00:00,30,0,0,0
SIM1,2025-10-22T14:45:00+00:00,30,0,0,0
SIM1,2025-10-22T15:00:00+00:00,30,0,0,0
SIM1,2025-10-22T15:15:00+00:00,30,0,0,0
SIM1,2025-10-22T15:30:00+00:00,30,0,0,0
SIM1,2025-10-22T15:45:00+00:00,30,0,0,0
SIM1,2025-10-22T16:00:00+00:00,30,0,0,0
SIM1,2025-10-22T16:15:00+00:00,30,0,0,0
SIM1,2025-10-22T16:30:00+00:00,30,0,0,0
SIM1,2025-10-22T16:45:00+00:00,30,0,0,0
SIM1,2025-10-22T17:00:00+00:00,30,0,0,0
SIM1,2025-10-22T17:15:00+00:00,30,0,0,0
SIM1,2025-10-22T17:30:00+00:00,30,0,0,0
SIM1,2025-10-22T17:45:00+00:00,30,0,0,0
SIM1,2025-10-22T18:00:00+00:00,30,0,0,0
SIM1,2025-10-22T18:15:00+00:00,30,0,0,0
SIM1,2025-10-22T18:30:00+00:00,30,0,0,0
SIM1,2025-10-22T18:45:00+00:00,30,0,0,0
SIM1,2025-10-22T19:00:00+00:00,30,0,0,0
SIM1,2025-10-22T19:15:00+00:00,30,0,0,0
SIM1,2025-10-22T19:30:00+00:00,30,0,0,0
SIM1,2025-10-22T19:45:00+00:00,30,0,0,0
SIM1,2025-10-22T20:00:00+00:00,30,0,0,0
SIM1,2025-10-22T20:15:00+00:00,30,0,0,0
SIM1,2025-10-22T20:30:00+00:00,30,0,0,0
SIM1,2025-10-22T20:45:00+00:00,30,0,0,0
SIM1,2025-10-22T21:00:00+00:00,30,0,0,0
SIM1,2025-10-22T21:15:00+00:00,30,0,0,0
SIM1,2025-10-22T21:30:00+00:00,30,0,0,0
SIM1,2025-10-22T21:45:00+00:00,30,0,0,0
SIM1,2025-10-22T22:00:00+00:00,30,0,0,0
SIM1,2025-10-22T22:30:00+00:00,30,26,0,7.63333333333333
SIM1,2025-10-22T22:45:00+00:00,30,6,0,0.2
SIM1,2025-10-22T23:00:00+00:00,30,15,0,1.4
SIM1,2025-10-22T23:15:00+00:00,30,0,0,0
SIM1,2025-10-22T23:45:00+00:00,30,11,0,3.23333333333333
SIM1,2025-10-23T00:00:00+00:00,30,0,0,0
SIM1,2025-10-23T00:15:00+00:00,30,2,0,0.0666666666666667
SIM1,2025-10-23T00:45:00+00:00,30,2,0,0.133333333333333
SIM1,2025-10-23T01:00:00+00:00,30,79,0,11.0666666666667
SIM1,2025-10-23T01:15:00+00:00,30,11,0,0.366666666666667
SIM1,2025-10-23T01:30:00+00:00,30,0,0,0
SIM1,2025-10-23T01:45:00+00:00,30,0,0,0
SIM1,2025-10-23T02:00:00+00:00,30,5,0,2.1
SIM1,2025-10-23T02:30:00+00:00,30,0,0,0
SIM1,2025-10-23T02:45:00+00:00,30,0,0,0
SIM1,2025-10-23T03:00:00+00:00,30,0,0,0
SIM1,2025-10-23T03:15:00+00:00,30,0,0,0
SIM1,2025-10-23T03:30:00+00:00,30,0,0,0
SIM1,2025-10-23T03:45:00+00:00,30,0,0,0
SIM1,2025-10-23T04:00:00+00:00,30,0,0,0
SIM1,2025-10-23T04:15:00+00:00,30,0,0,0
SIM1,2025-10-23T04:30:00+00:00,30,0,0,0
SIM1,2025-10-23T04:45:00+00:00,30,0,0,0
SIM1,2025-10-23T05:30:00+00:00,30,0,0,0
SIM1,2025-10-23T05:45:00+00:00,30,0,0,0
SIM1,2025-10-23T06:00:00+00:00,30,0,0,0
SIM1,2025-10-23T06:15:00+00:00,30,0,0,0
SIM1,2025-10-23T06:30:00+00:00,30,0,0,0
SIM1,2025-10-23T06:45:00+00:00,30,0,0,0
SIM1,2025-10-23T07:00:00+00:00,30,0,0,0
SIM1,2025-10-23T07:15:00+00:00,30,0,0,0
SIM1,2025-10-23T07:30:00+00:00,30,0,0,0
SIM1,2025-10-23T07:45:00+00:00,30,0,0,0
SIM1,2025-10-23T08:00:00+00:00,30,0,0,0
SIM1,2025-10-23T08:15:00+00:00,30,0,0,0
SIM1,2025-10-23T08:30:00+00:00,30,0,0,0
SIM1,2025-10-23T08:45:00+00:00,30,0,0,0
SIM1,2025-10-23T09:00:00+00:00,30,0,0,0
SIM1,2025-10-23T09:15:00+00:00,30,0,0,0
SIM1,2025-10-23T09:30:00+00:00,30,0,0,0
SIM1,2025-10-23T09:45:00+00:00,30,0,0,0
SIM1,2025-10-23T10:00:00+00:00,30,0,0,0
SIM1,2025-10-23T10:30:00+00:00,30,0,0,0
SIM1,2025-10-23T10:45:00+00:00,30,0,0,0
SIM1,2025-10-23T11:00:00+00:00,30,0,0,0
SIM1,2025-10-23T11:15:00+00:00,30,0,0,0
SIM1,2025-10-23T11:30:00+00:00,30,0,0,0
SIM1,2025-10-23T11:45:00+00:00,30,0,0,0
SIM1,2025-10-23T12:00:00+00:00,30,0,0,0
SIM1,2025-10-23T12:15:00+00:00,30,0,0,0
SIM1,2025-10-23T12:30:00+00:00,30,0,0,0
SIM1,2025-10-23T12:45:00+00:00,30,0,0,0
SIM1,2025-10-23T13:00:00+00:00,30,0,0,0
SIM1,2025-10-23T13:15:00+00:00,30,0,0,0
SIM1,2025-10-23T13:30:00+00:00,30,0,0,0
SIM1,2025-10-23T14:00:00+00:00,30,0,0,0
SIM1,2025-10-23T14:15:00+00:00,30,0,0,0
SIM1,2025-10-23T14:30:00+00:00,30,0,0,0
SIM1,2025-10-23T14:45:00+00:00,30,0,0,0
SIM1,2025-10-23T15:00:00+00:00,30,0,0,0
SIM1,2025-10-23T15:15:00+00:00,30,0,0,0
SIM1,2025-10-23T15:30:00+00:00,30,4,0,0.866666666666667
SIM1,2025-10-23T15:45:00+00:00,30,0,0,0
SIM1,2025-10-23T16:00:00+00:00,30,0,0,0
SIM1,2025-10-23T16:15:00+00:00,30,9,0,0.733333333333333
SIM1,2025-10-23T16:30:00+00:00,30,0,0,0
SIM1,2025-10-23T16:45:00+00:00,30,9,0,2.2
SIM1,2025-10-23T17:00:00+00:00,30,0,0,0
SIM1,2025-10-23T17:15:00+00:00,30,1,0,0.133333333333333
SIM1,2025-10-23T17:30:00+00:00,30,2,0,0.233333333333333
SIM1,2025-10-23T17:45:00+00:00,30,3,0,0.533333333333333
SIM1,2025-10-23T18:00:00+00:00,30,8,1,5.5
SIM1,2025-10-23T18:15:00+00:00,30,8,0,1.16666666666667
SIM1,2025-10-23T18:30:00+00:00,30,3,0,0.1
SIM1,2025-10-23T18:45:00+00:00,30,16,0,2.8
SIM1,2025-10-23T19:00:00+00:00,30,0,0,0
SIM1,2025-10-23T19:15:00+00:00,30,0,0,0
SIM1,2025-10-23T19:30:00+00:00,30,0,0,0
SIM1,2025-10-23T19:45:00+00:00,30,0,0,0
SIM1,2025-10-23T20:15:00+00:00,30,0,0,0
SIM1,2025-10-23T20:30:00+00:00,30,0,0,0
SIM1,2025-10-23T20:45:00+00:00,30,0,0,0
SIM1,2025-10-23T21:00:00+00:00,30,0,0,0
SIM1,2025-10-23T21:15:00+00:00,30,2,0,0.466666666666667
SIM1,2025-10-23T21:30:00+00:00,30,0,0,0
SIM1,2025-10-23T21:45:00+00:00,30,32,0,2.43333333333333
SIM1,2025-10-23T22:00:00+00:00,30,0,0,0
SIM1,2025-10-23T22:15:00+00:00,30,0,0,0
SIM1,2025-10-23T22:30:00+00:00,30,31,0,18.4666666666667
SIM1,2025-10-23T22:45:00+00:00,30,0,0,0
SIM1,2025-10-23T23:00:00+00:00,30,0,0,0
SIM1,2025-10-23T23:15:00+00:00,30,0,0,0
SIM1,2025-10-23T23:30:00+00:00,30,9,0,1.03333333333333
SIM1,2025-10-23T23:45:00+00:00,30,6,0,0.333333333333333
SIM1,2025-10-24T00:00:00+00:00,30,0,0,0
SIM1,2025-10-24T00:15:00+00:00,30,12,0,2.16666666666667
SIM1,2025-10-24T00:30:00+00:00,30,10,0,5.46666666666667
SIM1,2025-10-24T00:45:00+00:00,30,0,0,0
SIM1,2025-10-24T01:00:00+00:00,30,0,0,0
SIM1,2025-10-24T01:15:00+00:00,30,0,0,0
SIM1,2025-10-24T01:30:00+00:00,30,4,0,0.133333333333333
SIM1,2025-10-24T01:45:00+00:00,30,0,0,0
SIM1,2025-10-24T02:00:00+00:00,30,3,0,0.1
SIM1,2025-10-24T02:15:00+00:00,30,0,0,0
SIM1,2025-10-24T02:30:00+00:00,30,0,0,0
SIM1,2025-10-24T02:45:00+00:00,30,0,0,0
SIM1,2025-10-24T03:00:00+00:00,30,0,0,0
SIM1,2025-10-24T03:15:00+00:00,30,0,0,0
SIM1,2025-10-24T03:30:00+00:00,30,0,0,0
SIM1,2025-10-24T03:45:00+00:00,30,0,0,0
SIM1,2025-10-24T04:00:00+00:00,30,0,0,0
SIM1,2025-10-24T04:30:00+00:00,30,0,0,0
SIM1,2025-10-24T04:45:00+00:00,30,0,0,0
SIM1,2025-10-24T05:30:00+00:00,30,0,0,0
SIM1,2025-10-24T05:45:00+00:00,30,0,0,0
SIM1,2025-10-24T06:00:00+00:00,30,0,0,0
SIM1,2025-10-24T06:15:00+00:00,30,0,0,0
SIM1,2025-10-24T06:30:00+00:00,30,0,0,0
SIM1,2025-10-24T06:45:00+00:00,30,0,0,0
SIM1,2025-10-24T07:00:00+00:00,30,0,0,0
SIM1,2025-10-24T07:15:00+00:00,30,0,0,0
SIM1,2025-10-24T07:30:00+00:00,30,0,0,0
SIM1,2025-10-24T07:45:00+00:00,30,0,0,0
SIM1,2025-10-24T08:00:00+00:00,30,0,0,0
SIM1,2025-10-24T08:15:00+00:00,30,0,0,0
SIM1,2025-10-24T08:30:00+00:00,30,0,0,0
SIM1,2025-10-24T08:45:00+00:00,30,0,0,0
SIM1,2025-10-24T09:00:00+00:00,30,0,0,0
SIM1,2025-10-24T09:15:00+00:00,30,0,0,0
SIM1,2025-10-24T09:30:00+00:00,30,0,0,0
SIM1,2025-10-24T09:45:00+00:00,30,0,0,0
SIM1,2025-10-24T10:00:00+00:00,30,0,0,0
SIM1,2025-10-24T10:15:00+00:00,30,0,0,0
SIM1,2025-10-24T10:30:00+00:00,30,0,0,0
SIM1,2025-10-24T10:45:00+00:00,30,0,0,0
SIM1,2025-10-24T11:00:00+00:00,30,0,0,0
SIM1,2025-10-24T11:15:00+00:00,30,0,0,0
SIM1,2025-10-24T11:30:00+00:00,30,0,0,0
SIM1,2025-10-24T11:45:00+00:00,30,0,0,0
SIM1,2025-10-24T12:00:00+00:00,30,0,0,0
SIM1,2025-10-24T12:15:00+00:00,30,0,0,0
SIM1,2025-10-24T12:30:00+00:00,30,0,0,0
SIM1,2025-10-24T13:00:00+00:00,30,0,0,0
SIM1,2025-10-24T13:15:00+00:00,30,1,0,0.0666666666666667
SIM1,2025-10-24T13:30:00+00:00,30,0,0,0
SIM1,2025-10-24T13:45:00+00:00,30,0,0,0
SIM1,2025-10-24T14:00:00+00:00,30,0,0,0
SIM1,2025-10-24T14:15:00+00:00,30,0,0,0
SIM1,2025-10-24T14:30:00+00:00,30,0,0,0
SIM1,2025-10-24T14:45:00+00:00,30,0,0,0
SIM1,2025-10-24T15:00:00+00:00,30,23,0,5.13333333333333
SIM1,2025-10-24T15:15:00+00:00,30,0,0,0
SIM1,2025-10-24T15:30:00+00:00,30,0,0,0
SIM1,2025-10-24T15:45:00+00:00,30,4,0,0.5
SIM1,2025-10-24T16:00:00+00:00,30,0,0,0
SIM1,2025-10-24T16:15:00+00:00,30,0,0,0
SIM1,2025-10-24T16:30:00+00:00,30,0,0,0
SIM1,2025-10-24T16:45:00+00:00,30,0,0,0
SIM1,2025-10-24T17:00:00+00:00,30,0,0,0
SIM1,2025-10-24T17:15:00+00:00,30,0,0,0
SIM1,2025-10-24T17:30:00+00:00,30,0,0,0
SIM1,2025-10-24T17:45:00+00:00,30,0,0,0
SIM1,2025-10-24T18:00:00+00:00,30,0,0,0
SIM1,2025-10-24T18:15:00+00:00,30,1,0,0.0333333333333333
SIM1,2025-10-24T18:30:00+00:00,30,0,0,0
SIM1,2025-10-24T18:45:00+00:00,30,12,7,9.93333333333333
SIM1,2025-10-24T19:00:00+00:00,30,12,0,9.33333333333333
SIM1,2025-10-24T19:15:00+00:00,30,0,0,0
SIM1,2025-10-24T19:30:00+00:00,30,7,0,0.233333333333333
SIM1,2025-10-24T19:45:00+00:00,30,0,0,0
SIM1,2025-10-24T20:00:00+00:00,30,13,8,10.9333333333333
SIM1,2025-10-24T20:15:00+00:00,30,8,0,1.3
SIM1,2025-10-24T20:30:00+00:00,30,0,0,0
SIM1,2025-10-24T20:45:00+00:00,30,0,0,0
SIM1,2025-10-24T21:00:00+00:00,30,0,0,0
SIM1,2025-10-24T21:15:00+00:00,30,0,0,0
SIM1,2025-10-24T21:30:00+00:00,30,4,0,0.666666666666667
SIM1,2025-10-24T21:45:00+00:00,30,0,0,0
SIM1,2025-10-24T22:00:00+00:00,30,0,0,0
SIM1,2025-10-24T22:15:00+00:00,30,0,0,0
SIM1,2025-10-24T22:30:00+00:00,30,15,9,12.3333333333333
SIM1,2025-10-24T22:45:00+00:00,30,0,0,0
SIM1,2025-10-24T23:00:00+00:00,30,0,0,0
SIM1,2025-10-24T23:15:00+00:00,30,3,0,0.1
SIM1,2025-10-24T23:30:00+00:00,30,74,0,54.4
SIM1,2025-10-24T23:45:00+00:00,30,7,0,4
SIM1,2025-10-25T00:00:00+00:00,30,13,7,11.0666666666667
SIM1,2025-10-25T00:15:00+00:00,30,3,0,0.4
SIM1,2025-10-25T00:30:00+00:00,30,4,4,4
SIM1,2025-10-25T01:00:00+00:00,30,0,0,0
SIM1,2025-10-25T01:15:00+00:00,30,6,2,4.36666666666667
SIM1,2025-10-25T01:30:00+00:00,30,0,0,0
SIM1,2025-10-25T01:45:00+00:00,30,0,0,0
SIM1,2025-10-25T02:00:00+00:00,30,0,0,0
SIM1,2025-10-25T02:15:00+00:00,30,0,0,0
SIM1,2025-10-25T02:30:00+00:00,30,0,0,0
SIM1,2025-10-25T02:45:00+00:00,30,0,0,0
SIM1,2025-10-25T03:00:00+00:00,30,0,0,0
SIM1,2025-10-25T03:15:00+00:00,30,0,0,0
SIM1,2025-10-25T03:30:00+00:00,30,0,0,0
SIM1,2025-10-25T03:45:00+00:00,30,0,0,0
SIM1,2025-10-25T04:00:00+00:00,30,0,0,0
SIM1,2025-10-25T04:15:00+00:00,30,0,0,0
SIM1,2025-10-25T04:30:00+00:00,30,0,0,0
SIM1,2025-10-25T04:45:00+00:00,30,0,0,0
SIM1,2025-10-25T05:30:00+00:00,30,0,0,0
SIM1,2025-10-25T05:45:00+00:00,30,0,0,0
SIM1,2025-10-25T06:00:00+00:00,30,0,0,0
SIM1,2025-10-25T06:15:00+00:00,30,0,0,0
SIM1,2025-10-25T06:30:00+00:00,30,0,0,0
SIM1,2025-10-25T06:45:00+00:00,30,0,0,0
SIM1,2025-10-25T07:00:00+00:00,30,0,0,0
SIM1,2025-10-25T07:15:00+00:00,30,0,0,0
SIM1,2025-10-25T07:30:00+00:00,30,0,0,0
SIM1,2025-10-25T07:45:00+00:00,30,0,0,0
SIM1,2025-10-25T08:00:00+00:00,30,0,0,0
SIM1,2025-10-25T08:15:00+00:00,30,0,0,0
SIM1,2025-10-25T08:30:00+00:00,30,0,0,0
SIM1,2025-10-25T08:45:00+00:00,30,0,0,0
SIM1,2025-10-25T09:00:00+00:00,30,0,0,0
SIM1,2025-10-25T09:15:00+00:00,30,0,0,0
SIM1,2025-10-25T09:30:00+00:00,30,0,0,0
SIM1,2025-10-25T09:45:00+00:00,30,0,0,0
SIM1,2025-10-25T10:00:00+00:00,30,0,0,0
SIM1,2025-10-25T10:15:00+00:00,30,0,0,0
SIM1,2025-10-25T10:30:00+00:00,30,0,0,0
SIM1,2025-10-25T10:45:00+00:00,30,15,3,10.5
SIM1,2025-10-25T11:00:00+00:00,30,0,0,0
SIM1,2025-10-25T11:15:00+00:00,30,0,0,0
SIM1,2025-10-25T11:30:00+00:00,30,0,0,0
SIM1,2025-10-25T11:45:00+00:00,30,0,0,0
SIM1,2025-10-25T12:00:00+00:00,30,0,0,0
SIM1,2025-10-25T12:15:00+00:00,30,0,0,0
SIM1,2025-10-25T12:30:00+00:00,30,0,0,0
SIM1,2025-10-25T12:45:00+00:00,30,0,0,0
SIM1,2025-10-25T13:00:00+00:00,30,0,0,0
SIM1,2025-10-25T13:15:00+00:00,30,0,0,0
SIM1,2025-10-25T13:30:00+00:00,30,0,0,0
SIM1,2025-10-25T13:45:00+00:00,30,0,0,0
SIM1,2025-10-25T14:00:00+00:00,30,0,0,0
SIM1,2025-10-25T14:15:00+00:00,30,0,0,0
SIM1,2025-10-25T14:30:00+00:00,30,68,0,9.7
SIM1,2025-10-25T14:45:00+00:00,30,15,7,12.4666666666667
SIM1,2025-10-25T15:00:00+00:00,30,0,0,0
SIM1,2025-10-25T15:15:00+00:00,30,0,0,0
SIM1,2025-10-25T15:30:00+00:00,30,9,4,7.73333333333333
SIM1,2025-10-25T15:45:00+00:00,30,5,0,0.3
SIM1,2025-10-25T16:00:00+00:00,30,14,13,13.4333333333333
SIM1,2025-10-25T16:15:00+00:00,30,9,3,4.9
SIM1,2025-10-25T16:30:00+00:00,30,2,0,0.2
SIM1,2025-10-25T16:45:00+00:00,30,23,12,15.6666666666667
SIM1,2025-10-25T17:00:00+00:00,30,9,0,4.9
SIM1,2025-10-25T17:15:00+00:00,30,10,0,7.2
SIM1,2025-10-25T17:30:00+00:00,30,11,0,3.13333333333333
SIM1,2025-10-25T17:45:00+00:00,30,13,0,6.3
SIM1,2025-10-25T18:00:00+00:00,30,11,0,7.1
SIM1,2025-10-25T18:15:00+00:00,30,13,0,2.93333333333333
SIM1,2025-10-25T18:30:00+00:00,30,14,0,4
SIM1,2025-10-25T19:00:00+00:00,30,12,7,11.2333333333333
SIM1,2025-10-25T19:15:00+00:00,30,11,10,10.4333333333333
SIM1,2025-10-25T19:30:00+00:00,30,7,0,3.4
SIM1,2025-10-25T19:45:00+00:00,30,8,6,7.6
SIM1,2025-10-25T20:00:00+00:00,30,2,2,2
SIM1,2025-10-25T20:15:00+00:00,30,9,7,7.46666666666667
SIM1,2025-10-25T20:30:00+00:00,30,10,8,9.46666666666667
SIM1,2025-10-25T20:45:00+00:00,30,10,9,9.63333333333333
SIM1,2025-10-25T21:00:00+00:00,30,13,9,10.7666666666667
SIM1,2025-10-25T21:15:00+00:00,30,27,9,19.8666666666667
SIM1,2025-10-25T21:30:00+00:00,30,41,40,40.3333333333333
SIM1,2025-10-25T21:45:00+00:00,30,40,35,38.5666666666667
SIM1,2025-10-25T22:00:00+00:00,30,21,18,19.7
SIM1,2025-10-25T22:15:00+00:00,30,19,13,16.2333333333333
SIM1,2025-10-25T22:30:00+00:00,30,12,0,5.43333333333333
SIM1,2025-10-25T22:45:00+00:00,30,16,15,15.7333333333333
SIM1,2025-10-25T23:00:00+00:00,30,13,12,12.6333333333333
SIM1,2025-10-25T23:15:00+00:00,30,14,5,10
SIM1,2025-10-25T23:30:00+00:00,30,28,20,26.5666666666667
SIM1,2025-10-25T23:45:00+00:00,30,47,8,34.3
SIM1,2025-10-26T00:00:00+00:00,30,13,11,11.8666666666667
SIM1,2025-10-26T00:15:00+00:00,30,0,0,0
SIM1,2025-10-26T00:30:00+00:00,30,15,3,13.3333333333333
SIM1,2025-10-26T00:45:00+00:00,30,14,6,11.1333333333333
SIM1,2025-10-26T01:00:00+00:00,30,15,10,12.6333333333333
SIM1,2025-10-26T01:15:00+00:00,30,25,12,17.8333333333333
SIM1,2025-10-26T01:30:00+00:00,30,16,2,8.56666666666667
SIM1,2025-10-26T01:45:00+00:00,30,12,9,10.9333333333333
SIM1,2025-10-26T02:00:00+00:00,30,28,0,12
SIM1,2025-10-26T02:15:00+00:00,30,0,0,0
SIM1,2025-10-26T02:30:00+00:00,30,0,0,0
SIM1,2025-10-26T02:45:00+00:00,30,0,0,0
SIM1,2025-10-26T03:00:00+00:00,30,0,0,0
SIM1,2025-10-26T03:15:00+00:00,30,0,0,0
SIM1,2025-10-26T03:30:00+00:00,30,0,0,0
SIM1,2025-10-26T03:45:00+00:00,30,0,0,0
SIM1,2025-10-26T04:00:00+00:00,30,0,0,0
SIM1,2025-10-26T04:15:00+00:00,30,0,0,0
SIM1,2025-10-26T04:30:00+00:00,30,0,0,0
SIM1,2025-10-26T04:45:00+00:00,30,0,0,0
SIM1,2025-10-26T05:30:00+00:00,30,0,0,0
SIM1,2025-10-26T05:45:00+00:00,30,0,0,0
SIM1,2025-10-26T06:00:00+00:00,30,0,0,0
SIM1,2025-10-26T06:15:00+00:00,30,0,0,0
SIM1,2025-10-26T06:30:00+00:00,30,0,0,0
SIM1,2025-10-26T06:45:00+00:00,30,0,0,0
SIM1,2025-10-26T07:00:00+00:00,30,0,0,0
SIM1,2025-10-26T07:15:00+00:00,30,0,0,0
SIM1,2025-10-26T07:30:00+00:00,30,0,0,0
