mesure_id,annee,mois,jour,heure,minute,valeur,unite,camera_id
1,2025,11,4,22,15,337.26666666666665,px moyen,SIM1
2,2025,11,4,22,15,332.0,px min,SIM1
3,2025,11,4,22,15,341.0,px max,SIM1
4,2025,11,4,22,15,30.0,count sample,SIM1
5,2025,11,4,22,45,358.73333333333335,px moyen,SIM1
6,2025,11,4,22,45,348.0,px min,SIM1
7,2025,11,4,22,45,364.0,px max,SIM1
8,2025,11,4,22,45,30.0,count sample,SIM1
9,2025,11,4,23,15,278.7,px moyen,SIM1
10,2025,11,4,23,15,172.0,px min,SIM1
11,2025,11,4,23,15,348.0,px max,SIM1
12,2025,11,4,23,15,30.0,count sample,SIM1
13,2025,11,4,23,45,234.4,px moyen,SIM1
14,2025,11,4,23,45,207.0,px min,SIM1
15,2025,11,4,23,45,366.0,px max,SIM1
16,2025,11,4,23,45,30.0,count sample,SIM1
17,2025,11,5,8,45,0.0,px moyen,SIM1
18,2025,11,5,8,45,0.0,px min,SIM1
19,2025,11,5,8,45,0.0,px max,SIM1
20,2025,11,5,8,45,30.0,count sample,SIM1
21,2025,11,5,9,0,0.03333333333333333,px moyen,SIM1
22,2025,11,5,9,0,0.0,px min,SIM1
23,2025,11,5,9,0,1.0,px max,SIM1
24,2025,11,5,9,0,30.0,count sample,SIM1
25,2025,11,5,9,30,0.0,px moyen,SIM1
26,2025,11,5,9,30,0.0,px min,SIM1
27,2025,11,5,9,30,0.0,px max,SIM1
28,2025,11,5,9,30,30.0,count sample,SIM1
29,2025,11,5,10,0,87.83333333333333,px moyen,SIM1
30,2025,11,5,10,0,25.0,px min,SIM1
31,2025,11,5,10,0,157.0,px max,SIM1
32,2025,11,5,10,0,30.0,count sample,SIM1
33,2025,11,5,10,15,146.3,px moyen,SIM1
34,2025,11,5,10,15,120.0,px min,SIM1
35,2025,11,5,10,15,162.0,px max,SIM1
36,2025,11,5,10,15,30.0,count sample,SIM1
37,2025,11,5,10,30,154.9,px moyen,SIM1
38,2025,11,5,10,30,69.0,px min,SIM1
39,2025,11,5,10,30,218.0,px max,SIM1
40,2025,11,5,10,30,30.0,count sample,SIM1
41,2025,11,5,10,45,19.833333333333332,px moyen,SIM1
42,2025,11,5,10,45,0.0,px min,SIM1
43,2025,11,5,10,45,71.0,px max,SIM1
44,2025,11,5,10,45,30.0,count sample,SIM1
45,2025,11,5,11,0,176.1,px moyen,SIM1
46,2025,11,5,11,0,163.0,px min,SIM1
47,2025,11,5,11,0,207.0,px max,SIM1
48,2025,11,5,11,0,30.0,count sample,SIM1
49,2025,11,5,11,15,111.03333333333333,px moyen,SIM1
50,2025,11,5,11,15,20.0,px min,SIM1
51,2025,11,5,11,15,163.0,px max,SIM1
52,2025,11,5,11,15,30.0,count sample,SIM1
53,2025,11,5,11,30,184.83333333333334,px moyen,SIM1
54,2025,11,5,11,30,146.0,px min,SIM1
55,2025,11,5,11,30,244.0,px max,SIM1
56,2025,11,5,11,30,30.0,count sample,SIM1
57,2025,11,5,11,45,19.066666666666666,px moyen,SIM1
58,2025,11,5,11,45,0.0,px min,SIM1
59,2025,11,5,11,45,53.0,px max,SIM1
60,2025,11,5,11,45,30.0,count sample,SIM1
61,2025,11,5,12,15,296.1,px moyen,SIM1
62,2025,11,5,12,15,251.0,px min,SIM1
63,2025,11,5,12,15,350.0,px max,SIM1
64,2025,11,5,12,15,30.0,count sample,SIM1
65,2025,11,5,12,45,70.53333333333333,px moyen,SIM1
66,2025,11,5,12,45,23.0,px min,SIM1
67,2025,11,5,12,45,112.0,px max,SIM1
68,2025,11,5,12,45,30.0,count sample,SIM1
69,2025,11,5,13,0,129.53333333333333,px moyen,SIM1
70,2025,11,5,13,0,104.0,px min,SIM1
71,2025,11,5,13,0,149.0,px max,SIM1
72,2025,11,5,13,0,30.0,count sample,SIM1
73,2025,11,5,13,15,150.3,px moyen,SIM1
74,2025,11,5,13,15,126.0,px min,SIM1
75,2025,11,5,13,15,176.0,px max,SIM1
76,2025,11,5,13,15,30.0,count sample,SIM1
77,2025,11,5,13,30,132.43333333333334,px moyen,SIM1
78,2025,11,5,13,30,110.0,px min,SIM1
79,2025,11,5,13,30,163.0,px max,SIM1
80,2025,11,5,13,30,30.0,count sample,SIM1
81,2025,11,5,13,45,27.7,px moyen,SIM1
82,2025,11,5,13,45,0.0,px min,SIM1
83,2025,11,5,13,45,58.0,px max,SIM1
84,2025,11,5,13,45,30.0,count sample,SIM1
85,2025,11,5,14,0,113.36666666666666,px moyen,SIM1
86,2025,11,5,14,0,89.0,px min,SIM1
87,2025,11,5,14,0,141.0,px max,SIM1
88,2025,11,5,14,0,30.0,count sample,SIM1
89,2025,11,5,14,15,65.4,px moyen,SIM1
90,2025,11,5,14,15,42.0,px min,SIM1
91,2025,11,5,14,15,90.0,px max,SIM1
92,2025,11,5,14,15,30.0,count sample,SIM1
93,2025,11,5,14,30,75.9,px moyen,SIM1
94,2025,11,5,14,30,70.0,px min,SIM1
95,2025,11,5,14,30,83.0,px max,SIM1
96,2025,11,5,14,30,30.0,count sample,SIM1
97,2025,11,5,15,0,70.23333333333333,px moyen,SIM1
98,2025,11,5,15,0,55.0,px min,SIM1
99,2025,11,5,15,0,79.0,px max,SIM1
100,2025,11,5,15,0,30.0,count sample,SIM1
101,2025,11,5,15,15,86.23333333333333,px moyen,SIM1
102,2025,11,5,15,15,40.0,px min,SIM1
103,2025,11,5,15,15,185.0,px max,SIM1
104,2025,11,5,15,15,30.0,count sample,SIM1
105,2025,11,5,15,45,24.333333333333332,px moyen,SIM1
106,2025,11,5,15,45,0.0,px min,SIM1
107,2025,11,5,15,45,48.0,px max,SIM1
108,2025,11,5,15,45,30.0,count sample,SIM1
109,2025,11,5,16,0,0.0,px moyen,SIM1
110,2025,11,5,16,0,0.0,px min,SIM1
111,2025,11,5,16,0,0.0,px max,SIM1
112,2025,11,5,16,0,30.0,count sample,SIM1
113,2025,11,5,16,15,49.9,px moyen,SIM1
114,2025,11,5,16,15,13.0,px min,SIM1
115,2025,11,5,16,15,65.0,px max,SIM1
116,2025,11,5,16,15,30.0,count sample,SIM1
117,2025,11,5,16,30,61.266666666666666,px moyen,SIM1
118,2025,11,5,16,30,50.0,px min,SIM1
119,2025,11,5,16,30,75.0,px max,SIM1
120,2025,11,5,16,30,30.0,count sample,SIM1
121,2025,11,5,16,45,143.16666666666666,px moyen,SIM1
122,2025,11,5,16,45,139.0,px min,SIM1
123,2025,11,5,16,45,147.0,px max,SIM1
124,2025,11,5,16,45,30.0,count sample,SIM1
125,2025,11,5,20,45,110.0,px moyen,SIM1
126,2025,11,5,20,45,108.0,px min,SIM1
127,2025,11,5,20,45,112.0,px max,SIM1
128,2025,11,5,20,45,30.0,count sample,SIM1
129,2025,11,5,21,0,108.26666666666667,px moyen,SIM1
130,2025,11,5,21,0,107.0,px min,SIM1
131,2025,11,5,21,0,111.0,px max,SIM1
132,2025,11,5,21,0,30.0,count sample,SIM1
133,2025,11,5,21,15,111.26666666666667,px moyen,SIM1
134,2025,11,5,21,15,111.0,px min,SIM1
135,2025,11,5,21,15,113.0,px max,SIM1
136,2025,11,5,21,15,30.0,count sample,SIM1
137,2025,11,5,21,30,112.03333333333333,px moyen,SIM1
138,2025,11,5,21,30,112.0,px min,SIM1
139,2025,11,5,21,30,113.0,px max,SIM1
140,2025,11,5,21,30,30.0,count sample,SIM1
141,2025,11,5,21,45,112.0,px moyen,SIM1
142,2025,11,5,21,45,112.0,px min,SIM1
143,2025,11,5,21,45,112.0,px max,SIM1
144,2025,11,5,21,45,30.0,count sample,SIM1
145,2025,11,5,22,0,129.36666666666667,px moyen,SIM1
146,2025,11,5,22,0,122.0,px min,SIM1
147,2025,11,5,22,0,133.0,px max,SIM1
148,2025,11,5,22,0,30.0,count sample,SIM1
149,2025,11,5,22,15,128.1,px moyen,SIM1
150,2025,11,5,22,15,125.0,px min,SIM1
151,2025,11,5,22,15,130.0,px max,SIM1
152,2025,11,5,22,15,30.0,count sample,SIM1
153,2025,11,5,22,30,123.0,px moyen,SIM1
154,2025,11,5,22,30,122.0,px min,SIM1
155,2025,11,5,22,30,125.0,px max,SIM1
156,2025,11,5,22,30,30.0,count sample,SIM1
157,2025,11,5,22,45,129.76666666666668,px moyen,SIM1
158,2025,11,5,22,45,126.0,px min,SIM1
159,2025,11,5,22,45,133.0,px max,SIM1
160,2025,11,5,22,45,30.0,count sample,SIM1
161,2025,11,5,23,0,142.73333333333332,px moyen,SIM1
162,2025,11,5,23,0,140.0,px min,SIM1
163,2025,11,5,23,0,144.0,px max,SIM1
164,2025,11,5,23,0,30.0,count sample,SIM1
165,2025,11,5,23,15,129.43333333333334,px moyen,SIM1
166,2025,11,5,23,15,128.0,px min,SIM1
167,2025,11,5,23,15,131.0,px max,SIM1
168,2025,11,5,23,15,30.0,count sample,SIM1
169,2025,11,5,23,30,134.13333333333333,px moyen,SIM1
170,2025,11,5,23,30,128.0,px min,SIM1
171,2025,11,5,23,30,138.0,px max,SIM1
172,2025,11,5,23,30,30.0,count sample,SIM1
173,2025,11,5,23,45,127.1,px moyen,SIM1
174,2025,11,5,23,45,126.0,px min,SIM1
175,2025,11,5,23,45,128.0,px max,SIM1
176,2025,11,5,23,45,30.0,count sample,SIM1
177,2025,11,6,0,0,144.93333333333334,px moyen,SIM1
178,2025,11,6,0,0,143.0,px min,SIM1
179,2025,11,6,0,0,146.0,px max,SIM1
180,2025,11,6,0,0,30.0,count sample,SIM1
181,2025,11,6,0,15,119.8,px moyen,SIM1
182,2025,11,6,0,15,119.0,px min,SIM1
183,2025,11,6,0,15,121.0,px max,SIM1
184,2025,11,6,0,15,30.0,count sample,SIM1
185,2025,11,6,0,30,127.63333333333334,px moyen,SIM1
186,2025,11,6,0,30,126.0,px min,SIM1
187,2025,11,6,0,30,130.0,px max,SIM1
188,2025,11,6,0,30,30.0,count sample,SIM1
189,2025,11,6,0,45,110.26666666666667,px moyen,SIM1
190,2025,11,6,0,45,109.0,px min,SIM1
191,2025,11,6,0,45,111.0,px max,SIM1
192,2025,11,6,0,45,30.0,count sample,SIM1
193,2025,11,6,1,0,117.33333333333333,px moyen,SIM1
194,2025,11,6,1,0,115.0,px min,SIM1
195,2025,11,6,1,0,120.0,px max,SIM1
196,2025,11,6,1,0,30.0,count sample,SIM1
197,2025,11,6,1,15,113.76666666666667,px moyen,SIM1
198,2025,11,6,1,15,112.0,px min,SIM1
199,2025,11,6,1,15,117.0,px max,SIM1
200,2025,11,6,1,15,30.0,count sample,SIM1
201,2025,11,6,1,30,118.5,px moyen,SIM1
202,2025,11,6,1,30,115.0,px min,SIM1
203,2025,11,6,1,30,122.0,px max,SIM1
204,2025,11,6,1,30,30.0,count sample,SIM1
205,2025,11,6,1,45,111.86666666666666,px moyen,SIM1
206,2025,11,6,1,45,111.0,px min,SIM1
207,2025,11,6,1,45,113.0,px max,SIM1
208,2025,11,6,1,45,30.0,count sample,SIM1
209,2025,11,6,2,0,113.43333333333334,px moyen,SIM1
210,2025,11,6,2,0,112.0,px min,SIM1
211,2025,11,6,2,0,115.0,px max,SIM1
212,2025,11,6,2,0,30.0,count sample,SIM1
213,2025,11,6,2,15,110.16666666666667,px moyen,SIM1
214,2025,11,6,2,15,110.0,px min,SIM1
215,2025,11,6,2,15,112.0,px max,SIM1
216,2025,11,6,2,15,30.0,count sample,SIM1
217,2025,11,6,2,30,121.4,px moyen,SIM1
218,2025,11,6,2,30,117.0,px min,SIM1
219,2025,11,6,2,30,126.0,px max,SIM1
220,2025,11,6,2,30,30.0,count sample,SIM1
221,2025,11,6,2,45,110.53333333333333,px moyen,SIM1
222,2025,11,6,2,45,110.0,px min,SIM1
223,2025,11,6,2,45,112.0,px max,SIM1
224,2025,11,6,2,45,30.0,count sample,SIM1
225,2025,11,6,3,0,107.63333333333334,px moyen,SIM1
226,2025,11,6,3,0,106.0,px min,SIM1
227,2025,11,6,3,0,114.0,px max,SIM1
228,2025,11,6,3,0,30.0,count sample,SIM1
229,2025,11,6,3,15,109.46666666666667,px moyen,SIM1
230,2025,11,6,3,15,108.0,px min,SIM1
231,2025,11,6,3,15,111.0,px max,SIM1
232,2025,11,6,3,15,30.0,count sample,SIM1
233,2025,11,6,3,30,110.26666666666667,px moyen,SIM1
234,2025,11,6,3,30,109.0,px min,SIM1
235,2025,11,6,3,30,112.0,px max,SIM1
236,2025,11,6,3,30,30.0,count sample,SIM1
237,2025,11,6,3,45,130.56666666666666,px moyen,SIM1
238,2025,11,6,3,45,126.0,px min,SIM1
239,2025,11,6,3,45,132.0,px max,SIM1
240,2025,11,6,3,45,30.0,count sample,SIM1
241,2025,11,6,4,0,104.13333333333334,px moyen,SIM1
242,2025,11,6,4,0,103.0,px min,SIM1
243,2025,11,6,4,0,106.0,px max,SIM1
244,2025,11,6,4,0,30.0,count sample,SIM1
245,2025,11,6,4,15,99.7,px moyen,SIM1
246,2025,11,6,4,15,90.0,px min,SIM1
247,2025,11,6,4,15,105.0,px max,SIM1
248,2025,11,6,4,15,30.0,count sample,SIM1
249,2025,11,6,4,30,100.23333333333333,px moyen,SIM1
250,2025,11,6,4,30,98.0,px min,SIM1
251,2025,11,6,4,30,102.0,px max,SIM1
252,2025,11,6,4,30,30.0,count sample,SIM1
253,2025,11,6,4,45,97.76666666666667,px moyen,SIM1
254,2025,11,6,4,45,96.0,px min,SIM1
255,2025,11,6,4,45,100.0,px max,SIM1
256,2025,11,6,4,45,30.0,count sample,SIM1
257,2025,11,6,5,0,104.1,px moyen,SIM1
258,2025,11,6,5,0,103.0,px min,SIM1
259,2025,11,6,5,0,105.0,px max,SIM1
260,2025,11,6,5,0,30.0,count sample,SIM1
261,2025,11,6,5,15,84.86666666666666,px moyen,SIM1
262,2025,11,6,5,15,82.0,px min,SIM1
263,2025,11,6,5,15,90.0,px max,SIM1
264,2025,11,6,5,15,30.0,count sample,SIM1
265,2025,11,6,5,30,101.4,px moyen,SIM1
266,2025,11,6,5,30,100.0,px min,SIM1
267,2025,11,6,5,30,103.0,px max,SIM1
268,2025,11,6,5,30,30.0,count sample,SIM1
269,2025,11,6,5,45,90.03333333333333,px moyen,SIM1
270,2025,11,6,5,45,88.0,px min,SIM1
271,2025,11,6,5,45,93.0,px max,SIM1
272,2025,11,6,5,45,30.0,count sample,SIM1
273,2025,11,6,6,0,40.0,px moyen,SIM1
274,2025,11,6,6,0,34.0,px min,SIM1
275,2025,11,6,6,0,77.0,px max,SIM1
276,2025,11,6,6,0,30.0,count sample,SIM1
277,2025,11,6,6,15,138.3,px moyen,SIM1
278,2025,11,6,6,15,137.0,px min,SIM1
279,2025,11,6,6,15,140.0,px max,SIM1
280,2025,11,6,6,15,30.0,count sample,SIM1
281,2025,11,6,8,15,156.26666666666668,px moyen,SIM1
282,2025,11,6,8,15,155.0,px min,SIM1
283,2025,11,6,8,15,157.0,px max,SIM1
284,2025,11,6,8,15,30.0,count sample,SIM1
285,2025,11,6,8,30,151.16666666666666,px moyen,SIM1
286,2025,11,6,8,30,151.0,px min,SIM1
287,2025,11,6,8,30,152.0,px max,SIM1
288,2025,11,6,8,30,30.0,count sample,SIM1
289,2025,11,6,8,45,149.0,px moyen,SIM1
290,2025,11,6,8,45,149.0,px min,SIM1
291,2025,11,6,8,45,149.0,px max,SIM1
292,2025,11,6,8,45,30.0,count sample,SIM1
293,2025,11,6,9,0,149.93333333333334,px moyen,SIM1
294,2025,11,6,9,0,148.0,px min,SIM1
295,2025,11,6,9,0,150.0,px max,SIM1
296,2025,11,6,9,0,30.0,count sample,SIM1
297,2025,11,6,9,15,145.86666666666667,px moyen,SIM1
298,2025,11,6,9,15,145.0,px min,SIM1
299,2025,11,6,9,15,146.0,px max,SIM1
300,2025,11,6,9,15,30.0,count sample,SIM1
301,2025,11,6,9,30,148.26666666666668,px moyen,SIM1
302,2025,11,6,9,30,148.0,px min,SIM1
303,2025,11,6,9,30,149.0,px max,SIM1
304,2025,11,6,9,30,30.0,count sample,SIM1
305,2025,11,6,9,45,146.1,px moyen,SIM1
306,2025,11,6,9,45,146.0,px min,SIM1
307,2025,11,6,9,45,147.0,px max,SIM1
308,2025,11,6,9,45,30.0,count sample,SIM1
309,2025,11,6,10,0,146.0,px moyen,SIM1
310,2025,11,6,10,0,145.0,px min,SIM1
311,2025,11,6,10,0,147.0,px max,SIM1
312,2025,11,6,10,0,30.0,count sample,SIM1
313,2025,11,6,10,15,149.06666666666666,px moyen,SIM1
314,2025,11,6,10,15,149.0,px min,SIM1
315,2025,11,6,10,15,150.0,px max,SIM1
316,2025,11,6,10,15,30.0,count sample,SIM1
317,2025,11,6,10,30,148.73333333333332,px moyen,SIM1
318,2025,11,6,10,30,148.0,px min,SIM1
319,2025,11,6,10,30,149.0,px max,SIM1
320,2025,11,6,10,30,30.0,count sample,SIM1
321,2025,11,6,10,45,149.0,px moyen,SIM1
322,2025,11,6,10,45,149.0,px min,SIM1
323,2025,11,6,10,45,149.0,px max,SIM1
324,2025,11,6,10,45,30.0,count sample,SIM1
325,2025,11,7,8,15,170.3,px moyen,SIM1
326,2025,11,7,8,15,170.0,px min,SIM1
327,2025,11,7,8,15,171.0,px max,SIM1
328,2025,11,7,8,15,30.0,count sample,SIM1
329,2025,11,7,8,30,164.6,px moyen,SIM1
330,2025,11,7,8,30,164.0,px min,SIM1
331,2025,11,7,8,30,165.0,px max,SIM1
332,2025,11,7,8,30,30.0,count sample,SIM1
333,2025,11,7,8,45,165.66666666666666,px moyen,SIM1
334,2025,11,7,8,45,164.0,px min,SIM1
335,2025,11,7,8,45,167.0,px max,SIM1
336,2025,11,7,8,45,30.0,count sample,SIM1
337,2025,11,7,9,15,105.26666666666667,px moyen,SIM1
338,2025,11,7,9,15,105.0,px min,SIM1
339,2025,11,7,9,15,107.0,px max,SIM1
340,2025,11,7,9,15,30.0,count sample,SIM1
341,2025,11,7,9,30,107.66666666666667,px moyen,SIM1
342,2025,11,7,9,30,106.0,px min,SIM1
343,2025,11,7,9,30,109.0,px max,SIM1
344,2025,11,7,9,30,30.0,count sample,SIM1
345,2025,11,7,9,45,148.5,px moyen,SIM1
346,2025,11,7,9,45,147.0,px min,SIM1
347,2025,11,7,9,45,150.0,px max,SIM1
348,2025,11,7,9,45,30.0,count sample,SIM1
349,2025,11,7,10,0,101.26666666666667,px moyen,SIM1
350,2025,11,7,10,0,101.0,px min,SIM1
351,2025,11,7,10,0,102.0,px max,SIM1
352,2025,11,7,10,0,30.0,count sample,SIM1
353,2025,11,7,10,15,97.23333333333333,px moyen,SIM1
354,2025,11,7,10,15,96.0,px min,SIM1
355,2025,11,7,10,15,99.0,px max,SIM1
356,2025,11,7,10,15,30.0,count sample,SIM1
357,2025,11,7,10,30,145.56666666666666,px moyen,SIM1
358,2025,11,7,10,30,144.0,px min,SIM1
359,2025,11,7,10,30,146.0,px max,SIM1
360,2025,11,7,10,30,30.0,count sample,SIM1
361,2025,11,7,10,45,150.9,px moyen,SIM1
362,2025,11,7,10,45,150.0,px min,SIM1
363,2025,11,7,10,45,151.0,px max,SIM1
364,2025,11,7,10,45,30.0,count sample,SIM1
365,2025,11,7,11,0,153.0,px moyen,SIM1
366,2025,11,7,11,0,153.0,px min,SIM1
367,2025,11,7,11,0,153.0,px max,SIM1
368,2025,11,7,11,0,30.0,count sample,SIM1
369,2025,11,7,11,15,160.66666666666666,px moyen,SIM1
370,2025,11,7,11,15,160.0,px min,SIM1
371,2025,11,7,11,15,162.0,px max,SIM1
372,2025,11,7,11,15,30.0,count sample,SIM1
373,2025,11,7,11,30,96.93333333333334,px moyen,SIM1
374,2025,11,7,11,30,94.0,px min,SIM1
375,2025,11,7,11,30,99.0,px max,SIM1
376,2025,11,7,11,30,30.0,count sample,SIM1
377,2025,11,7,11,45,105.3,px moyen,SIM1
378,2025,11,7,11,45,104.0,px min,SIM1
379,2025,11,7,11,45,107.0,px max,SIM1
380,2025,11,7,11,45,30.0,count sample,SIM1
381,2025,11,7,12,0,106.03333333333333,px moyen,SIM1
382,2025,11,7,12,0,103.0,px min,SIM1
383,2025,11,7,12,0,111.0,px max,SIM1
384,2025,11,7,12,0,30.0,count sample,SIM1
385,2025,11,7,12,15,205.5,px moyen,SIM1
386,2025,11,7,12,15,202.0,px min,SIM1
387,2025,11,7,12,15,208.0,px max,SIM1
388,2025,11,7,12,15,30.0,count sample,SIM1
389,2025,11,7,12,30,196.1,px moyen,SIM1
390,2025,11,7,12,30,195.0,px min,SIM1
391,2025,11,7,12,30,197.0,px max,SIM1
392,2025,11,7,12,30,30.0,count sample,SIM1
393,2025,11,7,12,45,197.8,px moyen,SIM1
394,2025,11,7,12,45,197.0,px min,SIM1
395,2025,11,7,12,45,199.0,px max,SIM1
396,2025,11,7,12,45,30.0,count sample,SIM1
397,2025,11,7,13,0,183.53333333333333,px moyen,SIM1
398,2025,11,7,13,0,182.0,px min,SIM1
399,2025,11,7,13,0,185.0,px max,SIM1
400,2025,11,7,13,0,30.0,count sample,SIM1
401,2025,11,7,13,15,153.9,px moyen,SIM1
402,2025,11,7,13,15,152.0,px min,SIM1
403,2025,11,7,13,15,157.0,px max,SIM1
404,2025,11,7,13,15,30.0,count sample,SIM1
405,2025,11,7,13,30,99.66666666666667,px moyen,SIM1
406,2025,11,7,13,30,99.0,px min,SIM1
407,2025,11,7,13,30,101.0,px max,SIM1
408,2025,11,7,13,30,30.0,count sample,SIM1
409,2025,11,7,13,45,154.16666666666666,px moyen,SIM1
410,2025,11,7,13,45,151.0,px min,SIM1
411,2025,11,7,13,45,156.0,px max,SIM1
412,2025,11,7,13,45,30.0,count sample,SIM1
413,2025,11,7,14,0,151.56666666666666,px moyen,SIM1
414,2025,11,7,14,0,150.0,px min,SIM1
415,2025,11,7,14,0,153.0,px max,SIM1
416,2025,11,7,14,0,30.0,count sample,SIM1
417,2025,11,7,14,15,171.7,px moyen,SIM1
418,2025,11,7,14,15,170.0,px min,SIM1
419,2025,11,7,14,15,173.0,px max,SIM1
420,2025,11,7,14,15,30.0,count sample,SIM1
421,2025,11,7,14,30,153.76666666666668,px moyen,SIM1
422,2025,11,7,14,30,144.0,px min,SIM1
423,2025,11,7,14,30,160.0,px max,SIM1
424,2025,11,7,14,30,30.0,count sample,SIM1
425,2025,11,7,14,45,138.0,px moyen,SIM1
426,2025,11,7,14,45,137.0,px min,SIM1
427,2025,11,7,14,45,139.0,px max,SIM1
428,2025,11,7,14,45,30.0,count sample,SIM1
429,2025,11,7,15,0,194.36666666666667,px moyen,SIM1
430,2025,11,7,15,0,192.0,px min,SIM1
431,2025,11,7,15,0,197.0,px max,SIM1
432,2025,11,7,15,0,30.0,count sample,SIM1
433,2025,11,7,15,15,149.03333333333333,px moyen,SIM1
434,2025,11,7,15,15,148.0,px min,SIM1
435,2025,11,7,15,15,151.0,px max,SIM1
436,2025,11,7,15,15,30.0,count sample,SIM1
437,2025,11,7,15,30,149.2,px moyen,SIM1
438,2025,11,7,15,30,148.0,px min,SIM1
439,2025,11,7,15,30,150.0,px max,SIM1
440,2025,11,7,15,30,30.0,count sample,SIM1
441,2025,11,7,15,45,146.2,px moyen,SIM1
442,2025,11,7,15,45,146.0,px min,SIM1
443,2025,11,7,15,45,147.0,px max,SIM1
444,2025,11,7,15,45,30.0,count sample,SIM1
445,2025,11,7,16,0,149.83333333333334,px moyen,SIM1
446,2025,11,7,16,0,149.0,px min,SIM1
447,2025,11,7,16,0,150.0,px max,SIM1
448,2025,11,7,16,0,30.0,count sample,SIM1
449,2025,11,7,16,15,149.73333333333332,px moyen,SIM1
450,2025,11,7,16,15,147.0,px min,SIM1
451,2025,11,7,16,15,152.0,px max,SIM1
452,2025,11,7,16,15,30.0,count sample,SIM1
453,2025,11,7,16,30,153.73333333333332,px moyen,SIM1
454,2025,11,7,16,30,152.0,px min,SIM1
455,2025,11,7,16,30,156.0,px max,SIM1
456,2025,11,7,16,30,30.0,count sample,SIM1
457,2025,11,7,16,45,152.6,px moyen,SIM1
458,2025,11,7,16,45,149.0,px min,SIM1
459,2025,11,7,16,45,155.0,px max,SIM1
460,2025,11,7,16,45,30.0,count sample,SIM1
461,2025,11,7,17,0,108.83333333333333,px moyen,SIM1
462,2025,11,7,17,0,106.0,px min,SIM1
463,2025,11,7,17,0,111.0,px max,SIM1
464,2025,11,7,17,0,30.0,count sample,SIM1
465,2025,11,7,17,15,99.83333333333333,px moyen,SIM1
466,2025,11,7,17,15,98.0,px min,SIM1
467,2025,11,7,17,15,101.0,px max,SIM1
468,2025,11,7,17,15,30.0,count sample,SIM1
469,2025,11,7,17,30,103.83333333333333,px moyen,SIM1
470,2025,11,7,17,30,103.0,px min,SIM1
471,2025,11,7,17,30,105.0,px max,SIM1
472,2025,11,7,17,30,30.0,count sample,SIM1
473,2025,11,7,17,45,69.96666666666667,px moyen,SIM1
474,2025,11,7,17,45,53.0,px min,SIM1
475,2025,11,7,17,45,77.0,px max,SIM1
476,2025,11,7,17,45,30.0,count sample,SIM1
477,2025,11,7,18,0,103.43333333333334,px moyen,SIM1
478,2025,11,7,18,0,102.0,px min,SIM1
479,2025,11,7,18,0,105.0,px max,SIM1
480,2025,11,7,18,0,30.0,count sample,SIM1
481,2025,11,7,18,15,99.66666666666667,px moyen,SIM1
482,2025,11,7,18,15,98.0,px min,SIM1
483,2025,11,7,18,15,101.0,px max,SIM1
484,2025,11,7,18,15,30.0,count sample,SIM1
485,2025,11,7,18,30,85.93333333333334,px moyen,SIM1
486,2025,11,7,18,30,77.0,px min,SIM1
487,2025,11,7,18,30,100.0,px max,SIM1
488,2025,11,7,18,30,30.0,count sample,SIM1
489,2025,11,7,18,45,102.93333333333334,px moyen,SIM1
490,2025,11,7,18,45,102.0,px min,SIM1
491,2025,11,7,18,45,104.0,px max,SIM1
492,2025,11,7,18,45,30.0,count sample,SIM1
493,2025,11,7,19,0,102.6,px moyen,SIM1
494,2025,11,7,19,0,102.0,px min,SIM1
495,2025,11,7,19,0,104.0,px max,SIM1
496,2025,11,7,19,0,30.0,count sample,SIM1
497,2025,11,7,19,15,109.56666666666666,px moyen,SIM1
498,2025,11,7,19,15,108.0,px min,SIM1
499,2025,11,7,19,15,111.0,px max,SIM1
500,2025,11,7,19,15,30.0,count sample,SIM1
501,2025,11,7,19,30,111.7,px moyen,SIM1
502,2025,11,7,19,30,109.0,px min,SIM1
503,2025,11,7,19,30,113.0,px max,SIM1
504,2025,11,7,19,30,30.0,count sample,SIM1
505,2025,11,7,19,45,102.36666666666666,px moyen,SIM1
506,2025,11,7,19,45,101.0,px min,SIM1
507,2025,11,7,19,45,104.0,px max,SIM1
508,2025,11,7,19,45,30.0,count sample,SIM1
509,2025,11,7,20,0,101.6,px moyen,SIM1
510,2025,11,7,20,0,101.0,px min,SIM1
511,2025,11,7,20,0,104.0,px max,SIM1
512,2025,11,7,20,0,30.0,count sample,SIM1
513,2025,11,7,20,15,106.73333333333333,px moyen,SIM1
514,2025,11,7,20,15,106.0,px min,SIM1
515,2025,11,7,20,15,108.0,px max,SIM1
516,2025,11,7,20,15,30.0,count sample,SIM1
517,2025,11,7,20,30,109.4,px moyen,SIM1
518,2025,11,7,20,30,107.0,px min,SIM1
519,2025,11,7,20,30,111.0,px max,SIM1
520,2025,11,7,20,30,30.0,count sample,SIM1
521,2025,11,7,20,45,104.0,px moyen,SIM1
522,2025,11,7,20,45,102.0,px min,SIM1
523,2025,11,7,20,45,106.0,px max,SIM1
524,2025,11,7,20,45,30.0,count sample,SIM1
525,2025,11,7,21,0,109.0,px moyen,SIM1
526,2025,11,7,21,0,107.0,px min,SIM1
527,2025,11,7,21,0,112.0,px max,SIM1
528,2025,11,7,21,0,30.0,count sample,SIM1
529,2025,11,7,21,15,124.1,px moyen,SIM1
530,2025,11,7,21,15,116.0,px min,SIM1
531,2025,11,7,21,15,133.0,px max,SIM1
532,2025,11,7,21,15,30.0,count sample,SIM1
533,2025,11,7,21,30,107.86666666666666,px moyen,SIM1
534,2025,11,7,21,30,107.0,px min,SIM1
535,2025,11,7,21,30,110.0,px max,SIM1
536,2025,11,7,21,30,30.0,count sample,SIM1
537,2025,11,7,21,45,104.76666666666667,px moyen,SIM1
538,2025,11,7,21,45,104.0,px min,SIM1
539,2025,11,7,21,45,106.0,px max,SIM1
540,2025,11,7,21,45,30.0,count sample,SIM1
541,2025,11,7,22,0,127.96666666666667,px moyen,SIM1
542,2025,11,7,22,0,125.0,px min,SIM1
543,2025,11,7,22,0,130.0,px max,SIM1
544,2025,11,7,22,0,30.0,count sample,SIM1
545,2025,11,7,22,15,108.03333333333333,px moyen,SIM1
546,2025,11,7,22,15,106.0,px min,SIM1
547,2025,11,7,22,15,111.0,px max,SIM1
548,2025,11,7,22,15,30.0,count sample,SIM1
549,2025,11,7,22,30,109.53333333333333,px moyen,SIM1
550,2025,11,7,22,30,107.0,px min,SIM1
551,2025,11,7,22,30,111.0,px max,SIM1
552,2025,11,7,22,30,30.0,count sample,SIM1
553,2025,11,7,22,45,147.8,px moyen,SIM1
554,2025,11,7,22,45,147.0,px min,SIM1
555,2025,11,7,22,45,149.0,px max,SIM1
556,2025,11,7,22,45,30.0,count sample,SIM1
557,2025,11,7,23,0,119.7,px moyen,SIM1
558,2025,11,7,23,0,119.0,px min,SIM1
559,2025,11,7,23,0,121.0,px max,SIM1
560,2025,11,7,23,0,30.0,count sample,SIM1
561,2025,11,7,23,15,137.86666666666667,px moyen,SIM1
562,2025,11,7,23,15,122.0,px min,SIM1
563,2025,11,7,23,15,151.0,px max,SIM1
564,2025,11,7,23,15,30.0,count sample,SIM1
565,2025,11,7,23,30,158.26666666666668,px moyen,SIM1
566,2025,11,7,23,30,156.0,px min,SIM1
567,2025,11,7,23,30,161.0,px max,SIM1
568,2025,11,7,23,30,30.0,count sample,SIM1
569,2025,11,7,23,45,162.2,px moyen,SIM1
570,2025,11,7,23,45,161.0,px min,SIM1
571,2025,11,7,23,45,163.0,px max,SIM1
572,2025,11,7,23,45,30.0,count sample,SIM1
573,2025,11,8,0,0,158.93333333333334,px moyen,SIM1
574,2025,11,8,0,0,158.0,px min,SIM1
575,2025,11,8,0,0,159.0,px max,SIM1
576,2025,11,8,0,0,30.0,count sample,SIM1
577,2025,11,8,0,15,154.73333333333332,px moyen,SIM1
578,2025,11,8,0,15,152.0,px min,SIM1
579,2025,11,8,0,15,157.0,px max,SIM1
580,2025,11,8,0,15,30.0,count sample,SIM1
581,2025,11,8,0,30,139.4,px moyen,SIM1
582,2025,11,8,0,30,124.0,px min,SIM1
583,2025,11,8,0,30,150.0,px max,SIM1
584,2025,11,8,0,30,30.0,count sample,SIM1
585,2025,11,8,0,45,156.2,px moyen,SIM1
586,2025,11,8,0,45,155.0,px min,SIM1
587,2025,11,8,0,45,157.0,px max,SIM1
588,2025,11,8,0,45,30.0,count sample,SIM1
589,2025,11,8,1,0,110.86666666666666,px moyen,SIM1
590,2025,11,8,1,0,110.0,px min,SIM1
591,2025,11,8,1,0,112.0,px max,SIM1
592,2025,11,8,1,0,30.0,count sample,SIM1
593,2025,11,8,1,15,130.2,px moyen,SIM1
594,2025,11,8,1,15,117.0,px min,SIM1
595,2025,11,8,1,15,140.0,px max,SIM1
596,2025,11,8,1,15,30.0,count sample,SIM1
597,2025,11,8,1,30,157.36666666666667,px moyen,SIM1
598,2025,11,8,1,30,156.0,px min,SIM1
599,2025,11,8,1,30,159.0,px max,SIM1
600,2025,11,8,1,30,30.0,count sample,SIM1
601,2025,11,8,1,45,156.9,px moyen,SIM1
602,2025,11,8,1,45,155.0,px min,SIM1
603,2025,11,8,1,45,160.0,px max,SIM1
604,2025,11,8,1,45,30.0,count sample,SIM1
605,2025,11,8,2,0,162.73333333333332,px moyen,SIM1
606,2025,11,8,2,0,161.0,px min,SIM1
607,2025,11,8,2,0,164.0,px max,SIM1
608,2025,11,8,2,0,30.0,count sample,SIM1
609,2025,11,8,2,15,158.86666666666667,px moyen,SIM1
610,2025,11,8,2,15,158.0,px min,SIM1
611,2025,11,8,2,15,160.0,px max,SIM1
612,2025,11,8,2,15,30.0,count sample,SIM1
613,2025,11,8,2,30,146.6,px moyen,SIM1
614,2025,11,8,2,30,133.0,px min,SIM1
615,2025,11,8,2,30,150.0,px max,SIM1
616,2025,11,8,2,30,30.0,count sample,SIM1
617,2025,11,8,2,45,150.33333333333334,px moyen,SIM1
618,2025,11,8,2,45,149.0,px min,SIM1
619,2025,11,8,2,45,153.0,px max,SIM1
620,2025,11,8,2,45,30.0,count sample,SIM1
621,2025,11,8,3,0,163.73333333333332,px moyen,SIM1
622,2025,11,8,3,0,162.0,px min,SIM1
623,2025,11,8,3,0,166.0,px max,SIM1
624,2025,11,8,3,0,30.0,count sample,SIM1
625,2025,11,8,3,15,156.2,px moyen,SIM1
626,2025,11,8,3,15,153.0,px min,SIM1
627,2025,11,8,3,15,160.0,px max,SIM1
628,2025,11,8,3,15,30.0,count sample,SIM1
629,2025,11,8,3,30,152.96666666666667,px moyen,SIM1
630,2025,11,8,3,30,149.0,px min,SIM1
631,2025,11,8,3,30,157.0,px max,SIM1
632,2025,11,8,3,30,30.0,count sample,SIM1
633,2025,11,8,3,45,163.2,px moyen,SIM1
634,2025,11,8,3,45,162.0,px min,SIM1
635,2025,11,8,3,45,164.0,px max,SIM1
636,2025,11,8,3,45,30.0,count sample,SIM1
637,2025,11,8,4,0,145.3,px moyen,SIM1
638,2025,11,8,4,0,141.0,px min,SIM1
639,2025,11,8,4,0,151.0,px max,SIM1
640,2025,11,8,4,0,30.0,count sample,SIM1
641,2025,11,8,4,15,156.3,px moyen,SIM1
642,2025,11,8,4,15,154.0,px min,SIM1
643,2025,11,8,4,15,158.0,px max,SIM1
644,2025,11,8,4,15,30.0,count sample,SIM1
645,2025,11,8,4,30,122.13333333333334,px moyen,SIM1
646,2025,11,8,4,30,117.0,px min,SIM1
647,2025,11,8,4,30,129.0,px max,SIM1
648,2025,11,8,4,30,30.0,count sample,SIM1
649,2025,11,8,4,45,150.7,px moyen,SIM1
650,2025,11,8,4,45,147.0,px min,SIM1
651,2025,11,8,4,45,156.0,px max,SIM1
652,2025,11,8,4,45,30.0,count sample,SIM1
653,2025,11,8,5,0,150.13333333333333,px moyen,SIM1
654,2025,11,8,5,0,145.0,px min,SIM1
655,2025,11,8,5,0,156.0,px max,SIM1
656,2025,11,8,5,0,30.0,count sample,SIM1
657,2025,11,8,5,15,159.33333333333334,px moyen,SIM1
658,2025,11,8,5,15,157.0,px min,SIM1
659,2025,11,8,5,15,161.0,px max,SIM1
660,2025,11,8,5,15,30.0,count sample,SIM1
661,2025,11,8,5,30,134.16666666666666,px moyen,SIM1
662,2025,11,8,5,30,129.0,px min,SIM1
663,2025,11,8,5,30,145.0,px max,SIM1
664,2025,11,8,5,30,30.0,count sample,SIM1
665,2025,11,8,5,45,169.13333333333333,px moyen,SIM1
666,2025,11,8,5,45,167.0,px min,SIM1
667,2025,11,8,5,45,170.0,px max,SIM1
668,2025,11,8,5,45,30.0,count sample,SIM1
669,2025,11,8,6,0,187.56666666666666,px moyen,SIM1
670,2025,11,8,6,0,186.0,px min,SIM1
671,2025,11,8,6,0,188.0,px max,SIM1
672,2025,11,8,6,0,30.0,count sample,SIM1
673,2025,11,8,6,15,168.1,px moyen,SIM1
674,2025,11,8,6,15,168.0,px min,SIM1
675,2025,11,8,6,15,169.0,px max,SIM1
676,2025,11,8,6,15,30.0,count sample,SIM1
677,2025,11,8,6,30,163.03333333333333,px moyen,SIM1
678,2025,11,8,6,30,162.0,px min,SIM1
679,2025,11,8,6,30,164.0,px max,SIM1
680,2025,11,8,6,30,30.0,count sample,SIM1
681,2025,11,8,6,45,168.86666666666667,px moyen,SIM1
682,2025,11,8,6,45,168.0,px min,SIM1
683,2025,11,8,6,45,169.0,px max,SIM1
684,2025,11,8,6,45,30.0,count sample,SIM1
685,2025,11,8,7,0,167.36666666666667,px moyen,SIM1
686,2025,11,8,7,0,167.0,px min,SIM1
687,2025,11,8,7,0,168.0,px max,SIM1
688,2025,11,8,7,0,30.0,count sample,SIM1
689,2025,11,8,7,15,162.06666666666666,px moyen,SIM1
690,2025,11,8,7,15,117.0,px min,SIM1
691,2025,11,8,7,15,166.0,px max,SIM1
692,2025,11,8,7,15,30.0,count sample,SIM1
693,2025,11,8,7,30,168.3,px moyen,SIM1
694,2025,11,8,7,30,168.0,px min,SIM1
695,2025,11,8,7,30,169.0,px max,SIM1
696,2025,11,8,7,30,30.0,count sample,SIM1
697,2025,11,8,7,45,162.0,px moyen,SIM1
698,2025,11,8,7,45,162.0,px min,SIM1
699,2025,11,8,7,45,162.0,px max,SIM1
700,2025,11,8,7,45,30.0,count sample,SIM1
701,2025,11,8,8,15,166.96666666666667,px moyen,SIM1
702,2025,11,8,8,15,166.0,px min,SIM1
703,2025,11,8,8,15,167.0,px max,SIM1
704,2025,11,8,8,15,30.0,count sample,SIM1
705,2025,11,8,8,30,167.0,px moyen,SIM1
706,2025,11,8,8,30,167.0,px min,SIM1
707,2025,11,8,8,30,167.0,px max,SIM1
708,2025,11,8,8,30,30.0,count sample,SIM1
709,2025,11,8,8,45,165.6,px moyen,SIM1
710,2025,11,8,8,45,164.0,px min,SIM1
711,2025,11,8,8,45,166.0,px max,SIM1
712,2025,11,8,8,45,30.0,count sample,SIM1
713,2025,11,8,9,0,166.8,px moyen,SIM1
714,2025,11,8,9,0,165.0,px min,SIM1
715,2025,11,8,9,0,167.0,px max,SIM1
716,2025,11,8,9,0,30.0,count sample,SIM1
717,2025,11,8,9,15,166.73333333333332,px moyen,SIM1
718,2025,11,8,9,15,166.0,px min,SIM1
719,2025,11,8,9,15,168.0,px max,SIM1
720,2025,11,8,9,15,30.0,count sample,SIM1
721,2025,11,8,9,30,162.86666666666667,px moyen,SIM1
722,2025,11,8,9,30,162.0,px min,SIM1
723,2025,11,8,9,30,163.0,px max,SIM1
724,2025,11,8,9,30,30.0,count sample,SIM1
725,2025,11,8,9,45,168.0,px moyen,SIM1
726,2025,11,8,9,45,168.0,px min,SIM1
727,2025,11,8,9,45,168.0,px max,SIM1
728,2025,11,8,9,45,30.0,count sample,SIM1
729,2025,11,8,10,0,164.8,px moyen,SIM1
730,2025,11,8,10,0,164.0,px min,SIM1
731,2025,11,8,10,0,165.0,px max,SIM1
732,2025,11,8,10,0,30.0,count sample,SIM1
733,2025,11,8,10,15,163.03333333333333,px moyen,SIM1
734,2025,11,8,10,15,162.0,px min,SIM1
735,2025,11,8,10,15,164.0,px max,SIM1
736,2025,11,8,10,15,30.0,count sample,SIM1
737,2025,11,8,10,30,163.56666666666666,px moyen,SIM1
738,2025,11,8,10,30,163.0,px min,SIM1
739,2025,11,8,10,30,164.0,px max,SIM1
740,2025,11,8,10,30,30.0,count sample,SIM1
741,2025,11,8,10,45,157.83333333333334,px moyen,SIM1
742,2025,11,8,10,45,157.0,px min,SIM1
743,2025,11,8,10,45,159.0,px max,SIM1
744,2025,11,8,10,45,30.0,count sample,SIM1
745,2025,11,8,11,0,154.63333333333333,px moyen,SIM1
746,2025,11,8,11,0,154.0,px min,SIM1
747,2025,11,8,11,0,155.0,px max,SIM1
748,2025,11,8,11,0,30.0,count sample,SIM1
749,2025,11,8,11,15,150.23333333333332,px moyen,SIM1
750,2025,11,8,11,15,150.0,px min,SIM1
751,2025,11,8,11,15,151.0,px max,SIM1
752,2025,11,8,11,15,30.0,count sample,SIM1
753,2025,11,8,11,30,146.63333333333333,px moyen,SIM1
754,2025,11,8,11,30,146.0,px min,SIM1
755,2025,11,8,11,30,147.0,px max,SIM1
756,2025,11,8,11,30,30.0,count sample,SIM1
757,2025,11,8,11,45,149.3,px moyen,SIM1
758,2025,11,8,11,45,148.0,px min,SIM1
759,2025,11,8,11,45,150.0,px max,SIM1
760,2025,11,8,11,45,30.0,count sample,SIM1
761,2025,11,8,12,0,148.1,px moyen,SIM1
762,2025,11,8,12,0,148.0,px min,SIM1
763,2025,11,8,12,0,149.0,px max,SIM1
764,2025,11,8,12,0,30.0,count sample,SIM1
765,2025,11,8,12,15,145.7,px moyen,SIM1
766,2025,11,8,12,15,145.0,px min,SIM1
767,2025,11,8,12,15,146.0,px max,SIM1
768,2025,11,8,12,15,30.0,count sample,SIM1
769,2025,11,8,12,30,146.3,px moyen,SIM1
770,2025,11,8,12,30,146.0,px min,SIM1
771,2025,11,8,12,30,147.0,px max,SIM1
772,2025,11,8,12,30,30.0,count sample,SIM1
773,2025,11,8,12,45,147.7,px moyen,SIM1
774,2025,11,8,12,45,147.0,px min,SIM1
775,2025,11,8,12,45,148.0,px max,SIM1
776,2025,11,8,12,45,30.0,count sample,SIM1
777,2025,11,8,13,0,148.23333333333332,px moyen,SIM1
778,2025,11,8,13,0,148.0,px min,SIM1
779,2025,11,8,13,0,149.0,px max,SIM1
780,2025,11,8,13,0,30.0,count sample,SIM1
781,2025,11,8,13,15,160.7,px moyen,SIM1
782,2025,11,8,13,15,160.0,px min,SIM1
783,2025,11,8,13,15,162.0,px max,SIM1
784,2025,11,8,13,15,30.0,count sample,SIM1
785,2025,11,8,13,30,159.46666666666667,px moyen,SIM1
786,2025,11,8,13,30,156.0,px min,SIM1
787,2025,11,8,13,30,162.0,px max,SIM1
788,2025,11,8,13,30,30.0,count sample,SIM1
789,2025,11,8,13,45,161.4,px moyen,SIM1
790,2025,11,8,13,45,159.0,px min,SIM1
791,2025,11,8,13,45,165.0,px max,SIM1
792,2025,11,8,13,45,30.0,count sample,SIM1
793,2025,11,8,14,0,144.93333333333334,px moyen,SIM1
794,2025,11,8,14,0,144.0,px min,SIM1
795,2025,11,8,14,0,146.0,px max,SIM1
796,2025,11,8,14,0,30.0,count sample,SIM1
797,2025,11,8,14,15,170.0,px moyen,SIM1
798,2025,11,8,14,15,168.0,px min,SIM1
799,2025,11,8,14,15,173.0,px max,SIM1
800,2025,11,8,14,15,30.0,count sample,SIM1
801,2025,11,8,14,30,162.16666666666666,px moyen,SIM1
802,2025,11,8,14,30,161.0,px min,SIM1
803,2025,11,8,14,30,164.0,px max,SIM1
804,2025,11,8,14,30,30.0,count sample,SIM1
805,2025,11,8,14,45,145.23333333333332,px moyen,SIM1
806,2025,11,8,14,45,144.0,px min,SIM1
807,2025,11,8,14,45,146.0,px max,SIM1
808,2025,11,8,14,45,30.0,count sample,SIM1
809,2025,11,8,15,0,149.16666666666666,px moyen,SIM1
810,2025,11,8,15,0,149.0,px min,SIM1
811,2025,11,8,15,0,150.0,px max,SIM1
812,2025,11,8,15,0,30.0,count sample,SIM1
813,2025,11,8,15,15,139.36666666666667,px moyen,SIM1
814,2025,11,8,15,15,138.0,px min,SIM1
815,2025,11,8,15,15,142.0,px max,SIM1
816,2025,11,8,15,15,30.0,count sample,SIM1
817,2025,11,8,15,30,160.66666666666666,px moyen,SIM1
818,2025,11,8,15,30,160.0,px min,SIM1
819,2025,11,8,15,30,161.0,px max,SIM1
820,2025,11,8,15,30,30.0,count sample,SIM1
821,2025,11,8,15,45,153.43333333333334,px moyen,SIM1
822,2025,11,8,15,45,153.0,px min,SIM1
823,2025,11,8,15,45,155.0,px max,SIM1
824,2025,11,8,15,45,30.0,count sample,SIM1
825,2025,11,8,16,0,154.63333333333333,px moyen,SIM1
826,2025,11,8,16,0,152.0,px min,SIM1
827,2025,11,8,16,0,157.0,px max,SIM1
828,2025,11,8,16,0,30.0,count sample,SIM1
829,2025,11,8,16,15,158.6,px moyen,SIM1
830,2025,11,8,16,15,158.0,px min,SIM1
831,2025,11,8,16,15,159.0,px max,SIM1
832,2025,11,8,16,15,30.0,count sample,SIM1
833,2025,11,8,16,30,155.4,px moyen,SIM1
834,2025,11,8,16,30,154.0,px min,SIM1
835,2025,11,8,16,30,158.0,px max,SIM1
836,2025,11,8,16,30,30.0,count sample,SIM1
837,2025,11,8,16,45,149.43333333333334,px moyen,SIM1
838,2025,11,8,16,45,140.0,px min,SIM1
839,2025,11,8,16,45,154.0,px max,SIM1
840,2025,11,8,16,45,30.0,count sample,SIM1
841,2025,11,8,17,0,97.1,px moyen,SIM1
842,2025,11,8,17,0,95.0,px min,SIM1
843,2025,11,8,17,0,99.0,px max,SIM1
844,2025,11,8,17,0,30.0,count sample,SIM1
845,2025,11,8,17,15,106.66666666666667,px moyen,SIM1
846,2025,11,8,17,15,102.0,px min,SIM1
847,2025,11,8,17,15,109.0,px max,SIM1
848,2025,11,8,17,15,30.0,count sample,SIM1
849,2025,11,8,17,30,109.83333333333333,px moyen,SIM1
850,2025,11,8,17,30,108.0,px min,SIM1
851,2025,11,8,17,30,112.0,px max,SIM1
852,2025,11,8,17,30,30.0,count sample,SIM1
853,2025,11,8,17,45,108.53333333333333,px moyen,SIM1
854,2025,11,8,17,45,107.0,px min,SIM1
855,2025,11,8,17,45,110.0,px max,SIM1
856,2025,11,8,17,45,30.0,count sample,SIM1
857,2025,11,8,18,0,112.5,px moyen,SIM1
858,2025,11,8,18,0,112.0,px min,SIM1
859,2025,11,8,18,0,114.0,px max,SIM1
860,2025,11,8,18,0,30.0,count sample,SIM1
861,2025,11,8,18,15,106.6,px moyen,SIM1
862,2025,11,8,18,15,105.0,px min,SIM1
863,2025,11,8,18,15,109.0,px max,SIM1
864,2025,11,8,18,15,30.0,count sample,SIM1
865,2025,11,8,18,30,108.23333333333333,px moyen,SIM1
866,2025,11,8,18,30,107.0,px min,SIM1
867,2025,11,8,18,30,109.0,px max,SIM1
868,2025,11,8,18,30,30.0,count sample,SIM1
869,2025,11,8,18,45,100.16666666666667,px moyen,SIM1
870,2025,11,8,18,45,98.0,px min,SIM1
871,2025,11,8,18,45,102.0,px max,SIM1
872,2025,11,8,18,45,30.0,count sample,SIM1
873,2025,11,8,19,0,98.86666666666666,px moyen,SIM1
874,2025,11,8,19,0,98.0,px min,SIM1
875,2025,11,8,19,0,100.0,px max,SIM1
876,2025,11,8,19,0,30.0,count sample,SIM1
877,2025,11,8,19,15,93.63333333333334,px moyen,SIM1
878,2025,11,8,19,15,91.0,px min,SIM1
879,2025,11,8,19,15,96.0,px max,SIM1
880,2025,11,8,19,15,30.0,count sample,SIM1
881,2025,11,8,19,30,110.6,px moyen,SIM1
882,2025,11,8,19,30,109.0,px min,SIM1
883,2025,11,8,19,30,112.0,px max,SIM1
884,2025,11,8,19,30,30.0,count sample,SIM1
885,2025,11,8,19,45,108.16666666666667,px moyen,SIM1
886,2025,11,8,19,45,106.0,px min,SIM1
887,2025,11,8,19,45,111.0,px max,SIM1
888,2025,11,8,19,45,30.0,count sample,SIM1
889,2025,11,8,20,0,111.2,px moyen,SIM1
890,2025,11,8,20,0,111.0,px min,SIM1
891,2025,11,8,20,0,112.0,px max,SIM1
892,2025,11,8,20,0,30.0,count sample,SIM1
893,2025,11,8,20,15,100.96666666666667,px moyen,SIM1
894,2025,11,8,20,15,100.0,px min,SIM1
895,2025,11,8,20,15,102.0,px max,SIM1
896,2025,11,8,20,15,30.0,count sample,SIM1
897,2025,11,8,20,30,108.46666666666667,px moyen,SIM1
898,2025,11,8,20,30,107.0,px min,SIM1
899,2025,11,8,20,30,110.0,px max,SIM1
900,2025,11,8,20,30,30.0,count sample,SIM1
901,2025,11,8,20,45,110.6,px moyen,SIM1
902,2025,11,8,20,45,109.0,px min,SIM1
903,2025,11,8,20,45,112.0,px max,SIM1
904,2025,11,8,20,45,30.0,count sample,SIM1
905,2025,11,8,21,0,110.0,px moyen,SIM1
906,2025,11,8,21,0,108.0,px min,SIM1
907,2025,11,8,21,0,111.0,px max,SIM1
908,2025,11,8,21,0,30.0,count sample,SIM1
909,2025,11,8,21,15,107.4,px moyen,SIM1
910,2025,11,8,21,15,105.0,px min,SIM1
911,2025,11,8,21,15,110.0,px max,SIM1
912,2025,11,8,21,15,30.0,count sample,SIM1
913,2025,11,8,21,30,99.8,px moyen,SIM1
914,2025,11,8,21,30,87.0,px min,SIM1
915,2025,11,8,21,30,106.0,px max,SIM1
916,2025,11,8,21,30,30.0,count sample,SIM1
917,2025,11,8,21,45,111.66666666666667,px moyen,SIM1
918,2025,11,8,21,45,111.0,px min,SIM1
919,2025,11,8,21,45,113.0,px max,SIM1
920,2025,11,8,21,45,30.0,count sample,SIM1
921,2025,11,8,22,0,107.8,px moyen,SIM1
922,2025,11,8,22,0,106.0,px min,SIM1
923,2025,11,8,22,0,110.0,px max,SIM1
924,2025,11,8,22,0,30.0,count sample,SIM1
925,2025,11,8,22,15,102.53333333333333,px moyen,SIM1
926,2025,11,8,22,15,101.0,px min,SIM1
927,2025,11,8,22,15,104.0,px max,SIM1
928,2025,11,8,22,15,30.0,count sample,SIM1
929,2025,11,8,22,30,99.86666666666666,px moyen,SIM1
930,2025,11,8,22,30,96.0,px min,SIM1
931,2025,11,8,22,30,103.0,px max,SIM1
932,2025,11,8,22,30,30.0,count sample,SIM1
933,2025,11,8,22,45,104.13333333333334,px moyen,SIM1
934,2025,11,8,22,45,103.0,px min,SIM1
935,2025,11,8,22,45,105.0,px max,SIM1
936,2025,11,8,22,45,30.0,count sample,SIM1
937,2025,11,8,23,0,108.33333333333333,px moyen,SIM1
938,2025,11,8,23,0,105.0,px min,SIM1
939,2025,11,8,23,0,111.0,px max,SIM1
940,2025,11,8,23,0,30.0,count sample,SIM1
941,2025,11,8,23,15,111.73333333333333,px moyen,SIM1
942,2025,11,8,23,15,110.0,px min,SIM1
943,2025,11,8,23,15,113.0,px max,SIM1
944,2025,11,8,23,15,30.0,count sample,SIM1
945,2025,11,8,23,30,113.5,px moyen,SIM1
946,2025,11,8,23,30,112.0,px min,SIM1
947,2025,11,8,23,30,115.0,px max,SIM1
948,2025,11,8,23,30,30.0,count sample,SIM1
949,2025,11,8,23,45,107.93333333333334,px moyen,SIM1
950,2025,11,8,23,45,106.0,px min,SIM1
951,2025,11,8,23,45,110.0,px max,SIM1
952,2025,11,8,23,45,30.0,count sample,SIM1
953,2025,11,9,0,0,112.7,px moyen,SIM1
954,2025,11,9,0,0,112.0,px min,SIM1
955,2025,11,9,0,0,114.0,px max,SIM1
956,2025,11,9,0,0,30.0,count sample,SIM1
957,2025,11,9,0,15,103.33333333333333,px moyen,SIM1
958,2025,11,9,0,15,102.0,px min,SIM1
959,2025,11,9,0,15,105.0,px max,SIM1
960,2025,11,9,0,15,30.0,count sample,SIM1
961,2025,11,9,0,30,114.26666666666667,px moyen,SIM1
962,2025,11,9,0,30,114.0,px min,SIM1
963,2025,11,9,0,30,115.0,px max,SIM1
964,2025,11,9,0,30,30.0,count sample,SIM1
965,2025,11,9,0,45,114.7,px moyen,SIM1
966,2025,11,9,0,45,114.0,px min,SIM1
967,2025,11,9,0,45,115.0,px max,SIM1
968,2025,11,9,0,45,30.0,count sample,SIM1
969,2025,11,9,1,0,107.5,px moyen,SIM1
970,2025,11,9,1,0,106.0,px min,SIM1
971,2025,11,9,1,0,109.0,px max,SIM1
972,2025,11,9,1,0,30.0,count sample,SIM1
973,2025,11,9,1,15,112.96666666666667,px moyen,SIM1
974,2025,11,9,1,15,111.0,px min,SIM1
975,2025,11,9,1,15,115.0,px max,SIM1
976,2025,11,9,1,15,30.0,count sample,SIM1
977,2025,11,9,1,30,115.2,px moyen,SIM1
978,2025,11,9,1,30,114.0,px min,SIM1
979,2025,11,9,1,30,118.0,px max,SIM1
980,2025,11,9,1,30,30.0,count sample,SIM1
981,2025,11,9,1,45,109.13333333333334,px moyen,SIM1
982,2025,11,9,1,45,108.0,px min,SIM1
983,2025,11,9,1,45,110.0,px max,SIM1
984,2025,11,9,1,45,30.0,count sample,SIM1
985,2025,11,9,2,0,108.66666666666667,px moyen,SIM1
986,2025,11,9,2,0,107.0,px min,SIM1
987,2025,11,9,2,0,110.0,px max,SIM1
988,2025,11,9,2,0,30.0,count sample,SIM1
989,2025,11,9,2,15,111.76666666666667,px moyen,SIM1
990,2025,11,9,2,15,109.0,px min,SIM1
991,2025,11,9,2,15,114.0,px max,SIM1
992,2025,11,9,2,15,30.0,count sample,SIM1
993,2025,11,9,2,30,137.3,px moyen,SIM1
994,2025,11,9,2,30,135.0,px min,SIM1
995,2025,11,9,2,30,142.0,px max,SIM1
996,2025,11,9,2,30,30.0,count sample,SIM1
997,2025,11,9,2,45,119.4,px moyen,SIM1
998,2025,11,9,2,45,117.0,px min,SIM1
999,2025,11,9,2,45,122.0,px max,SIM1
1000,2025,11,9,2,45,30.0,count sample,SIM1
1001,2025,11,9,3,0,115.06666666666666,px moyen,SIM1
1002,2025,11,9,3,0,113.0,px min,SIM1
1003,2025,11,9,3,0,117.0,px max,SIM1
1004,2025,11,9,3,0,30.0,count sample,SIM1
1005,2025,11,9,3,15,127.8,px moyen,SIM1
1006,2025,11,9,3,15,116.0,px min,SIM1
1007,2025,11,9,3,15,134.0,px max,SIM1
1008,2025,11,9,3,15,30.0,count sample,SIM1
1009,2025,11,9,3,30,117.66666666666667,px moyen,SIM1
1010,2025,11,9,3,30,116.0,px min,SIM1
1011,2025,11,9,3,30,120.0,px max,SIM1
1012,2025,11,9,3,30,30.0,count sample,SIM1
1013,2025,11,9,3,45,113.46666666666667,px moyen,SIM1
1014,2025,11,9,3,45,112.0,px min,SIM1
1015,2025,11,9,3,45,115.0,px max,SIM1
1016,2025,11,9,3,45,30.0,count sample,SIM1
1017,2025,11,9,4,0,117.96666666666667,px moyen,SIM1
1018,2025,11,9,4,0,110.0,px min,SIM1
1019,2025,11,9,4,0,125.0,px max,SIM1
1020,2025,11,9,4,0,30.0,count sample,SIM1
1021,2025,11,9,4,15,112.3,px moyen,SIM1
1022,2025,11,9,4,15,111.0,px min,SIM1
1023,2025,11,9,4,15,114.0,px max,SIM1
1024,2025,11,9,4,15,30.0,count sample,SIM1
1025,2025,11,9,4,30,109.6,px moyen,SIM1
1026,2025,11,9,4,30,109.0,px min,SIM1
1027,2025,11,9,4,30,111.0,px max,SIM1
1028,2025,11,9,4,30,30.0,count sample,SIM1
1029,2025,11,9,4,45,114.9,px moyen,SIM1
1030,2025,11,9,4,45,113.0,px min,SIM1
1031,2025,11,9,4,45,117.0,px max,SIM1
1032,2025,11,9,4,45,30.0,count sample,SIM1
1033,2025,11,9,5,0,116.83333333333333,px moyen,SIM1
1034,2025,11,9,5,0,116.0,px min,SIM1
1035,2025,11,9,5,0,118.0,px max,SIM1
1036,2025,11,9,5,0,30.0,count sample,SIM1
1037,2025,11,9,5,15,108.1,px moyen,SIM1
1038,2025,11,9,5,15,105.0,px min,SIM1
1039,2025,11,9,5,15,110.0,px max,SIM1
1040,2025,11,9,5,15,30.0,count sample,SIM1
1041,2025,11,9,5,30,121.13333333333334,px moyen,SIM1
1042,2025,11,9,5,30,115.0,px min,SIM1
1043,2025,11,9,5,30,131.0,px max,SIM1
1044,2025,11,9,5,30,30.0,count sample,SIM1
1045,2025,11,9,5,45,111.9,px moyen,SIM1
1046,2025,11,9,5,45,110.0,px min,SIM1
1047,2025,11,9,5,45,116.0,px max,SIM1
1048,2025,11,9,5,45,30.0,count sample,SIM1
1049,2025,11,9,6,0,90.2,px moyen,SIM1
1050,2025,11,9,6,0,90.0,px min,SIM1
1051,2025,11,9,6,0,91.0,px max,SIM1
1052,2025,11,9,6,0,30.0,count sample,SIM1
1053,2025,11,9,6,15,155.13333333333333,px moyen,SIM1
1054,2025,11,9,6,15,154.0,px min,SIM1
1055,2025,11,9,6,15,156.0,px max,SIM1
1056,2025,11,9,6,15,30.0,count sample,SIM1
1057,2025,11,9,6,30,153.43333333333334,px moyen,SIM1
1058,2025,11,9,6,30,153.0,px min,SIM1
1059,2025,11,9,6,30,154.0,px max,SIM1
1060,2025,11,9,6,30,30.0,count sample,SIM1
1061,2025,11,9,6,45,149.5,px moyen,SIM1
1062,2025,11,9,6,45,149.0,px min,SIM1
1063,2025,11,9,6,45,150.0,px max,SIM1
1064,2025,11,9,6,45,30.0,count sample,SIM1
1065,2025,11,9,7,0,147.2,px moyen,SIM1
1066,2025,11,9,7,0,147.0,px min,SIM1
1067,2025,11,9,7,0,148.0,px max,SIM1
1068,2025,11,9,7,0,30.0,count sample,SIM1
1069,2025,11,9,7,15,151.96666666666667,px moyen,SIM1
1070,2025,11,9,7,15,151.0,px min,SIM1
1071,2025,11,9,7,15,152.0,px max,SIM1
1072,2025,11,9,7,15,30.0,count sample,SIM1
1073,2025,11,9,7,30,150.23333333333332,px moyen,SIM1
1074,2025,11,9,7,30,149.0,px min,SIM1
1075,2025,11,9,7,30,151.0,px max,SIM1
1076,2025,11,9,7,30,30.0,count sample,SIM1
1077,2025,11,9,7,45,146.96666666666667,px moyen,SIM1
1078,2025,11,9,7,45,146.0,px min,SIM1
1079,2025,11,9,7,45,148.0,px max,SIM1
1080,2025,11,9,7,45,30.0,count sample,SIM1
1081,2025,11,9,8,15,153.1,px moyen,SIM1
1082,2025,11,9,8,15,152.0,px min,SIM1
1083,2025,11,9,8,15,154.0,px max,SIM1
1084,2025,11,9,8,15,30.0,count sample,SIM1
1085,2025,11,9,8,30,149.56666666666666,px moyen,SIM1
1086,2025,11,9,8,30,148.0,px min,SIM1
1087,2025,11,9,8,30,150.0,px max,SIM1
1088,2025,11,9,8,30,30.0,count sample,SIM1
1089,2025,11,9,8,45,151.96666666666667,px moyen,SIM1
1090,2025,11,9,8,45,151.0,px min,SIM1
1091,2025,11,9,8,45,153.0,px max,SIM1
1092,2025,11,9,8,45,30.0,count sample,SIM1
1093,2025,11,9,9,0,151.56666666666666,px moyen,SIM1
1094,2025,11,9,9,0,151.0,px min,SIM1
1095,2025,11,9,9,0,153.0,px max,SIM1
1096,2025,11,9,9,0,30.0,count sample,SIM1
1097,2025,11,9,9,15,152.16666666666666,px moyen,SIM1
1098,2025,11,9,9,15,151.0,px min,SIM1
1099,2025,11,9,9,15,153.0,px max,SIM1
1100,2025,11,9,9,15,30.0,count sample,SIM1
1101,2025,11,9,9,30,150.93333333333334,px moyen,SIM1
1102,2025,11,9,9,30,150.0,px min,SIM1
1103,2025,11,9,9,30,152.0,px max,SIM1
1104,2025,11,9,9,30,30.0,count sample,SIM1
1105,2025,11,9,9,45,146.46666666666667,px moyen,SIM1
1106,2025,11,9,9,45,146.0,px min,SIM1
1107,2025,11,9,9,45,147.0,px max,SIM1
1108,2025,11,9,9,45,30.0,count sample,SIM1
1109,2025,11,9,10,0,148.83333333333334,px moyen,SIM1
1110,2025,11,9,10,0,148.0,px min,SIM1
1111,2025,11,9,10,0,150.0,px max,SIM1
1112,2025,11,9,10,0,30.0,count sample,SIM1
1113,2025,11,9,10,15,148.16666666666666,px moyen,SIM1
1114,2025,11,9,10,15,148.0,px min,SIM1
1115,2025,11,9,10,15,149.0,px max,SIM1
1116,2025,11,9,10,15,30.0,count sample,SIM1
1117,2025,11,9,10,30,148.93333333333334,px moyen,SIM1
1118,2025,11,9,10,30,148.0,px min,SIM1
1119,2025,11,9,10,30,150.0,px max,SIM1
1120,2025,11,9,10,30,30.0,count sample,SIM1
1121,2025,11,9,10,45,151.1,px moyen,SIM1
1122,2025,11,9,10,45,150.0,px min,SIM1
1123,2025,11,9,10,45,153.0,px max,SIM1
1124,2025,11,9,10,45,30.0,count sample,SIM1
1125,2025,11,9,11,0,148.56666666666666,px moyen,SIM1
1126,2025,11,9,11,0,148.0,px min,SIM1
1127,2025,11,9,11,0,149.0,px max,SIM1
1128,2025,11,9,11,0,30.0,count sample,SIM1
1129,2025,11,9,11,15,149.0,px moyen,SIM1
1130,2025,11,9,11,15,149.0,px min,SIM1
1131,2025,11,9,11,15,149.0,px max,SIM1
1132,2025,11,9,11,15,30.0,count sample,SIM1
1133,2025,11,9,11,30,127.13333333333334,px moyen,SIM1
1134,2025,11,9,11,30,105.0,px min,SIM1
1135,2025,11,9,11,30,147.0,px max,SIM1
1136,2025,11,9,11,30,30.0,count sample,SIM1
1137,2025,11,9,11,45,150.86666666666667,px moyen,SIM1
1138,2025,11,9,11,45,150.0,px min,SIM1
1139,2025,11,9,11,45,152.0,px max,SIM1
1140,2025,11,9,11,45,30.0,count sample,SIM1
1141,2025,11,9,12,0,99.03333333333333,px moyen,SIM1
1142,2025,11,9,12,0,97.0,px min,SIM1
1143,2025,11,9,12,0,102.0,px max,SIM1
1144,2025,11,9,12,0,30.0,count sample,SIM1
1145,2025,11,9,12,30,183.13333333333333,px moyen,SIM1
1146,2025,11,9,12,30,181.0,px min,SIM1
1147,2025,11,9,12,30,185.0,px max,SIM1
1148,2025,11,9,12,30,30.0,count sample,SIM1
1149,2025,11,9,12,45,157.46666666666667,px moyen,SIM1
1150,2025,11,9,12,45,152.0,px min,SIM1
1151,2025,11,9,12,45,160.0,px max,SIM1
1152,2025,11,9,12,45,30.0,count sample,SIM1
1153,2025,11,9,13,0,153.73333333333332,px moyen,SIM1
1154,2025,11,9,13,0,151.0,px min,SIM1
1155,2025,11,9,13,0,155.0,px max,SIM1
1156,2025,11,9,13,0,30.0,count sample,SIM1
1157,2025,11,9,13,15,142.46666666666667,px moyen,SIM1
1158,2025,11,9,13,15,120.0,px min,SIM1
1159,2025,11,9,13,15,159.0,px max,SIM1
1160,2025,11,9,13,15,30.0,count sample,SIM1
1161,2025,11,9,13,30,149.7,px moyen,SIM1
1162,2025,11,9,13,30,149.0,px min,SIM1
1163,2025,11,9,13,30,150.0,px max,SIM1
1164,2025,11,9,13,30,30.0,count sample,SIM1
1165,2025,11,9,13,45,160.03333333333333,px moyen,SIM1
1166,2025,11,9,13,45,159.0,px min,SIM1
1167,2025,11,9,13,45,161.0,px max,SIM1
1168,2025,11,9,13,45,30.0,count sample,SIM1
1169,2025,11,9,14,0,151.2,px moyen,SIM1
1170,2025,11,9,14,0,148.0,px min,SIM1
1171,2025,11,9,14,0,154.0,px max,SIM1
1172,2025,11,9,14,0,30.0,count sample,SIM1
1173,2025,11,9,14,15,170.63333333333333,px moyen,SIM1
1174,2025,11,9,14,15,169.0,px min,SIM1
1175,2025,11,9,14,15,173.0,px max,SIM1
1176,2025,11,9,14,15,30.0,count sample,SIM1
1177,2025,11,9,14,30,153.0,px moyen,SIM1
1178,2025,11,9,14,30,152.0,px min,SIM1
1179,2025,11,9,14,30,154.0,px max,SIM1
1180,2025,11,9,14,30,30.0,count sample,SIM1
1181,2025,11,9,14,45,151.96666666666667,px moyen,SIM1
1182,2025,11,9,14,45,151.0,px min,SIM1
1183,2025,11,9,14,45,153.0,px max,SIM1
1184,2025,11,9,14,45,30.0,count sample,SIM1
1185,2025,11,9,15,0,155.36666666666667,px moyen,SIM1
1186,2025,11,9,15,0,154.0,px min,SIM1
1187,2025,11,9,15,0,157.0,px max,SIM1
1188,2025,11,9,15,0,30.0,count sample,SIM1
1189,2025,11,9,15,15,143.96666666666667,px moyen,SIM1
1190,2025,11,9,15,15,143.0,px min,SIM1
1191,2025,11,9,15,15,145.0,px max,SIM1
1192,2025,11,9,15,15,30.0,count sample,SIM1
1193,2025,11,9,15,30,152.0,px moyen,SIM1
1194,2025,11,9,15,30,151.0,px min,SIM1
1195,2025,11,9,15,30,153.0,px max,SIM1
1196,2025,11,9,15,30,30.0,count sample,SIM1
1197,2025,11,9,15,45,146.96666666666667,px moyen,SIM1
1198,2025,11,9,15,45,146.0,px min,SIM1
1199,2025,11,9,15,45,148.0,px max,SIM1
1200,2025,11,9,15,45,30.0,count sample,SIM1
1201,2025,11,9,16,0,151.56666666666666,px moyen,SIM1
1202,2025,11,9,16,0,151.0,px min,SIM1
1203,2025,11,9,16,0,152.0,px max,SIM1
1204,2025,11,9,16,0,30.0,count sample,SIM1
1205,2025,11,9,16,15,150.6,px moyen,SIM1
1206,2025,11,9,16,15,149.0,px min,SIM1
1207,2025,11,9,16,15,152.0,px max,SIM1
1208,2025,11,9,16,15,30.0,count sample,SIM1
1209,2025,11,9,16,30,155.36666666666667,px moyen,SIM1
1210,2025,11,9,16,30,154.0,px min,SIM1
1211,2025,11,9,16,30,157.0,px max,SIM1
1212,2025,11,9,16,30,30.0,count sample,SIM1
1213,2025,11,9,16,45,143.93333333333334,px moyen,SIM1
1214,2025,11,9,16,45,143.0,px min,SIM1
1215,2025,11,9,16,45,146.0,px max,SIM1
1216,2025,11,9,16,45,30.0,count sample,SIM1
1217,2025,11,9,17,0,111.5,px moyen,SIM1
1218,2025,11,9,17,0,110.0,px min,SIM1
1219,2025,11,9,17,0,112.0,px max,SIM1
1220,2025,11,9,17,0,30.0,count sample,SIM1
1221,2025,11,9,17,15,81.06666666666666,px moyen,SIM1
1222,2025,11,9,17,15,43.0,px min,SIM1
1223,2025,11,9,17,15,93.0,px max,SIM1
1224,2025,11,9,17,15,30.0,count sample,SIM1
1225,2025,11,9,17,30,88.73333333333333,px moyen,SIM1
1226,2025,11,9,17,30,86.0,px min,SIM1
1227,2025,11,9,17,30,91.0,px max,SIM1
1228,2025,11,9,17,30,30.0,count sample,SIM1
1229,2025,11,9,17,45,99.26666666666667,px moyen,SIM1
1230,2025,11,9,17,45,80.0,px min,SIM1
1231,2025,11,9,17,45,108.0,px max,SIM1
1232,2025,11,9,17,45,30.0,count sample,SIM1
1233,2025,11,9,18,0,93.63333333333334,px moyen,SIM1
1234,2025,11,9,18,0,92.0,px min,SIM1
1235,2025,11,9,18,0,96.0,px max,SIM1
1236,2025,11,9,18,0,30.0,count sample,SIM1
1237,2025,11,9,18,15,107.63333333333334,px moyen,SIM1
1238,2025,11,9,18,15,104.0,px min,SIM1
1239,2025,11,9,18,15,111.0,px max,SIM1
1240,2025,11,9,18,15,30.0,count sample,SIM1
1241,2025,11,9,18,30,94.0,px moyen,SIM1
1242,2025,11,9,18,30,47.0,px min,SIM1
1243,2025,11,9,18,30,102.0,px max,SIM1
1244,2025,11,9,18,30,30.0,count sample,SIM1
1245,2025,11,9,18,45,107.33333333333333,px moyen,SIM1
1246,2025,11,9,18,45,107.0,px min,SIM1
1247,2025,11,9,18,45,109.0,px max,SIM1
1248,2025,11,9,18,45,30.0,count sample,SIM1
1249,2025,11,9,19,0,101.36666666666666,px moyen,SIM1
1250,2025,11,9,19,0,97.0,px min,SIM1
1251,2025,11,9,19,0,104.0,px max,SIM1
1252,2025,11,9,19,0,30.0,count sample,SIM1
1253,2025,11,9,19,15,105.63333333333334,px moyen,SIM1
1254,2025,11,9,19,15,104.0,px min,SIM1
1255,2025,11,9,19,15,107.0,px max,SIM1
1256,2025,11,9,19,15,30.0,count sample,SIM1
1257,2025,11,9,19,30,90.33333333333333,px moyen,SIM1
1258,2025,11,9,19,30,65.0,px min,SIM1
1259,2025,11,9,19,30,101.0,px max,SIM1
1260,2025,11,9,19,30,30.0,count sample,SIM1
1261,2025,11,9,19,45,104.8,px moyen,SIM1
1262,2025,11,9,19,45,104.0,px min,SIM1
1263,2025,11,9,19,45,106.0,px max,SIM1
1264,2025,11,9,19,45,30.0,count sample,SIM1
1265,2025,11,9,20,0,99.23333333333333,px moyen,SIM1
1266,2025,11,9,20,0,96.0,px min,SIM1
1267,2025,11,9,20,0,102.0,px max,SIM1
1268,2025,11,9,20,0,30.0,count sample,SIM1
1269,2025,11,9,20,15,105.8,px moyen,SIM1
1270,2025,11,9,20,15,104.0,px min,SIM1
1271,2025,11,9,20,15,108.0,px max,SIM1
1272,2025,11,9,20,15,30.0,count sample,SIM1
1273,2025,11,9,20,30,104.03333333333333,px moyen,SIM1
1274,2025,11,9,20,30,101.0,px min,SIM1
1275,2025,11,9,20,30,106.0,px max,SIM1
1276,2025,11,9,20,30,30.0,count sample,SIM1
1277,2025,11,9,20,45,102.6,px moyen,SIM1
1278,2025,11,9,20,45,101.0,px min,SIM1
1279,2025,11,9,20,45,104.0,px max,SIM1
1280,2025,11,9,20,45,30.0,count sample,SIM1
1281,2025,11,9,21,0,112.16666666666667,px moyen,SIM1
1282,2025,11,9,21,0,111.0,px min,SIM1
1283,2025,11,9,21,0,113.0,px max,SIM1
1284,2025,11,9,21,0,30.0,count sample,SIM1
