pas_de_temps,px moyen,px min,px max,count sample
2025-08-16T22:15:00,88.7,87,90,
2025-08-16T22:30:00,99.4777777777778,96,104,90
2025-08-16T23:30:00,72.0222222222222,23,86,90
2025-08-17T00:30:00,89.4777777777778,64,94,90
2025-08-17T01:00:00,82.0666666666667,42,95,90
2025-08-17T01:30:00,44.1333333333333,0,91,90
2025-08-17T02:00:00,97.9111111111111,84,104,90
2025-08-17T02:30:00,92.6666666666667,84,103,90
2025-08-17T03:00:00,100.044444444444,88,119,90
2025-08-17T03:30:00,99.6111111111111,93,107,90
2025-08-17T04:00:00,104.6,93,124,90
2025-08-17T04:30:00,29.2,0,83,90
2025-08-17T05:00:00,80,77,83,90
2025-08-17T05:30:00,108.5,108,110,90
2025-08-17T06:00:00,126.055555555556,116,144,90
2025-08-17T06:30:00,105.633333333333,105,107,90
2025-08-17T07:00:00,105.533333333333,104,107,90
2025-08-17T07:30:00,107.544444444444,106,110,90
2025-08-17T08:00:00,144,144,144,90
2025-08-17T08:30:00,133.877777777778,121,145,90
2025-08-17T09:00:00,141.733333333333,141,142,90
2025-08-17T09:30:00,142.988888888889,142,144,90
2025-08-17T10:00:00,142.6,141,145,90
2025-08-17T10:30:00,143.411111111111,143,144,90
2025-08-17T11:00:00,144.377777777778,144,145,90
2025-08-17T11:30:00,143.122222222222,143,144,90
2025-08-17T12:01:00,144.211111111111,143,145,90
2025-08-17T12:30:00,143.733333333333,143,144,90
2025-08-17T13:00:00,143.633333333333,142,145,90
2025-08-17T13:30:00,112.388888888889,109,117,90
2025-08-17T14:00:00,108.244444444444,107,110,90
2025-08-17T14:30:00,108.3,107,110,90
2025-08-17T15:00:00,105.422222222222,104,106,90
2025-08-17T15:30:00,106.133333333333,106,107,90
2025-08-17T16:00:00,114.766666666667,108,143,90
2025-08-17T16:30:00,113.355555555556,109,138,90
2025-08-17T17:00:00,108.444444444444,107,110,90
2025-08-17T17:30:00,106.466666666667,105,108,90
2025-08-17T18:00:00,107.777777777778,107,109,90
2025-08-17T18:30:00,106.655555555556,106,108,90
2025-08-17T19:00:00,111.588888888889,110,115,90
2025-08-17T19:30:00,109.144444444444,109,110,90
2025-08-17T20:00:00,106.911111111111,104,112,90
2025-08-17T20:30:00,84.0777777777778,70,100,90
2025-08-17T21:00:00,94.9777777777778,90,102,90
2025-08-17T21:30:00,93.8,92,97,90
2025-08-17T22:00:00,99.1222222222222,66,106,90
2025-08-17T22:30:00,99.7777777777778,87,108,90
2025-08-17T23:00:00,91.2666666666667,84,96,90
2025-08-17T23:30:00,108.677777777778,98,120,90
2025-08-18T00:00:00,84.6333333333333,40,96,90
2025-08-18T00:30:00,87.6777777777778,63,99,90
2025-08-18T01:00:00,79.9111111111111,40,93,90
2025-08-18T01:30:00,94.9777777777778,90,103,90
2025-08-18T02:15:00,66.5888888888889,0,99,90
2025-08-18T02:45:00,81.9333333333333,66,106,90
2025-08-18T03:15:00,70.3555555555556,0,95,90
2025-08-18T03:45:00,72.4111111111111,21,101,90
2025-08-18T04:15:00,48.9888888888889,21,92,90
2025-08-18T04:45:00,99.7111111111111,98,102,90
2025-08-18T05:15:00,110.244444444444,109,112,90
2025-08-18T05:45:00,113.422222222222,111,116,90
2025-08-18T06:15:00,111.688888888889,110,113,90
2025-08-18T06:45:00,146.055555555556,145,147,90
2025-08-18T07:15:00,145.344444444444,145,146,90
2025-08-18T07:45:00,146.255555555556,146,147,90
2025-08-18T08:15:00,146.533333333333,144,148,90
2025-08-18T08:45:00,139.911111111111,114,146,90
2025-08-18T09:15:00,144.911111111111,143,147,90
2025-08-18T09:45:00,145.833333333333,144,147,90
2025-08-18T10:15:00,141.533333333333,138,144,90
2025-08-18T10:45:00,143.922222222222,118,148,90
2025-08-18T11:15:00,145.466666666667,144,147,90
2025-08-22T20:45:00,,,,0
2025-08-22T21:00:00,,,,0
2025-08-22T21:15:00,,,,0
2025-08-22T21:30:00,,,,0
2025-08-22T21:45:00,,,,0
2025-08-22T22:00:00,,,,0
2025-08-22T22:15:00,,,,0
2025-08-22T22:30:00,,,,0
2025-08-22T22:45:00,0,0,0,30
2025-08-22T23:00:00,0,0,0,30
2025-08-22T23:30:00,157.433333333333,127,180,30
2025-08-22T23:45:00,110.366666666667,48,129,30
2025-08-23T00:00:00,128.733333333333,116,139,30
2025-08-23T00:15:00,215.666666666667,178,223,30
2025-08-23T00:30:00,136.033333333333,45,205,30
2025-08-23T00:45:00,181,146,202,30
2025-08-23T01:00:00,151.633333333333,136,164,30
2025-08-23T01:15:00,94.5,37,120,30
2025-08-23T01:30:00,119.7,89,146,30
2025-08-23T01:45:00,205.833333333333,178,222,30
2025-08-23T02:00:00,140.533333333333,126,153,30
2025-08-23T02:15:00,183.966666666667,118,226,30
2025-08-23T02:30:00,155.066666666667,140,173,30
2025-08-23T02:45:00,233.733333333333,231,237,30
2025-08-23T03:00:00,58.5666666666667,16,93,30
2025-08-23T03:15:00,178.466666666667,156,198,30
2025-08-23T03:30:00,93.6666666666667,39,137,30
2025-08-23T03:45:00,169.766666666667,142,185,30
2025-08-23T04:00:00,209.4,199,216,30
2025-08-23T04:15:00,129.1,123,138,30
2025-08-23T04:30:00,239.5,236,242,30
2025-08-23T04:45:00,210.566666666667,208,216,30
2025-08-23T05:00:00,187.066666666667,185,188,30
2025-08-23T05:15:00,157.933333333333,156,160,30
2025-08-23T05:30:00,207.933333333333,206,210,30
2025-08-23T05:45:00,197.333333333333,196,199,30
2025-08-23T06:00:00,195.3,195,196,30
2025-08-23T06:15:00,194.533333333333,193,196,30
2025-08-23T06:30:00,169.566666666667,163,192,30
2025-08-23T06:45:00,192.566666666667,191,194,30
2025-08-23T07:00:00,195.833333333333,195,197,30
2025-08-23T07:15:00,196.166666666667,195,199,30
2025-08-23T07:30:00,194.466666666667,193,197,30
2025-08-23T07:45:00,192.666666666667,191,194,30
2025-08-23T08:00:00,193.666666666667,192,195,30
2025-08-23T08:15:00,193.066666666667,192,194,30
2025-08-23T08:30:00,191.866666666667,191,193,30
2025-08-23T08:45:00,191.1,191,192,30
2025-08-23T09:00:00,194.133333333333,193,196,30
2025-08-23T09:15:00,192.533333333333,192,193,30
2025-08-23T09:30:00,189.3,188,190,30
2025-08-23T09:45:00,192.733333333333,192,194,30
2025-08-23T10:00:00,189.9,189,191,30
2025-08-23T10:15:00,188.3,187,189,30
2025-08-23T10:30:00,183.4,167,187,30
2025-08-23T10:45:00,183.166666666667,164,192,30
2025-08-23T11:00:00,190.066666666667,190,191,30
2025-08-23T11:15:00,198.366666666667,198,199,30
2025-08-23T11:30:00,194.266666666667,193,195,30
2025-08-23T11:45:00,191.8,189,193,30
2025-08-23T12:00:00,192.666666666667,192,194,30
2025-08-23T12:15:00,190.933333333333,190,191,30
2025-08-23T12:30:00,190.2,189,191,30
2025-08-23T15:00:00,190.066666666667,189,191,30
2025-08-23T17:15:00,190.366666666667,190,191,30
2025-08-23T17:30:00,193.566666666667,193,195,30
2025-08-23T17:45:00,191.666666666667,191,193,30
2025-08-23T18:00:00,191.466666666667,191,192,30
2025-08-23T18:15:00,191.066666666667,191,192,30
2025-08-23T18:30:00,190.866666666667,190,192,30
2025-08-23T18:45:00,193.9,193,195,30
2025-08-23T19:00:00,192.466666666667,192,193,30
2025-08-23T19:15:00,193.8,193,194,30
2025-08-23T19:30:00,193.266666666667,192,194,30
2025-08-23T19:45:00,197.5,197,198,30
2025-08-23T20:00:00,197.966666666667,197,199,30
2025-08-23T20:15:00,137.966666666667,132,145,30
2025-08-23T20:30:00,130.333333333333,23,149,30
2025-08-23T20:45:00,147.233333333333,124,177,30
2025-08-23T21:00:00,121.1,103,129,30
2025-08-23T21:15:00,162.433333333333,142,179,30
2025-08-23T21:30:00,3.7,0,24,30
2025-08-23T21:45:00,200.766666666667,197,204,30
2025-08-23T22:00:00,123.4,100,136,30
2025-08-23T22:15:00,134.1,129,139,30
2025-08-23T22:30:00,44.4333333333333,11,65,30
2025-08-23T22:45:00,168.9,156,176,30
2025-08-23T23:00:00,137.933333333333,132,143,30
2025-08-23T23:15:00,194.066666666667,176,213,30
2025-08-23T23:30:00,178.333333333333,159,201,30
2025-08-23T23:45:00,174.633333333333,137,213,30
2025-08-24T00:00:00,166.633333333333,152,172,30
2025-08-24T00:15:00,198.2,184,212,30
2025-08-24T00:30:00,163.366666666667,149,171,30
2025-08-24T00:45:00,185.533333333333,167,203,30
2025-08-24T01:00:00,166.8,162,171,30
2025-08-24T01:15:00,163.333333333333,146,169,30
2025-08-24T01:30:00,145.133333333333,135,155,30
2025-08-24T01:45:00,143.033333333333,124,155,30
2025-08-24T02:00:00,175.366666666667,163,189,30
2025-08-24T02:15:00,115.533333333333,93,127,30
2025-08-24T02:30:00,179.3,168,201,30
2025-08-24T02:45:00,185.366666666667,169,197,30
2025-08-24T03:00:00,148.466666666667,137,161,30
2025-08-24T03:15:00,187.166666666667,178,198,30
2025-08-24T03:30:00,138.166666666667,84,167,30
2025-08-24T03:45:00,206.833333333333,203,210,30
2025-08-24T04:00:00,218.033333333333,207,228,30
2025-08-24T04:15:00,201.333333333333,188,206,30
2025-08-24T04:30:00,168.766666666667,146,200,30
2025-08-24T04:45:00,158.333333333333,157,160,30
2025-08-24T05:00:00,203.5,202,205,30
2025-08-24T05:15:00,206.566666666667,203,209,30
2025-08-24T05:30:00,196.666666666667,196,197,30
2025-08-24T05:45:00,191.8,191,193,30
2025-08-24T06:00:00,188.733333333333,187,190,30
2025-08-24T06:15:00,167.833333333333,160,186,30
2025-08-24T06:30:00,190.3,189,191,30
2025-08-24T06:45:00,188.766666666667,187,190,30
2025-08-24T07:00:00,190.1,188,191,30
2025-08-24T07:15:00,190.5,189,191,30
2025-08-24T07:30:00,189.066666666667,188,191,30
2025-08-24T07:45:00,189.6,189,190,30
2025-08-24T08:00:00,169.433333333333,161,190,30
2025-08-24T08:15:00,163.6,160,169,30
2025-08-24T08:30:00,160.466666666667,157,166,30
2025-08-24T08:45:00,185.8,185,187,30
2025-08-24T09:00:00,157.366666666667,156,158,30
2025-08-24T09:15:00,156.733333333333,156,157,30
2025-08-24T09:30:00,159.333333333333,157,161,30
2025-08-24T09:45:00,187.233333333333,186,189,30
2025-08-24T10:00:00,160,158,163,30
2025-08-24T10:15:00,188.2,184,191,30
2025-08-24T10:30:00,187.866666666667,187,189,30
2025-08-24T10:45:00,161.266666666667,159,167,30
2025-08-24T11:00:00,166.4,159,184,30
2025-08-24T11:15:00,157.3,156,159,30
2025-08-24T11:30:00,158.6,157,161,30
2025-08-24T11:45:00,164.7,159,190,30
2025-08-24T12:00:00,188.166666666667,186,189,30
2025-08-24T12:15:00,180.133333333333,160,189,30
2025-08-24T12:30:00,191.933333333333,191,192,30
2025-08-24T12:45:00,189.333333333333,187,191,30
2025-08-24T13:00:00,190.166666666667,189,191,30
2025-08-24T13:15:00,191.333333333333,191,193,30
2025-08-24T13:30:00,190.6,190,191,30
2025-08-24T13:45:00,190.5,190,191,30
2025-08-24T14:00:00,190.4,190,191,30
2025-08-24T14:15:00,190.966666666667,190,191,30
2025-08-24T14:30:00,187.166666666667,186,188,30
2025-08-24T14:45:00,189.533333333333,188,190,30
2025-08-24T15:00:00,189.6,189,191,30
2025-08-24T15:15:00,187.733333333333,187,189,30
2025-08-24T15:30:00,193.566666666667,193,195,30
2025-08-24T15:45:00,184.7,184,186,30
2025-08-24T16:00:00,198.033333333333,196,199,30
2025-08-24T16:15:00,190.9,190,192,30
2025-08-24T16:30:00,192.533333333333,192,193,30
2025-08-24T16:45:00,202.9,201,205,30
2025-08-24T17:00:00,194.133333333333,193,196,30
2025-08-24T17:15:00,192.7,192,193,30
2025-08-24T17:30:00,194.566666666667,194,195,30
2025-08-24T17:45:00,194.8,193,198,30
2025-08-24T18:00:00,195.433333333333,195,197,30
2025-08-24T18:15:00,188.566666666667,188,190,30
2025-08-24T18:30:00,192.1,191,193,30
2025-08-24T18:45:00,192.266666666667,191,193,30
2025-08-24T19:00:00,194.233333333333,194,195,30
2025-08-24T19:15:00,193.2,193,194,30
2025-08-24T19:30:00,192,192,192,30
2025-08-24T19:45:00,195.133333333333,195,196,30
2025-08-24T20:00:00,183.9,183,184,30
2025-08-24T20:15:00,168.7,166,174,30
2025-08-24T20:30:00,153.8,135,161,30
2025-08-24T20:45:00,180.866666666667,164,210,30
2025-08-24T21:00:00,152.933333333333,110,173,30
2025-08-24T21:15:00,93.6,62,115,30
2025-08-24T21:30:00,169.966666666667,164,174,30
2025-08-24T21:45:00,146.866666666667,101,171,30
2025-08-24T22:00:00,116.3,72,157,30
2025-08-24T22:15:00,122,86,168,30
2025-08-24T22:30:00,150.766666666667,139,161,30
2025-08-24T22:45:00,195.566666666667,174,216,30
2025-08-24T23:00:00,118,78,149,30
2025-08-24T23:15:00,161.4,136,183,30
2025-08-24T23:30:00,166.9,141,173,30
2025-08-24T23:45:00,133.533333333333,126,154,30
2025-08-25T00:00:00,137.8,126,177,30
2025-08-25T00:15:00,136.3,128,141,30
2025-08-25T00:30:00,202.733333333333,183,218,30
2025-08-25T00:45:00,148.2,118,180,30
2025-08-25T01:00:00,134.033333333333,117,141,30
2025-08-25T01:15:00,191.733333333333,163,208,30
2025-08-25T01:30:00,176.166666666667,155,207,30
2025-08-25T01:45:00,153.2,143,171,30
2025-08-25T02:00:00,121.766666666667,112,134,30
2025-08-25T02:15:00,129.433333333333,116,140,30
2025-08-25T02:30:00,166.433333333333,143,194,30
2025-08-25T02:45:00,57.8666666666667,36,74,30
2025-08-25T03:00:00,146.766666666667,133,167,30
2025-08-25T03:15:00,114.8,79,135,30
2025-08-25T03:30:00,148.866666666667,129,161,30
2025-08-25T03:45:00,99.3,23,137,30
2025-08-25T04:00:00,176.9,143,198,30
2025-08-25T04:15:00,130.766666666667,82,166,30
2025-08-25T04:30:00,23.3666666666667,16,30,30
2025-08-25T04:45:00,168.933333333333,154,173,30
2025-08-25T05:00:00,186.5,181,197,30
2025-08-25T05:15:00,175.366666666667,175,176,30
2025-08-25T05:30:00,198.166666666667,197,199,30
2025-08-25T05:45:00,193.133333333333,192,194,30
2025-08-25T06:00:00,192,192,192,30
2025-08-25T06:15:00,192.466666666667,191,193,30
2025-08-25T06:30:00,191.7,191,193,30
2025-08-25T06:45:00,191.233333333333,191,192,30
2025-08-25T07:00:00,192.066666666667,191,193,30
2025-08-25T07:15:00,190.233333333333,189,191,30
2025-08-25T07:30:00,190.433333333333,190,193,30
2025-08-25T07:45:00,192.033333333333,191,194,30
2025-08-25T08:00:00,192.766666666667,191,194,30
2025-08-25T08:15:00,190.8,190,191,30
2025-08-25T08:30:00,193,193,193,30
2025-08-25T08:45:00,190.833333333333,190,191,30
2025-08-25T09:00:00,191.5,190,192,30
2025-08-25T09:15:00,193.366666666667,192,195,30
2025-08-25T09:30:00,190.233333333333,190,191,30
2025-08-25T09:45:00,191.566666666667,190,193,30
2025-08-25T10:00:00,191,190,193,30
2025-08-25T10:15:00,193.9,193,197,30
2025-08-25T10:30:00,192.833333333333,192,194,30
2025-08-25T10:45:00,186.066666666667,185,187,30
2025-08-25T11:00:00,186.933333333333,186,187,30
2025-08-25T11:15:00,185.4,184,186,30
2025-08-25T11:30:00,190.766666666667,189,192,30
2025-08-25T11:45:00,190.166666666667,190,191,30
2025-08-25T12:00:00,186.5,185,188,30
2025-08-25T12:15:00,189.566666666667,189,190,30
2025-08-25T12:30:00,192.066666666667,190,194,30
2025-08-25T12:45:00,189.5,188,191,30
2025-08-25T13:00:00,189.033333333333,189,190,30
2025-08-25T13:15:00,189.2,186,192,30
2025-08-25T13:30:00,190.233333333333,189,191,30
2025-08-25T13:45:00,188.7,186,190,30
2025-08-25T14:00:00,190.366666666667,190,192,30
2025-08-25T14:15:00,192.9,191,195,30
2025-08-25T14:30:00,187.4,186,190,30
2025-08-25T14:45:00,202.466666666667,199,206,30
2025-08-25T15:00:00,210,206,213,30
2025-08-25T15:15:00,214.933333333333,209,223,30
2025-08-25T15:30:00,222.633333333333,221,225,30
2025-08-25T15:45:00,193.7,193,194,30
2025-08-25T16:00:00,209.866666666667,204,215,30
2025-08-25T16:15:00,127.966666666667,123,133,30
2025-08-25T16:30:00,123.466666666667,106,138,30
2025-08-25T16:45:00,234,230,238,30
2025-08-25T17:00:00,216.066666666667,208,229,30
2025-08-25T17:15:00,195.333333333333,193,197,30
2025-08-25T17:30:00,196.1,195,197,30
2025-08-25T17:45:00,271.966666666667,264,278,30
2025-08-25T18:00:00,195.9,195,197,30
2025-08-25T18:15:00,188.6,188,190,30
2025-08-25T18:30:00,188.566666666667,187,189,30
2025-08-25T18:45:00,194.1,193,195,30
2025-08-25T19:00:00,197.6,197,198,30
2025-08-25T19:15:00,201.666666666667,201,203,30
2025-08-25T19:30:00,198.933333333333,198,200,30
2025-08-25T19:45:00,221.8,220,225,30
2025-08-25T20:00:00,203.333333333333,201,206,30
2025-08-25T20:15:00,195.1,194,196,30
2025-08-25T20:30:00,190.2,186,203,30
2025-08-25T20:45:00,253.966666666667,251,260,30
2025-08-25T21:00:00,189.666666666667,182,196,30
2025-08-25T21:15:00,216.933333333333,211,222,30
2025-08-25T21:30:00,201.033333333333,198,204,30
2025-08-25T21:45:00,200.733333333333,196,205,30
2025-08-25T22:00:00,217.366666666667,210,223,30
2025-08-25T22:15:00,201.766666666667,197,208,30
2025-08-25T22:30:00,200.833333333333,186,215,30
2025-08-25T22:45:00,216.333333333333,213,220,30
2025-08-25T23:00:00,205.033333333333,202,209,30
2025-08-25T23:15:00,203.5,197,211,30
2025-08-25T23:30:00,208.266666666667,201,214,30
2025-08-25T23:45:00,199.333333333333,191,206,30
2025-08-26T00:00:00,214.1,211,217,30
2025-08-26T00:15:00,197.8,193,208,30
2025-08-26T00:30:00,205.066666666667,199,218,30
2025-08-26T00:45:00,204.033333333333,201,207,30
2025-08-26T01:00:00,230.133333333333,207,243,30
2025-08-26T01:15:00,183.266666666667,180,186,30
2025-08-26T01:30:00,200,198,202,30
2025-08-26T01:45:00,180.733333333333,180,183,30
2025-08-26T02:00:00,245.766666666667,240,256,30
2025-08-26T02:15:00,195.433333333333,189,200,30
2025-08-26T02:30:00,184.633333333333,182,188,30
2025-08-26T02:45:00,216.033333333333,209,220,30
2025-08-26T03:00:00,201.8,198,205,30
2025-08-26T03:15:00,223.233333333333,219,227,30
2025-08-26T03:30:00,208.3,201,211,30
2025-08-26T03:45:00,231.3,226,236,30
2025-08-26T04:00:00,231.433333333333,217,240,30
2025-08-26T04:15:00,212.533333333333,206,219,30
2025-08-26T04:30:00,222.033333333333,219,226,30
2025-08-26T04:45:00,211.933333333333,206,219,30
2025-08-26T05:00:00,188.733333333333,187,191,30
2025-08-26T05:15:00,195.833333333333,191,200,30
2025-08-26T05:30:00,198.2,197,200,30
2025-08-26T05:45:00,198.6,197,200,30
2025-08-26T06:00:00,199.933333333333,199,202,30
2025-08-26T06:15:00,199.266666666667,198,200,30
2025-08-26T06:30:00,205.233333333333,204,208,30
2025-08-26T06:45:00,204.5,202,207,30
2025-08-26T07:00:00,199.4,197,201,30
2025-08-26T07:15:00,203.766666666667,201,206,30
2025-08-26T07:30:00,204.266666666667,202,209,30
2025-08-26T07:45:00,197.333333333333,197,199,30
2025-08-26T08:00:00,192.433333333333,191,194,30
2025-08-26T08:15:00,190.4,190,191,30
2025-08-26T08:30:00,191,189,192,30
2025-08-26T08:45:00,195.833333333333,195,196,30
2025-08-26T09:00:00,198.133333333333,197,199,30
2025-08-26T09:15:00,192.1,191,193,30
2025-08-26T09:30:00,193.333333333333,191,195,30
2025-08-26T09:45:00,192.033333333333,190,194,30
2025-08-26T10:00:00,194.133333333333,191,196,30
2025-08-26T10:15:00,194.666666666667,193,196,30
2025-08-26T10:30:00,200.133333333333,199,201,30
2025-08-26T10:45:00,203.466666666667,202,204,30
2025-08-26T11:00:00,192.466666666667,191,194,30
2025-08-26T11:15:00,199.066666666667,195,203,30
2025-08-26T11:30:00,199.433333333333,197,202,30
2025-08-26T11:45:00,190.4,190,191,30
2025-08-26T12:00:00,192.9,192,195,30
2025-08-26T12:15:00,188.2,188,189,30
2025-08-26T12:30:00,194.766666666667,194,195,30
2025-08-26T12:45:00,195.633333333333,193,198,30
2025-08-26T13:00:00,189.633333333333,189,192,30
2025-08-26T13:15:00,192.2,190,194,30
2025-08-26T13:30:00,193.666666666667,193,195,30
2025-08-26T13:45:00,195.1,193,197,30
2025-08-26T14:00:00,198.1,196,200,30
2025-08-26T14:15:00,192.1,191,193,30
2025-08-26T14:30:00,202.633333333333,201,203,30
2025-08-26T14:45:00,201.033333333333,199,203,30
2025-08-26T15:00:00,191.866666666667,191,193,30
2025-08-26T15:15:00,196.733333333333,195,200,30
2025-08-26T15:30:00,189.633333333333,189,191,30
2025-08-26T15:45:00,192.766666666667,192,194,30
2025-08-26T16:00:00,186.966666666667,186,188,30
2025-08-26T16:15:00,193.7,191,195,30
2025-08-26T16:30:00,187.433333333333,179,190,30
2025-08-26T16:45:00,193.066666666667,192,195,30
2025-08-26T17:00:00,190.533333333333,190,192,30
2025-08-26T17:15:00,187.7,186,189,30
2025-08-26T17:30:00,193.1,190,196,30
2025-08-26T17:45:00,188.4,187,190,30
2025-08-26T18:00:00,188.266666666667,188,189,30
2025-08-26T18:15:00,179.066666666667,179,180,30
2025-08-26T18:30:00,177.266666666667,177,178,30
2025-08-26T18:45:00,197.566666666667,195,200,30
2025-08-26T19:00:00,196.966666666667,195,200,30
2025-08-26T19:15:00,195.733333333333,194,197,30
2025-08-26T19:30:00,195.366666666667,193,197,30
2025-08-26T19:45:00,197.666666666667,196,200,30
2025-08-26T20:00:00,211.833333333333,211,213,30
2025-08-26T20:15:00,167.5,164,170,30
2025-08-26T20:30:00,183.633333333333,175,188,30
2025-08-26T20:45:00,202.166666666667,188,212,30
2025-08-26T21:00:00,191.633333333333,180,199,30
2025-08-26T21:15:00,178.733333333333,169,192,30
2025-08-26T21:30:00,155.2,123,177,30
2025-08-26T21:45:00,183.966666666667,176,188,30
2025-08-26T22:00:00,185.6,183,191,30
2025-08-26T22:15:00,189.766666666667,185,192,30
2025-08-26T22:30:00,195,191,198,30
2025-08-26T22:45:00,186.366666666667,177,194,30
2025-08-26T23:00:00,189.4,185,195,30
2025-08-26T23:15:00,192.1,186,198,30
2025-08-26T23:30:00,196.133333333333,192,200,30
2025-08-26T23:45:00,197.866666666667,195,200,30
2025-08-27T00:00:00,179.766666666667,173,184,30
2025-08-27T00:15:00,197.8,192,205,30
2025-08-27T00:30:00,217.233333333333,210,223,30
2025-08-27T00:45:00,214.666666666667,212,216,30
2025-08-27T01:00:00,204,198,218,30
2025-08-27T01:15:00,201.233333333333,195,207,30
2025-08-27T01:30:00,202.733333333333,199,214,30
2025-08-27T01:45:00,194.7,192,198,30
2025-08-27T02:00:00,198.8,195,201,30
2025-08-27T02:15:00,197.6,195,205,30
2025-08-27T02:30:00,207.766666666667,199,220,30
2025-08-27T02:45:00,217.6,203,230,30
2025-08-27T03:00:00,192,188,195,30
2025-08-27T03:15:00,194.133333333333,182,201,30
2025-08-27T03:30:00,184.866666666667,180,190,30
2025-08-27T03:45:00,218.633333333333,204,227,30
2025-08-27T04:00:00,203.733333333333,199,208,30
2025-08-27T04:15:00,211.666666666667,201,218,30
2025-08-27T04:30:00,181.9,177,186,30
2025-08-27T04:45:00,122.233333333333,104,136,30
2025-08-27T05:00:00,204.433333333333,203,206,30
2025-08-27T05:15:00,202.8,201,204,30
2025-08-27T05:30:00,203.933333333333,203,207,30
2025-08-27T05:45:00,198.433333333333,197,200,30
2025-08-27T06:00:00,198.866666666667,197,200,30
2025-08-27T06:15:00,197.233333333333,195,199,30
2025-08-27T06:30:00,204.7,204,207,30
2025-08-27T06:45:00,180.033333333333,177,183,30
2025-08-27T07:00:00,197.9,195,200,30
2025-08-27T07:15:00,197.9,197,199,30
2025-08-27T07:30:00,198.3,195,201,30
2025-08-27T07:45:00,200.3,197,203,30
2025-08-27T08:00:00,200.7,198,205,30
2025-08-27T08:15:00,203.233333333333,202,205,30
2025-08-27T08:30:00,196.8,196,198,30
2025-08-27T08:45:00,205,203,207,30
2025-08-27T09:00:00,205.266666666667,204,206,30
2025-08-27T09:15:00,192.466666666667,191,194,30
2025-08-27T09:30:00,199.133333333333,198,200,30
2025-08-27T09:45:00,187.566666666667,184,190,30
2025-08-27T10:00:00,194.333333333333,193,196,30
2025-08-27T10:15:00,191.366666666667,190,192,30
2025-08-27T10:30:00,193.933333333333,192,196,30
2025-08-27T10:45:00,195.6,194,200,30
2025-08-27T11:00:00,195.133333333333,194,197,30
2025-08-27T11:15:00,192.366666666667,191,195,30
2025-08-27T11:30:00,193.4,191,197,30
2025-08-27T11:45:00,195.433333333333,194,197,30
2025-08-27T12:00:00,195.5,193,197,30
2025-08-27T12:15:00,191.166666666667,191,192,30
2025-08-27T12:30:00,170.3,166,174,30
2025-08-27T12:45:00,186.366666666667,168,189,30
2025-08-27T13:00:00,191.133333333333,190,192,30
2025-08-27T13:15:00,196.2,195,199,30
2025-08-27T13:30:00,195.466666666667,194,198,30
2025-08-27T13:45:00,191.9,191,193,30
2025-08-27T14:00:00,192.233333333333,192,193,30
2025-08-27T14:15:00,194.5,193,195,30
2025-08-27T14:30:00,199.266666666667,197,201,30
2025-08-27T14:45:00,193.2,192,194,30
2025-08-27T15:00:00,196.933333333333,193,199,30
2025-08-27T15:15:00,193.866666666667,193,195,30
2025-08-27T15:30:00,192.333333333333,191,193,30
2025-08-27T15:45:00,193.433333333333,192,194,30
2025-08-27T16:00:00,199.9,199,201,30
2025-08-27T16:15:00,196.4,195,197,30
2025-08-27T16:30:00,190.166666666667,189,191,30
2025-08-27T16:45:00,187.166666666667,187,188,30
2025-08-27T17:00:00,193.566666666667,191,196,30
2025-08-27T17:15:00,195.3,194,197,30
2025-08-27T17:30:00,194.5,193,196,30
2025-08-27T17:45:00,187,186,188,30
2025-08-27T18:00:00,190.433333333333,190,191,30
2025-08-27T18:15:00,201.266666666667,198,204,30
2025-08-27T18:30:00,197.966666666667,195,203,30
2025-08-27T18:45:00,199.8,197,201,30
2025-08-27T19:15:00,144.133333333333,144,145,30
2025-08-27T19:30:00,145.266666666667,145,146,30
2025-08-27T19:45:00,132.933333333333,120,143,30
2025-08-27T20:00:00,101.2,100,103,30
2025-08-27T20:15:00,107.633333333333,107,108,30
2025-08-27T20:30:00,78.3333333333333,53,99,30
2025-08-27T20:45:00,108.633333333333,107,110,30
2025-08-27T21:00:00,95.2,88,101,30
2025-08-27T21:15:00,106.133333333333,105,108,30
2025-08-27T21:30:00,104.4,102,106,30
2025-08-27T21:45:00,118.9,113,125,30
2025-08-27T22:00:00,111.3,109,114,30
2025-08-27T22:15:00,107.266666666667,105,110,30
2025-08-27T22:30:00,107.633333333333,106,110,30
2025-08-27T22:45:00,109.166666666667,108,110,30
2025-08-27T23:00:00,104.466666666667,102,106,30
2025-08-27T23:15:00,121.933333333333,113,128,30
2025-08-27T23:30:00,121.366666666667,115,127,30
2025-08-27T23:45:00,116.333333333333,111,130,30
2025-08-28T00:00:00,113.366666666667,111,117,30
2025-08-28T00:15:00,120.8,113,132,30
2025-08-28T00:30:00,122.333333333333,116,126,30
2025-08-28T00:45:00,134.933333333333,129,143,30
2025-08-28T01:00:00,126.7,117,132,30
2025-08-28T01:15:00,136.8,127,144,30
2025-08-28T01:30:00,112.666666666667,110,115,30
2025-08-28T01:45:00,136.833333333333,125,140,30
2025-08-28T02:00:00,114.633333333333,110,121,30
2025-08-28T02:15:00,112.2,108,129,30
2025-08-28T02:30:00,130.766666666667,119,140,30
2025-08-28T02:45:00,120.133333333333,113,127,30
2025-08-28T03:00:00,109.2,94,119,30
2025-08-28T03:15:00,130.1,123,135,30
2025-08-28T03:30:00,114.733333333333,113,117,30
2025-08-28T03:45:00,122.966666666667,117,128,30
2025-08-28T04:00:00,116.633333333333,113,119,30
2025-08-28T04:15:00,120.266666666667,113,125,30
2025-08-28T04:30:00,152.333333333333,143,158,30
2025-08-28T04:45:00,102.6,101,105,30
2025-08-28T05:00:00,102.333333333333,102,103,30
2025-08-28T05:15:00,127.833333333333,126,130,30
2025-08-28T05:30:00,140.866666666667,140,142,30
2025-08-28T05:45:00,140.6,140,141,30
2025-08-28T06:00:00,138.433333333333,137,140,30
2025-08-28T06:15:00,142.633333333333,142,143,30
2025-08-28T06:30:00,140.066666666667,140,141,30
2025-08-28T06:45:00,143.066666666667,143,144,30
2025-08-28T07:00:00,139,139,139,30
2025-08-28T07:15:00,142,142,142,30
2025-08-28T07:30:00,142,142,142,30
2025-08-28T07:45:00,146,146,146,30
2025-08-28T08:00:00,144.466666666667,144,145,30
2025-08-28T08:15:00,147.166666666667,146,148,30
2025-08-28T08:30:00,145,145,145,30
2025-08-28T08:45:00,145,145,145,30
2025-08-28T09:00:00,143.1,143,144,30
2025-08-28T09:15:00,144,144,144,30
2025-08-28T09:30:00,143,142,144,30
2025-08-28T09:45:00,140.633333333333,140,141,30
2025-08-28T10:00:00,142,142,142,30
2025-08-28T10:15:00,142,142,142,30
2025-08-28T10:30:00,141,141,141,30
2025-08-28T10:45:00,143,143,143,30
2025-08-28T11:00:00,144,144,144,30
2025-08-28T11:15:00,142.566666666667,142,143,30
2025-08-28T11:30:00,142.133333333333,142,143,30
2025-08-28T11:45:00,141,141,141,30
2025-08-28T12:00:00,140.433333333333,139,141,30
2025-08-28T12:15:00,140.866666666667,140,141,30
2025-08-28T12:30:00,140.566666666667,140,141,30
2025-08-28T12:45:00,109.933333333333,109,111,30
2025-08-28T13:00:00,139.233333333333,139,140,30
2025-08-28T13:15:00,140.833333333333,140,141,30
2025-08-28T13:30:00,139.166666666667,139,140,30
2025-08-28T13:45:00,139.866666666667,139,140,30
2025-08-28T14:00:00,142.166666666667,141,143,30
2025-08-28T14:15:00,141.9,141,142,30
2025-08-28T14:30:00,141.033333333333,141,142,30
2025-08-28T14:45:00,140.666666666667,139,141,30
2025-08-28T15:00:00,138.533333333333,138,140,30
2025-08-28T15:15:00,136.2,135,137,30
2025-08-28T15:30:00,125.666666666667,120,129,30
2025-08-28T15:45:00,137.433333333333,136,139,30
2025-08-28T16:00:00,109.7,109,111,30
2025-08-28T16:15:00,140.7,140,141,30
2025-08-28T16:30:00,141,141,141,30
2025-08-28T16:45:00,124.166666666667,115,131,30
2025-08-28T17:00:00,138.5,138,139,30
2025-08-28T17:15:00,140,140,140,30
2025-08-28T17:30:00,142.1,142,143,30
2025-08-28T17:45:00,141.433333333333,141,142,30
2025-08-28T18:00:00,143.566666666667,143,144,30
2025-08-28T18:15:00,141.033333333333,141,142,30
2025-08-28T18:30:00,139.333333333333,139,140,30
2025-08-28T18:45:00,142.266666666667,142,143,30
2025-08-28T19:00:00,138.666666666667,137,140,30
2025-08-28T19:15:00,140.933333333333,140,142,30
2025-08-28T19:30:00,141.066666666667,141,142,30
2025-08-28T19:45:00,97.7,97,98,30
2025-08-28T20:00:00,98.1333333333333,94,101,30
2025-08-28T20:15:00,99.0666666666667,98,100,30
2025-08-28T20:30:00,101.3,99,103,30
2025-08-28T20:45:00,102.566666666667,98,107,30
2025-08-28T21:00:00,88.7666666666667,86,91,30
2025-08-28T21:15:00,97.1666666666667,93,101,30
2025-08-28T21:30:00,93.2,87,102,30
2025-08-28T21:45:00,91.7,68,100,30
2025-08-28T22:00:00,100.133333333333,96,102,30
2025-08-28T22:15:00,94.6,92,100,30
2025-08-28T22:30:00,91.3666666666667,90,92,30
2025-08-28T22:45:00,98.4666666666667,96,101,30
2025-08-28T23:00:00,89.6333333333333,86,93,30
2025-08-28T23:15:00,105.466666666667,103,108,30
2025-08-28T23:30:00,105.8,105,107,30
2025-08-28T23:45:00,109.733333333333,107,112,30
2025-08-29T00:00:00,108.166666666667,106,111,30
2025-08-29T00:15:00,109.366666666667,107,113,30
2025-08-29T00:30:00,104.1,101,107,30
2025-08-29T00:45:00,104.633333333333,102,107,30
2025-08-29T01:00:00,109.4,108,114,30
2025-08-29T01:15:00,111.3,110,113,30
2025-08-29T01:30:00,105.1,102,107,30
2025-08-29T01:45:00,104.866666666667,104,106,30
2025-08-29T02:00:00,108.666666666667,106,111,30
2025-08-29T02:15:00,113.133333333333,110,116,30
2025-08-29T02:30:00,121.733333333333,119,124,30
2025-08-29T02:45:00,106.7,105,109,30
2025-08-29T03:00:00,106.433333333333,105,107,30
2025-08-29T03:15:00,99.7333333333333,82,118,30
2025-08-29T03:30:00,89.6,85,93,30
2025-08-29T03:45:00,112.366666666667,95,127,30
2025-08-29T04:00:00,105,105,105,30
2025-08-29T04:15:00,107.9,107,110,30
2025-08-29T05:30:00,140,140,140,30
2025-08-29T05:45:00,138.866666666667,138,139,30
2025-08-29T06:00:00,139.266666666667,138,141,30
2025-08-29T06:15:00,140.8,140,141,30
2025-08-29T06:30:00,135.466666666667,124,141,30
2025-08-29T06:45:00,142.7,142,143,30
2025-08-29T07:00:00,140.6,140,141,30
2025-08-29T07:15:00,144,144,144,30
2025-08-29T07:30:00,143,143,143,30
2025-08-29T07:45:00,146,146,146,30
2025-08-29T08:00:00,144,144,144,30
2025-08-29T08:15:00,148.6,148,149,30
2025-08-29T08:30:00,142.9,142,144,30
2025-08-29T08:45:00,143.566666666667,143,144,30
2025-08-29T09:00:00,142,142,142,30
2025-08-29T09:15:00,142.166666666667,142,143,30
2025-08-29T09:30:00,137.4,137,138,30
2025-08-29T09:45:00,139,139,139,30
2025-08-29T10:00:00,142,142,142,30
2025-08-29T10:15:00,140,140,140,30
2025-08-29T10:30:00,142.933333333333,142,143,30
2025-08-29T10:45:00,143.266666666667,143,144,30
2025-08-29T11:00:00,144.533333333333,144,145,30
2025-08-29T11:15:00,145.633333333333,144,146,30
2025-08-29T11:30:00,144,144,144,30
2025-08-29T11:45:00,141.033333333333,141,142,30
2025-08-29T12:00:00,138.5,138,139,30
2025-08-29T12:15:00,141.666666666667,141,142,30
2025-08-29T12:30:00,142.866666666667,142,143,30
2025-08-29T12:45:00,138.866666666667,138,140,30
2025-08-29T13:00:00,106.5,106,107,30
2025-08-29T13:15:00,139.3,138,140,30
2025-08-29T13:30:00,105.233333333333,105,106,30
2025-08-29T13:45:00,106.333333333333,106,107,30
2025-08-29T14:00:00,105.033333333333,104,106,30
2025-08-29T14:15:00,104.266666666667,103,105,30
2025-08-29T14:30:00,103,103,103,30
2025-08-29T14:45:00,106.2,105,107,30
2025-08-29T15:00:00,102.533333333333,102,103,30
2025-08-29T15:15:00,106.3,106,107,30
2025-08-29T15:30:00,106,106,106,30
2025-08-29T15:45:00,131.833333333333,123,137,30
2025-08-29T16:00:00,138.2,117,141,30
2025-08-29T16:15:00,108.466666666667,107,110,30
2025-08-29T16:30:00,141.533333333333,141,142,30
2025-08-29T16:45:00,109.4,107,111,30
2025-08-29T17:00:00,142.4,142,143,30
2025-08-29T17:15:00,142.433333333333,142,143,30
2025-08-29T17:30:00,106.566666666667,106,108,30
2025-08-29T17:45:00,143.233333333333,143,144,30
2025-08-29T18:00:00,142.766666666667,142,143,30
2025-08-29T18:15:00,144,144,144,30
2025-08-29T18:30:00,145.066666666667,145,146,30
2025-08-29T18:45:00,145.866666666667,145,146,30
2025-08-29T19:00:00,143.4,142,144,30
2025-08-29T19:15:00,143.766666666667,143,144,30
2025-08-29T19:30:00,145.433333333333,145,146,30
2025-08-29T19:45:00,89.8666666666667,87,91,30
2025-08-29T20:00:00,97.4666666666667,92,101,30
2025-08-29T20:15:00,102.366666666667,101,104,30
2025-08-29T20:30:00,87.5666666666667,83,93,30
2025-08-29T20:45:00,93,91,96,30
2025-08-29T21:00:00,95.1333333333333,94,96,30
2025-08-29T21:15:00,100.9,99,102,30
2025-08-29T21:30:00,96.0333333333333,94,98,30
2025-08-29T21:45:00,100.7,98,102,30
2025-08-29T22:00:00,97.5,92,106,30
2025-08-29T22:15:00,104.933333333333,102,109,30
2025-08-29T22:30:00,102.333333333333,100,104,30
2025-08-29T22:45:00,99.8333333333333,91,102,30
2025-08-29T23:00:00,93.9333333333333,89,99,30
2025-08-29T23:15:00,105.866666666667,101,112,30
2025-08-29T23:30:00,104.733333333333,102,106,30
2025-08-29T23:45:00,101.166666666667,99,102,30
2025-08-30T00:00:00,101.766666666667,96,108,30
2025-08-30T00:15:00,106.933333333333,105,108,30
2025-08-30T00:30:00,107.666666666667,107,109,30
2025-08-30T00:45:00,104.4,103,106,30
2025-08-30T01:00:00,106.133333333333,104,107,30
2025-08-30T01:15:00,97.2,96,99,30
2025-08-30T01:30:00,96.3,94,98,30
2025-08-30T01:45:00,104.333333333333,104,105,30
2025-08-30T02:00:00,106.633333333333,104,109,30
2025-08-30T02:15:00,109.5,107,113,30
2025-08-30T02:30:00,102.666666666667,102,104,30
2025-09-02T19:30:00,141,140,142,30
2025-09-02T19:45:00,101.766666666667,101,103,30
2025-09-02T20:00:00,101.433333333333,100,102,30
2025-09-02T20:15:00,96.7666666666667,95,98,30
2025-09-02T20:30:00,102.9,101,105,30
2025-09-02T20:45:00,102.766666666667,100,105,30
2025-09-02T21:00:00,102.633333333333,100,104,30
2025-09-02T21:15:00,102.066666666667,101,103,30
2025-09-02T21:30:00,105.266666666667,104,107,30
2025-09-02T21:45:00,106.733333333333,106,108,30
2025-09-02T22:00:00,95.4,94,96,30
2025-09-02T22:15:00,98.7666666666667,98,100,30
2025-09-02T22:30:00,89.4333333333333,86,91,30
2025-09-02T22:45:00,97.7333333333333,96,100,30
2025-09-02T23:00:00,94.0666666666667,93,96,30
2025-09-02T23:15:00,97.9,95,100,30
2025-09-02T23:30:00,97.0333333333333,96,98,30
2025-09-02T23:45:00,101.1,99,103,30
2025-09-03T00:00:00,100.3,99,101,30
2025-09-03T00:15:00,100.8,100,102,30
2025-09-03T00:30:00,94.8666666666667,94,95,30
2025-09-03T00:45:00,90.7666666666667,85,97,30
2025-09-03T01:00:00,99.7,97,103,30
2025-09-03T01:15:00,96.1666666666667,95,98,30
2025-09-03T01:30:00,94.6333333333333,92,96,30
2025-09-03T01:45:00,98.7666666666667,97,100,30
2025-09-03T02:00:00,97,95,99,30
2025-09-03T02:15:00,100.233333333333,99,101,30
2025-09-03T02:30:00,100.066666666667,98,102,30
2025-09-03T02:45:00,97.5,96,100,30
2025-09-03T03:00:00,102.766666666667,101,105,30
2025-09-03T03:15:00,101.833333333333,101,103,30
2025-09-03T03:30:00,98.7333333333333,98,100,30
2025-09-03T03:45:00,103.433333333333,102,105,30
2025-09-03T04:00:00,101.466666666667,100,103,30
2025-09-03T04:15:00,92.4666666666667,88,95,30
2025-09-03T04:30:00,100.466666666667,99,102,30
2025-09-03T04:45:00,98.6333333333333,98,99,30
2025-09-03T05:00:00,106.766666666667,103,109,30
2025-09-03T05:15:00,114.5,109,119,30
2025-09-03T05:30:00,143,143,143,30
2025-09-03T05:45:00,143,143,143,30
2025-09-03T06:00:00,142.766666666667,142,143,30
2025-09-03T06:15:00,143.466666666667,143,144,30
2025-09-03T06:30:00,143.033333333333,143,144,30
2025-09-03T06:45:00,143,143,143,30
2025-09-03T07:00:00,143.033333333333,142,144,30
2025-09-03T07:15:00,142.866666666667,142,143,30
2025-09-03T07:30:00,142.5,142,143,30
2025-09-03T07:45:00,143,143,143,30
2025-09-03T08:00:00,143,143,143,30
2025-09-03T08:15:00,142,142,142,30
2025-09-03T08:30:00,142,142,142,30
2025-09-03T08:45:00,141.6,141,142,30
2025-09-03T09:00:00,143,143,143,30
2025-09-03T09:15:00,141.066666666667,140,142,30
2025-09-03T09:30:00,141,141,141,30
2025-09-03T09:45:00,141.266666666667,141,142,30
2025-09-03T10:00:00,141.733333333333,141,142,30
2025-09-03T10:15:00,140.833333333333,140,141,30
2025-09-03T10:30:00,140,140,140,30
2025-09-03T10:45:00,142.5,142,143,30
2025-09-03T11:00:00,143.833333333333,143,144,30
2025-09-03T11:15:00,143,143,143,30
2025-09-03T11:30:00,141.766666666667,141,144,30
2025-09-03T11:45:00,104.1,103,105,30
2025-09-03T12:00:00,140,140,140,30
2025-09-03T12:15:00,146.266666666667,146,147,30
2025-09-03T12:30:00,136.566666666667,133,138,30
2025-09-03T12:45:00,104.766666666667,102,108,30
2025-09-03T13:00:00,141.9,141,143,30
2025-09-03T13:15:00,135.6,112,141,30
2025-09-03T13:30:00,146.9,146,148,30
2025-09-03T13:45:00,143.066666666667,143,144,30
2025-09-03T14:00:00,99.9,99,100,30
2025-09-03T14:15:00,100,100,100,30
2025-09-03T14:30:00,144.2,144,145,30
2025-09-03T14:45:00,111.966666666667,104,141,30
2025-09-03T15:00:00,99.8,99,100,30
2025-09-03T15:15:00,141.933333333333,141,142,30
2025-09-03T15:30:00,104.666666666667,104,106,30
2025-09-03T15:45:00,101.266666666667,101,102,30
2025-09-03T16:00:00,105.966666666667,105,107,30
2025-09-03T16:15:00,114.3,108,140,30
2025-09-03T16:30:00,103.3,103,104,30
2025-09-03T16:45:00,143.5,143,145,30
2025-09-03T17:00:00,110.533333333333,109,112,30
2025-09-03T17:15:00,142.733333333333,141,143,30
2025-09-03T17:30:00,144.866666666667,144,145,30
2025-09-03T17:45:00,143,143,143,30
2025-09-03T18:00:00,144.533333333333,144,145,30
2025-09-03T18:15:00,125.566666666667,116,141,30
2025-09-03T18:30:00,114.733333333333,113,127,30
2025-09-03T18:45:00,144.266666666667,144,145,30
2025-09-03T19:00:00,141.8,141,142,30
2025-09-03T19:15:00,101.566666666667,101,102,30
2025-09-03T19:30:00,88.8333333333333,86,91,30
2025-09-03T19:45:00,101.933333333333,101,103,30
2025-09-03T20:00:00,101.333333333333,100,102,30
2025-09-03T20:15:00,96.2,94,99,30
2025-09-03T20:30:00,92.6666666666667,92,94,30
2025-09-03T20:45:00,95.7666666666667,93,98,30
2025-09-03T21:00:00,124.233333333333,119,132,30
2025-09-03T21:15:00,97.4666666666667,94,101,30
2025-09-03T21:30:00,109.8,103,116,30
2025-09-03T21:45:00,108.6,107,111,30
2025-09-03T22:00:00,105.266666666667,103,111,30
2025-09-03T22:15:00,105,103,107,30
2025-09-03T22:30:00,109.9,109,111,30
2025-09-03T22:45:00,99.9,99,101,30
2025-09-03T23:00:00,99.7333333333333,97,103,30
2025-09-03T23:15:00,92.9333333333333,86,98,30
2025-09-03T23:30:00,105.633333333333,105,106,30
2025-09-03T23:45:00,102.133333333333,101,103,30
2025-09-04T00:00:00,102.4,101,104,30
2025-09-04T00:15:00,98.0666666666667,97,99,30
2025-09-04T00:30:00,99.6,98,100,30
2025-09-04T00:45:00,104.366666666667,103,106,30
2025-09-04T01:00:00,98.0333333333333,97,100,30
2025-09-04T01:15:00,101.533333333333,99,104,30
2025-09-04T01:30:00,95.3333333333333,94,97,30
2025-09-04T01:45:00,97.8333333333333,95,99,30
2025-09-04T02:00:00,98.3666666666667,98,99,30
2025-09-04T02:15:00,99.4,97,101,30
2025-09-04T02:30:00,91.1666666666667,90,93,30
2025-09-04T02:45:00,92.6,91,94,30
2025-09-04T03:00:00,96.6666666666667,96,97,30
2025-09-04T03:15:00,94.8333333333333,93,98,30
2025-09-04T03:30:00,97.7333333333333,95,101,30
2025-09-04T03:45:00,89,83,93,30
2025-09-04T04:00:00,90.3666666666667,89,92,30
2025-09-04T04:15:00,95.4333333333333,93,99,30
2025-09-04T04:30:00,105.6,105,107,30
2025-09-04T04:45:00,104.1,103,105,30
2025-09-04T05:00:00,100.8,98,103,30
2025-09-04T05:15:00,103,103,103,30
2025-09-04T05:30:00,90.1333333333333,88,95,30
2025-09-04T05:45:00,141.766666666667,141,142,30
2025-09-04T06:00:00,141.866666666667,141,142,30
2025-09-04T06:15:00,143.066666666667,143,144,30
2025-09-04T06:30:00,141.066666666667,141,142,30
2025-09-04T06:45:00,142.8,142,143,30
2025-09-04T07:00:00,141.866666666667,141,142,30
2025-09-04T07:15:00,142,142,142,30
2025-09-04T07:30:00,144,144,144,30
2025-09-04T07:45:00,143,143,143,30
2025-09-04T08:00:00,142.1,142,143,30
2025-09-04T08:15:00,144.266666666667,144,145,30
2025-09-04T08:30:00,144.466666666667,144,145,30
2025-09-04T08:45:00,142,142,142,30
2025-09-04T09:00:00,142.033333333333,142,143,30
2025-09-04T09:15:00,139.333333333333,139,140,30
2025-09-04T09:30:00,138.4,138,139,30
2025-09-04T09:45:00,140,140,140,30
2025-09-04T10:00:00,140,140,140,30
2025-09-04T10:15:00,141,141,141,30
2025-09-04T10:30:00,143.1,142,144,30
2025-09-04T10:45:00,140.666666666667,140,141,30
2025-09-04T11:00:00,137.033333333333,136,140,30
2025-09-04T11:15:00,137.033333333333,136,140,30
2025-09-04T11:30:00,137.033333333333,136,140,30
2025-09-04T11:45:00,143,143,143,30
2025-09-04T12:00:00,141.066666666667,140,142,30
2025-09-04T12:15:00,144.166666666667,143,145,30
2025-09-04T12:30:00,142,141,143,30
2025-09-04T12:45:00,143.066666666667,143,144,30
2025-09-04T13:00:00,108.166666666667,107,109,30
2025-09-04T13:15:00,143.733333333333,143,144,30
2025-09-04T13:30:00,105.133333333333,104,107,30
2025-09-04T13:45:00,97.2666666666667,97,98,30
2025-09-04T14:00:00,98.6333333333333,98,99,30
2025-09-04T14:15:00,102.4,102,104,30
2025-09-04T14:30:00,144,144,144,30
2025-09-04T14:45:00,107.833333333333,107,109,30
2025-09-04T15:00:00,103,103,103,30
2025-09-04T15:15:00,105.866666666667,105,108,30
2025-09-04T15:30:00,136.333333333333,130,140,30
2025-09-04T15:45:00,103.166666666667,102,105,30
2025-09-04T16:00:00,104,104,104,30
2025-09-04T16:15:00,143.766666666667,143,145,30
2025-09-04T16:30:00,141.2,140,143,30
2025-09-04T16:45:00,142.3,141,143,30
2025-09-04T17:00:00,140.566666666667,140,141,30
2025-09-04T17:15:00,148.933333333333,148,149,30
2025-09-04T17:30:00,147.066666666667,147,148,30
2025-09-04T17:45:00,143.8,143,144,30
2025-09-04T18:00:00,143.966666666667,143,144,30
2025-09-04T18:15:00,117.966666666667,111,143,30
2025-09-04T18:30:00,106.133333333333,105,108,30
2025-09-04T18:45:00,135.6,113,140,30
2025-09-04T19:00:00,145.5,145,147,30
2025-09-04T19:15:00,144,144,144,30
2025-09-04T19:30:00,91.7,91,92,30
2025-09-04T19:45:00,93.5333333333333,87,100,30
2025-09-04T20:00:00,101.966666666667,101,103,30
2025-09-04T20:15:00,41.0666666666667,27,64,30
2025-09-04T20:30:00,84.1333333333333,77,91,30
2025-09-04T20:45:00,80.5333333333333,57,86,30
2025-09-04T21:00:00,32.3333333333333,10,60,30
2025-09-04T21:15:00,98.7,98,100,30
2025-09-04T21:30:00,102.566666666667,100,104,30
2025-09-04T21:45:00,72.5333333333333,36,85,30
2025-09-04T22:00:00,99.1333333333333,88,103,30
2025-09-04T22:15:00,114.4,112,119,30
2025-09-04T22:30:00,99.1333333333333,97,101,30
2025-09-04T22:45:00,103.566666666667,101,105,30
2025-09-04T23:00:00,102.266666666667,102,103,30
2025-09-04T23:15:00,107.2,107,108,30
2025-09-04T23:30:00,102.8,102,104,30
2025-09-04T23:45:00,106.366666666667,105,107,30
2025-09-05T00:00:00,3.13333333333333,0,23,30
2025-09-05T00:15:00,1.03333333333333,0,9,30
2025-09-05T00:30:00,99.1333333333333,98,101,30
2025-09-05T00:45:00,100.8,98,103,30
2025-09-05T01:00:00,90.4,88,93,30
2025-09-05T01:15:00,29.1666666666667,20,46,30
2025-09-05T01:30:00,94.2666666666667,87,98,30
2025-09-05T01:45:00,106.3,103,109,30
2025-09-05T02:00:00,93.9666666666667,91,97,30
2025-09-05T02:15:00,92.5333333333333,91,94,30
2025-09-05T02:30:00,76.1666666666667,70,81,30
2025-09-05T02:45:00,101.433333333333,99,103,30
2025-09-05T03:00:00,93.1,89,95,30
2025-09-05T03:15:00,95.5333333333333,94,97,30
2025-09-05T03:30:00,94.8666666666667,94,96,30
2025-09-05T03:45:00,46.6333333333333,30,65,30
2025-09-05T04:00:00,72.3,65,81,30
2025-09-05T04:15:00,38.6333333333333,18,49,30
2025-09-05T04:30:00,58.2666666666667,46,65,30
2025-09-05T04:45:00,60.1,58,62,30
2025-09-05T05:00:00,97.6333333333333,94,103,30
2025-09-05T05:15:00,112.4,87,122,30
2025-09-05T05:30:00,134.366666666667,134,135,30
2025-09-05T05:45:00,143.233333333333,143,144,30
2025-09-05T06:00:00,142.2,142,143,30
2025-09-05T06:15:00,142,142,142,30
2025-09-05T06:45:00,100.366666666667,99,103,30
2025-09-05T07:00:00,140.633333333333,140,141,30
2025-09-05T07:15:00,139.7,139,140,30
2025-09-05T07:30:00,99.9333333333333,98,102,30
2025-09-05T07:45:00,99.3666666666667,98,100,30
2025-09-05T08:00:00,112.266666666667,103,142,30
2025-09-05T08:15:00,139.933333333333,139,141,30
2025-09-05T08:30:00,101.2,101,102,30
2025-09-05T08:45:00,100.5,100,101,30
2025-09-05T09:00:00,95.9333333333333,95,96,30
2025-09-05T09:15:00,98.7666666666667,98,100,30
2025-09-05T09:30:00,98.9666666666667,98,100,30
2025-09-05T09:45:00,99.1,99,100,30
2025-09-05T10:00:00,99.3333333333333,99,101,30
2025-09-05T10:15:00,98.7333333333333,98,99,30
2025-09-05T10:30:00,98.2333333333333,98,99,30
2025-09-05T10:45:00,99.1333333333333,99,100,30
2025-09-05T11:00:00,96.9,96,97,30
2025-09-05T11:15:00,98.7,97,101,30
2025-09-05T11:30:00,98.4333333333333,97,99,30
2025-09-05T11:45:00,97.4333333333333,96,98,30
2025-09-05T12:00:00,98.5,98,99,30
2025-09-05T12:15:00,99.8,99,101,30
2025-09-05T12:30:00,97,97,97,30
2025-09-05T12:45:00,98.1666666666667,98,99,30
2025-09-05T13:00:00,105.966666666667,103,113,30
2025-09-05T13:15:00,119.033333333333,104,141,30
2025-09-05T13:30:00,108,102,140,30
2025-09-05T13:45:00,95.2333333333333,94,97,30
2025-09-05T14:00:00,99.5333333333333,99,100,30
2025-09-05T14:15:00,98.6333333333333,98,99,30
2025-09-05T14:30:00,140,140,140,30
2025-09-05T14:45:00,104.633333333333,103,107,30
2025-09-05T15:00:00,99.9,99,101,30
2025-09-05T15:15:00,97,97,97,30
2025-09-05T15:30:00,102,100,103,30
2025-09-05T15:45:00,140.033333333333,138,141,30
2025-09-05T16:00:00,98.7333333333333,98,99,30
2025-09-05T16:15:00,104.433333333333,102,110,30
2025-09-05T16:30:00,98.2,98,99,30
2025-09-05T16:45:00,107.533333333333,107,110,30
2025-09-05T17:00:00,140.5,140,141,30
2025-09-05T17:15:00,100.233333333333,99,101,30
2025-09-05T17:30:00,143.533333333333,143,144,30
2025-09-05T17:45:00,98.2666666666667,97,99,30
2025-09-05T18:00:00,104.066666666667,102,107,30
2025-09-05T18:15:00,137.233333333333,107,143,30
2025-09-05T18:30:00,104.766666666667,104,106,30
2025-09-05T18:45:00,141.266666666667,140,143,30
2025-09-05T19:00:00,103.866666666667,103,105,30
2025-09-05T19:15:00,102.466666666667,101,103,30
2025-09-05T19:30:00,126.866666666667,93,129,30
2025-09-05T19:45:00,104,102,106,30
2025-09-05T20:00:00,82.3333333333333,59,93,30
2025-09-05T20:15:00,106.266666666667,102,109,30
2025-09-05T20:30:00,96.8,96,98,30
2025-09-05T20:45:00,80.0666666666667,70,85,30
2025-09-05T21:00:00,85.4,83,89,30
2025-09-05T21:15:00,90.2333333333333,86,93,30
2025-09-05T21:30:00,92.3666666666667,89,95,30
2025-09-05T21:45:00,102.333333333333,102,103,30
2025-09-05T22:00:00,88.1333333333333,86,89,30
2025-09-05T22:15:00,102.9,101,104,30
2025-09-05T22:30:00,93.9666666666667,92,96,30
2025-09-05T22:45:00,91.6,89,95,30
2025-09-05T23:00:00,43.3666666666667,0,80,30
2025-09-05T23:15:00,102.333333333333,99,105,30
2025-09-05T23:30:00,108.466666666667,106,111,30
2025-09-05T23:45:00,112.1,111,116,30
2025-09-06T00:00:00,113.666666666667,112,115,30
2025-09-06T00:15:00,110.3,107,113,30
2025-09-06T00:30:00,112.5,108,118,30
2025-09-06T00:45:00,102.8,98,106,30
2025-09-06T01:00:00,79.1,67,91,30
2025-09-06T01:15:00,97.8,96,100,30
2025-09-06T01:30:00,94.6,94,96,30
2025-09-06T01:45:00,110.133333333333,109,112,30
2025-09-06T02:00:00,99.7,97,104,30
2025-09-06T02:15:00,114.166666666667,113,115,30
2025-09-06T02:30:00,109.3,108,110,30
2025-09-06T02:45:00,92.4333333333333,91,94,30
2025-09-06T03:00:00,104.166666666667,102,106,30
2025-09-06T03:15:00,85.3333333333333,78,91,30
2025-09-06T03:30:00,98.2666666666667,96,102,30
2025-09-06T03:45:00,94.7666666666667,94,96,30
2025-09-06T04:00:00,90.4,89,94,30
2025-09-06T04:15:00,105.566666666667,102,111,30
2025-09-06T04:30:00,96.9333333333333,95,99,30
2025-09-06T04:45:00,106.633333333333,101,113,30
2025-09-06T05:00:00,90.4333333333333,85,95,30
2025-09-06T05:15:00,104.633333333333,103,106,30
2025-09-06T05:30:00,105.2,103,108,30
2025-09-06T05:45:00,142.233333333333,142,143,30
2025-09-06T06:00:00,134.833333333333,115,141,30
2025-09-06T06:15:00,139,139,139,30
2025-09-06T06:30:00,140.4,140,141,30
2025-09-06T06:45:00,141,141,141,30
2025-09-06T07:00:00,137.9,137,139,30
2025-09-06T07:15:00,140,140,140,30
2025-09-06T07:30:00,142.333333333333,142,143,30
2025-09-06T07:45:00,143.066666666667,143,144,30
2025-09-06T08:00:00,141.633333333333,141,143,30
2025-09-06T08:15:00,143,143,143,30
2025-09-06T08:30:00,140,140,140,30
2025-09-06T08:45:00,142.7,142,143,30
2025-09-06T09:00:00,142.3,142,143,30
2025-09-06T09:15:00,139.5,139,140,30
2025-09-06T09:30:00,141.266666666667,141,142,30
2025-09-06T09:45:00,140.466666666667,139,141,30
2025-09-06T10:00:00,143.033333333333,142,144,30
2025-09-06T10:15:00,141.233333333333,140,143,30
2025-09-06T10:30:00,111.633333333333,98,141,30
2025-09-06T10:45:00,113.933333333333,101,143,30
2025-09-06T11:00:00,141.6,140,143,30
2025-09-06T11:15:00,104.166666666667,102,106,30
2025-09-06T11:30:00,125.633333333333,101,139,30
2025-09-06T11:45:00,141.2,140,142,30
2025-09-06T12:00:00,97,95,98,30
2025-09-06T12:15:00,102.5,101,105,30
2025-09-06T12:30:00,143.8,143,144,30
2025-09-06T12:45:00,140.5,138,142,30
2025-09-06T13:00:00,137.333333333333,134,141,30
2025-09-06T13:15:00,100,99,101,30
2025-09-06T13:30:00,97.6333333333333,97,99,30
2025-09-06T13:45:00,125.9,103,143,30
2025-09-06T14:00:00,105.4,103,110,30
2025-09-06T14:15:00,109.333333333333,102,137,30
2025-09-06T14:30:00,137.9,108,143,30
2025-09-06T14:45:00,141.333333333333,141,142,30
2025-09-06T15:00:00,102.866666666667,100,106,30
2025-09-06T15:15:00,137.9,137,138,30
2025-09-06T15:30:00,140.7,140,141,30
2025-09-06T15:45:00,141,141,141,30
2025-09-06T16:00:00,140.433333333333,140,141,30
2025-09-06T16:15:00,139.533333333333,139,140,30
2025-09-06T16:30:00,139.766666666667,139,141,30
2025-09-06T16:45:00,141.766666666667,141,142,30
2025-09-06T17:00:00,141.233333333333,140,142,30
2025-09-06T17:15:00,140,140,140,30
2025-09-06T17:30:00,142,142,142,30
2025-09-06T17:45:00,141.133333333333,141,142,30
2025-09-06T18:00:00,141,141,141,30
2025-09-06T18:15:00,141.9,141,142,30
2025-09-06T18:30:00,141.066666666667,141,142,30
2025-09-06T18:45:00,141,141,141,30
2025-09-06T19:00:00,142,142,142,30
2025-09-06T19:15:00,136,136,136,30
2025-09-06T19:30:00,124,124,124,30
2025-09-06T19:45:00,108.166666666667,106,109,30
2025-09-06T20:00:00,91.4,87,94,30
2025-09-06T20:15:00,102.566666666667,101,105,30
2025-09-06T20:30:00,79.0333333333333,59,85,30
2025-09-06T20:45:00,18.7666666666667,0,55,30
2025-09-06T21:00:00,106.8,106,107,30
2025-09-06T21:15:00,109.866666666667,107,112,30
2025-09-06T21:30:00,106.233333333333,101,112,30
2025-09-06T21:45:00,0,0,0,30
2025-09-06T22:00:00,0,0,0,30
2025-09-06T22:15:00,87.4666666666667,85,89,30
2025-09-06T22:30:00,100.966666666667,100,102,30
2025-09-06T22:45:00,83.9333333333333,82,86,30
2025-09-06T23:00:00,91.8,90,93,30
2025-09-06T23:15:00,57.4666666666667,44,69,30
2025-09-06T23:30:00,106.733333333333,106,108,30
2025-09-06T23:45:00,98.8666666666667,98,100,30
2025-09-07T00:00:00,96.1333333333333,94,97,30
2025-09-07T00:15:00,100.2,98,102,30
2025-09-07T00:30:00,112.6,111,114,30
2025-09-07T00:45:00,93.5333333333333,92,95,30
2025-09-07T01:00:00,59.5333333333333,59,61,30
2025-09-07T01:15:00,102.066666666667,102,103,30
2025-09-07T01:30:00,109.533333333333,107,110,30
2025-09-07T01:45:00,83.4666666666667,83,84,30
2025-09-07T02:00:00,96.4,96,97,30
2025-09-07T02:15:00,77.9666666666667,77,79,30
2025-09-07T02:30:00,90.4,90,91,30
2025-09-07T02:45:00,64,64,64,30
2025-09-07T03:00:00,91.7333333333333,91,92,30
2025-09-07T03:15:00,82.7,82,83,30
2025-09-07T03:30:00,74,74,74,30
2025-09-07T03:45:00,98,98,98,30
2025-09-07T04:00:00,97.8,96,99,30
2025-09-07T04:15:00,108.366666666667,108,109,30
2025-09-07T04:30:00,102.233333333333,102,103,30
2025-09-07T04:45:00,103.033333333333,103,104,30
2025-09-07T05:00:00,84.8666666666667,84,85,30
2025-09-07T05:15:00,100.4,100,101,30
2025-09-07T05:30:00,0,0,0,30
2025-09-07T05:45:00,145,145,145,30
2025-09-07T06:00:00,103,103,103,30
2025-09-07T06:15:00,141.533333333333,140,142,30
2025-09-07T06:30:00,105.3,104,108,30
2025-09-07T06:45:00,141.9,141,142,30
2025-09-07T07:00:00,142,142,142,30
2025-09-07T07:15:00,138.966666666667,138,139,30
2025-09-07T07:30:00,121.633333333333,107,139,30
2025-09-07T07:45:00,99.8,98,101,30
2025-09-07T08:00:00,96.7,96,97,30
2025-09-07T08:15:00,100.8,99,102,30
2025-09-07T08:30:00,138.6,138,140,30
2025-09-07T08:45:00,110.766666666667,109,113,30
2025-09-07T09:00:00,120.166666666667,112,138,30
2025-09-07T09:15:00,133.333333333333,114,137,30
2025-09-07T09:30:00,140,140,140,30
2025-09-07T09:45:00,139.2,139,141,30
2025-09-07T10:00:00,140,140,140,30
2025-09-07T10:15:00,143,143,143,30
2025-09-07T10:30:00,141.366666666667,141,142,30
2025-09-07T10:45:00,141.2,141,142,30
2025-09-07T11:00:00,145,145,145,30
2025-09-07T11:15:00,143,143,143,30
2025-09-07T11:30:00,142,142,142,30
2025-09-07T11:45:00,142.4,142,143,30
2025-09-07T12:00:00,139.666666666667,139,140,30
2025-09-07T12:15:00,137.966666666667,137,139,30
2025-09-07T12:30:00,96.0666666666667,96,97,30
2025-09-07T12:45:00,142.2,142,143,30
2025-09-07T13:00:00,97.6,97,99,30
2025-09-07T13:15:00,98.2333333333333,98,99,30
2025-09-07T13:30:00,129.833333333333,104,141,30
2025-09-07T13:45:00,102.533333333333,101,109,30
2025-09-07T14:00:00,100.033333333333,98,102,30
2025-09-07T14:15:00,100.633333333333,100,101,30
2025-09-07T14:30:00,141.633333333333,141,143,30
2025-09-07T14:45:00,98.6,98,100,30
2025-09-07T15:00:00,95.3333333333333,95,96,30
2025-09-07T15:15:00,102.6,101,105,30
2025-09-07T15:30:00,104.866666666667,103,107,30
2025-09-07T15:45:00,98.1333333333333,97,99,30
2025-09-07T16:00:00,102,102,102,30
2025-09-07T16:15:00,104.833333333333,102,107,30
2025-09-07T16:30:00,102.366666666667,102,104,30
2025-09-07T16:45:00,143,143,143,30
2025-09-07T17:00:00,106.533333333333,105,110,30
2025-09-07T17:15:00,141.3,141,142,30
2025-09-07T17:30:00,114.766666666667,107,141,30
2025-09-07T17:45:00,104.066666666667,103,106,30
2025-09-07T18:00:00,100.4,100,101,30
2025-09-07T18:15:00,107.933333333333,106,111,30
2025-09-07T18:30:00,100.033333333333,99,101,30
2025-09-07T18:45:00,104.4,103,105,30
2025-09-07T19:00:00,139.066666666667,113,140,30
2025-09-07T19:15:00,116.433333333333,103,143,30
2025-09-07T19:30:00,74.8,74,75,30
2025-09-07T19:45:00,105.6,105,106,30
2025-09-07T20:00:00,83.7666666666667,81,88,30
2025-09-07T20:15:00,75.3333333333333,52,90,30
2025-09-07T20:30:00,81.6,77,86,30
2025-09-07T20:45:00,100.433333333333,98,102,30
2025-09-07T21:00:00,100.4,97,104,30
2025-09-07T21:15:00,103,102,104,30
2025-09-07T21:30:00,89.1333333333333,85,92,30
2025-09-07T21:45:00,0,0,0,30
2025-09-07T22:00:00,104.033333333333,103,105,30
2025-09-07T22:15:00,96.4333333333333,94,101,30
2025-09-07T22:30:00,106.566666666667,105,108,30
2025-09-07T22:45:00,101.3,97,103,30
2025-09-07T23:00:00,92.2333333333333,90,93,30
2025-09-07T23:15:00,113.033333333333,112,114,30
2025-09-07T23:30:00,115.7,115,117,30
2025-09-07T23:45:00,115.433333333333,114,116,30
2025-09-08T00:00:00,118.733333333333,118,119,30
2025-09-08T00:15:00,112.666666666667,112,113,30
2025-09-08T00:30:00,118.8,117,120,30
2025-09-08T00:45:00,103.533333333333,102,105,30
2025-09-08T01:00:00,111.633333333333,110,114,30
2025-09-08T01:15:00,135.433333333333,132,137,30
2025-09-08T01:30:00,111.2,105,116,30
2025-09-08T01:45:00,102.166666666667,93,106,30
2025-09-08T02:00:00,37.4,11,74,30
2025-09-08T02:15:00,0,0,0,30
2025-09-08T02:30:00,94.0333333333333,91,99,30
2025-09-08T02:45:00,3.76666666666667,0,27,30
2025-09-08T03:00:00,19.5,0,81,30
2025-09-08T03:15:00,0,0,0,30
2025-09-08T03:30:00,108.5,107,109,30
2025-09-08T03:45:00,90.7666666666667,85,97,30
2025-09-08T04:00:00,93.9333333333333,86,101,30
2025-09-08T04:15:00,79.1666666666667,45,96,30
2025-09-08T04:30:00,23.8,0,55,30
2025-09-08T04:45:00,0,0,0,30
2025-09-08T05:00:00,63.4333333333333,13,85,30
2025-09-08T05:15:00,98.7666666666667,96,101,30
2025-09-08T05:30:00,136,135,137,30
2025-09-08T05:45:00,143.3,143,144,30
2025-09-08T06:00:00,141.733333333333,141,142,30
2025-09-08T06:15:00,143.766666666667,143,144,30
2025-09-08T06:30:00,143.566666666667,143,144,30
2025-09-08T06:45:00,145.133333333333,145,146,30
2025-09-08T07:00:00,141.6,141,142,30
2025-09-08T07:15:00,143.533333333333,143,144,30
2025-09-08T07:30:00,140,140,140,30
2025-09-08T07:45:00,142.1,142,143,30
2025-09-08T08:00:00,143.466666666667,143,144,30
2025-09-08T08:15:00,142.933333333333,142,143,30
2025-09-08T08:30:00,144.033333333333,143,145,30
2025-09-08T08:45:00,144.266666666667,143,145,30
2025-09-08T09:00:00,144.466666666667,144,145,30
2025-09-08T09:15:00,144.8,142,146,30
2025-09-08T09:30:00,139.366666666667,139,140,30
2025-09-08T09:45:00,140.533333333333,140,141,30
2025-09-08T10:00:00,104.9,102,108,30
2025-09-08T10:15:00,95.1333333333333,94,96,30
2025-09-08T10:30:00,110.2,101,139,30
2025-09-08T10:45:00,102.733333333333,101,108,30
2025-09-08T11:00:00,139.866666666667,110,142,30
2025-09-08T11:15:00,142.133333333333,142,143,30
2025-09-08T11:30:00,142.133333333333,141,143,30
2025-09-08T11:45:00,140.4,140,141,30
2025-09-08T12:00:00,138.7,138,139,30
2025-09-08T12:15:00,99.6,99,100,30
2025-09-08T12:30:00,141.133333333333,141,142,30
2025-09-08T12:45:00,138.6,138,139,30
2025-09-08T13:00:00,128.033333333333,113,143,30
2025-09-08T13:15:00,142.5,142,143,30
2025-09-08T13:30:00,116.333333333333,107,140,30
2025-09-08T13:45:00,110.733333333333,101,139,30
2025-09-08T14:00:00,94,91,95,30
2025-09-08T14:15:00,99.8,99,101,30
2025-09-08T14:30:00,98.0333333333333,98,99,30
2025-09-08T14:45:00,109.4,106,111,30
2025-09-08T15:00:00,102.766666666667,102,105,30
2025-09-08T15:15:00,142.466666666667,141,143,30
2025-09-08T15:30:00,97.5666666666667,97,99,30
2025-09-08T15:45:00,102.866666666667,102,104,30
2025-09-08T16:00:00,103.6,103,105,30
2025-09-08T16:15:00,133.5,115,142,30
2025-09-08T16:30:00,145.733333333333,145,146,30
2025-09-08T16:45:00,139.2,137,140,30
2025-09-08T17:00:00,143.6,142,145,30
2025-09-08T17:15:00,145.866666666667,145,147,30
2025-09-08T17:30:00,149.9,149,150,30
2025-09-08T17:45:00,144.333333333333,144,145,30
2025-09-08T18:00:00,143,143,143,30
2025-09-08T18:15:00,143.7,143,145,30
2025-09-08T18:30:00,144.566666666667,144,145,30
2025-09-08T18:45:00,145,145,145,30
2025-09-08T19:00:00,145.3,145,146,30
2025-09-08T19:15:00,94.6,94,96,30
2025-09-08T19:30:00,113.933333333333,103,120,30
2025-09-08T19:45:00,108.6,106,110,30
2025-09-08T20:00:00,105.133333333333,98,114,30
2025-09-08T20:15:00,87.6333333333333,62,93,30
2025-09-08T20:30:00,97.0333333333333,92,102,30
2025-09-08T20:45:00,101.466666666667,100,103,30
2025-09-08T21:00:00,77.5333333333333,69,88,30
2025-09-08T21:15:00,0,0,0,30
2025-09-08T21:30:00,37.1,3,78,30
2025-09-08T21:45:00,0.0666666666666667,0,2,30
2025-09-08T22:00:00,79.8666666666667,74,87,30
2025-09-08T22:15:00,47.6333333333333,0,78,30
2025-09-08T22:30:00,1.16666666666667,0,9,30
2025-09-08T22:45:00,0,0,0,30
2025-09-08T23:00:00,45,0,69,30
2025-09-08T23:15:00,60.8333333333333,24,80,30
2025-09-08T23:30:00,0,0,0,30
2025-09-08T23:45:00,91.6666666666667,89,95,30
2025-09-09T00:00:00,53.8666666666667,22,75,30
2025-09-09T00:15:00,39,0,71,30
2025-09-09T00:30:00,0,0,0,30
2025-09-09T00:45:00,0,0,0,30
2025-09-09T01:00:00,101.3,95,106,30
2025-09-09T01:15:00,123.8,115,130,30
2025-09-09T01:30:00,131.866666666667,129,134,30
2025-09-09T01:45:00,130.233333333333,128,133,30
2025-09-09T02:00:00,113.533333333333,108,128,30
2025-09-09T02:15:00,128.533333333333,116,133,30
2025-09-09T02:30:00,120.633333333333,113,124,30
2025-09-09T02:45:00,120.4,110,129,30
2025-09-09T03:00:00,122.2,119,124,30
2025-09-09T03:15:00,131.733333333333,131,133,30
2025-09-09T03:30:00,122.2,120,124,30
2025-09-09T03:45:00,114.666666666667,114,116,30
2025-09-09T04:00:00,118.566666666667,117,121,30
2025-09-09T04:15:00,122.633333333333,121,124,30
2025-09-09T04:30:00,121.533333333333,120,123,30
2025-09-09T04:45:00,113.466666666667,113,115,30
2025-09-09T05:00:00,112.966666666667,112,114,30
2025-09-09T05:15:00,113.333333333333,106,117,30
2025-09-09T05:30:00,133,133,133,30
2025-09-09T05:45:00,144,144,144,30
2025-09-09T06:00:00,144.966666666667,144,146,30
2025-09-09T06:15:00,143.866666666667,143,144,30
2025-09-09T06:30:00,143.933333333333,143,144,30
2025-09-09T06:45:00,142.933333333333,142,143,30
2025-09-09T07:00:00,142,142,142,30
2025-09-09T07:15:00,142.9,142,143,30
2025-09-09T07:30:00,143,143,143,30
2025-09-09T07:45:00,143.033333333333,142,144,30
2025-09-09T08:00:00,143.733333333333,143,144,30
2025-09-09T08:15:00,144.166666666667,144,145,30
2025-09-09T08:30:00,143.666666666667,143,144,30
2025-09-09T08:45:00,142,142,142,30
2025-09-09T09:00:00,141.9,141,142,30
2025-09-09T09:15:00,141.266666666667,141,142,30
2025-09-09T09:30:00,139.366666666667,139,140,30
2025-09-09T09:45:00,138.333333333333,138,139,30
2025-09-09T10:00:00,139.633333333333,139,140,30
2025-09-09T10:15:00,141,141,141,30
2025-09-09T10:30:00,142,142,142,30
2025-09-09T10:45:00,142.8,142,143,30
2025-09-09T11:00:00,140.5,139,141,30
2025-09-09T11:15:00,141.5,141,142,30
2025-09-09T11:30:00,142.466666666667,142,143,30
2025-09-09T11:45:00,144.6,144,145,30
2025-09-09T12:00:00,139.966666666667,139,140,30
2025-09-09T12:15:00,142.2,141,143,30
2025-09-09T12:30:00,140.733333333333,140,142,30
2025-09-09T12:45:00,140.866666666667,139,143,30
2025-09-09T13:00:00,105.3,104,107,30
2025-09-09T13:15:00,103.066666666667,102,104,30
2025-09-09T13:30:00,103.333333333333,102,105,30
2025-09-09T13:45:00,98.9,98,100,30
2025-09-09T14:00:00,99.9333333333333,99,101,30
2025-09-09T14:15:00,94.9666666666667,94,96,30
2025-09-09T14:30:00,100,99,101,30
2025-09-09T14:45:00,95.5333333333333,95,96,30
2025-09-09T15:00:00,100.9,100,101,30
2025-09-09T15:15:00,96.2333333333333,95,97,30
2025-09-09T15:30:00,100.133333333333,100,101,30
2025-09-09T15:45:00,101.233333333333,100,102,30
2025-09-09T16:00:00,142.9,142,144,30
2025-09-09T16:15:00,113.1,106,139,30
2025-09-09T16:30:00,106.4,105,108,30
2025-09-09T16:45:00,140.533333333333,140,141,30
2025-09-09T17:00:00,144.533333333333,144,145,30
2025-09-09T17:45:00,145.333333333333,145,146,30
2025-09-09T18:15:00,145,145,145,30
2025-09-09T18:30:00,144.766666666667,144,145,30
2025-09-09T18:45:00,145,145,145,30
2025-09-09T19:00:00,144.7,144,145,30
2025-09-09T19:15:00,111.333333333333,89,144,30
2025-09-09T19:30:00,124.1,123,125,30
2025-09-09T19:45:00,115.933333333333,114,118,30
2025-09-09T20:00:00,100.7,98,104,30
2025-09-09T20:15:00,95.2333333333333,94,97,30
2025-09-09T20:30:00,41.5333333333333,15,71,30
2025-09-09T20:45:00,7.6,0,29,30
2025-09-09T21:00:00,13.6,0,63,30
2025-09-09T21:15:00,89.2,87,92,30
2025-09-09T21:30:00,99.2,95,103,30
2025-09-09T21:45:00,93.7333333333333,90,98,30
2025-09-09T22:00:00,0.533333333333333,0,7,30
2025-09-09T22:15:00,69.0666666666667,30,90,30
2025-09-09T22:30:00,37.1333333333333,0,68,30
2025-09-09T22:45:00,71,11,86,30
2025-09-09T23:00:00,11.6666666666667,0,35,30
2025-09-09T23:15:00,60.9,20,75,30
2025-09-09T23:30:00,1.53333333333333,0,8,30
2025-09-11T00:30:00,42.9333333333333,11,69,30
2025-09-11T00:45:00,35.4333333333333,30,40,30
2025-09-11T01:00:00,109.4,106,111,30
2025-09-11T01:15:00,108.5,101,114,30
2025-09-11T01:30:00,93.8666666666667,84,105,30
2025-09-11T01:45:00,101.466666666667,99,103,30
2025-09-11T02:00:00,94.3333333333333,86,99,30
2025-09-11T02:15:00,116.766666666667,113,120,30
2025-09-11T02:30:00,93.3666666666667,91,95,30
2025-09-11T02:45:00,92.0333333333333,88,98,30
2025-09-11T03:00:00,20.9333333333333,0,30,30
2025-09-11T03:15:00,83.1666666666667,69,90,30
2025-09-11T03:30:00,93.1,91,95,30
2025-09-11T03:45:00,98.0333333333333,78,105,30
2025-09-11T04:00:00,102.466666666667,96,106,30
2025-09-11T04:15:00,96.5666666666667,93,101,30
2025-09-11T04:30:00,87.1,74,91,30
2025-09-11T04:45:00,96.2,95,99,30
2025-09-11T05:00:00,114.166666666667,113,116,30
2025-09-11T05:15:00,82.6,67,92,30
2025-09-11T05:30:00,115.833333333333,114,118,30
2025-09-11T05:45:00,82.5333333333333,82,83,30
2025-09-11T06:00:00,140.8,140,142,30
2025-09-11T06:15:00,141.933333333333,141,142,30
2025-09-11T06:30:00,140.133333333333,140,141,30
2025-09-11T06:45:00,142.033333333333,142,143,30
2025-09-11T07:00:00,140.966666666667,140,141,30
2025-09-11T07:15:00,141.966666666667,141,142,30
2025-09-11T07:30:00,137.966666666667,137,138,30
2025-09-11T07:45:00,143.533333333333,143,144,30
2025-09-11T08:00:00,142,142,142,30
2025-09-11T08:15:00,139.333333333333,138,140,30
2025-09-11T08:30:00,138.3,138,140,30
2025-09-11T08:45:00,139,139,139,30
2025-09-11T09:00:00,140,140,140,30
2025-09-11T09:15:00,140.9,140,142,30
2025-09-11T09:30:00,138.933333333333,138,140,30
2025-09-11T09:45:00,139,139,139,30
2025-09-11T10:00:00,140.9,140,141,30
2025-09-11T10:15:00,139.5,139,140,30
2025-09-11T10:30:00,142.966666666667,142,144,30
2025-09-11T10:45:00,141.133333333333,141,142,30
2025-09-11T11:00:00,143.566666666667,143,144,30
2025-09-11T11:15:00,142.266666666667,141,143,30
2025-09-11T11:30:00,140.2,140,141,30
2025-09-11T11:45:00,143.333333333333,143,144,30
2025-09-11T12:00:00,142.966666666667,142,143,30
2025-09-11T12:15:00,138,138,138,30
2025-09-11T12:30:00,140.533333333333,140,141,30
2025-09-11T12:45:00,143.066666666667,142,144,30
2025-09-11T13:00:00,139.8,139,141,30
2025-09-11T13:15:00,130.133333333333,113,140,30
2025-09-11T13:30:00,107.9,106,111,30
2025-09-11T13:45:00,109.666666666667,100,135,30
2025-09-11T14:00:00,93.9,93,95,30
2025-09-11T14:15:00,99.1,98,100,30
2025-09-11T14:30:00,99.6333333333333,98,101,30
2025-09-11T14:45:00,136.866666666667,136,138,30
2025-09-11T15:00:00,106.033333333333,106,107,30
2025-09-11T15:15:00,101.5,100,102,30
2025-09-11T15:30:00,104.933333333333,104,107,30
2025-09-11T15:45:00,111,111,111,30
2025-09-11T16:00:00,111.333333333333,108,117,30
2025-09-11T16:15:00,146.233333333333,146,147,30
2025-09-11T16:30:00,146.9,146,147,30
2025-09-11T16:45:00,142.7,142,143,30
2025-09-11T17:00:00,147.8,147,149,30
2025-09-11T17:15:00,147,147,147,30
2025-09-11T17:30:00,146.033333333333,146,147,30
2025-09-11T17:45:00,144,144,144,30
2025-09-11T18:00:00,144.9,144,145,30
2025-09-11T18:15:00,146.1,146,147,30
2025-09-11T18:30:00,144.666666666667,143,145,30
2025-09-11T18:45:00,145.766666666667,145,146,30
2025-09-11T19:00:00,146.366666666667,146,147,30
2025-09-11T19:15:00,85.3333333333333,84,86,30
2025-09-11T19:30:00,93.2333333333333,85,97,30
2025-09-11T19:45:00,109.266666666667,108,111,30
2025-09-11T20:00:00,15.9,12,28,30
2025-09-11T20:15:00,70.8,48,90,30
2025-09-11T20:30:00,59.4333333333333,37,69,30
2025-09-11T20:45:00,30.4333333333333,21,37,30
2025-09-11T21:00:00,87.9666666666667,86,89,30
2025-09-11T21:15:00,97.7,92,103,30
2025-09-11T21:30:00,70.4666666666667,49,88,30
2025-09-11T21:45:00,0,0,0,30
2025-09-11T22:00:00,91.3666666666667,88,93,30
2025-09-11T22:15:00,94.6333333333333,91,96,30
2025-09-11T22:30:00,0,0,0,30
2025-09-11T22:45:00,0,0,0,30
2025-09-11T23:00:00,0,0,0,30
2025-09-11T23:15:00,0,0,0,30
2025-09-11T23:30:00,0,0,0,30
2025-09-11T23:45:00,0,0,0,30
2025-09-12T00:00:00,0,0,0,30
2025-09-12T00:15:00,0,0,0,30
2025-09-12T00:30:00,0,0,0,30
2025-09-12T00:45:00,0,0,0,30
2025-09-12T01:00:00,0.433333333333333,0,5,30
2025-09-12T01:15:00,41.1666666666667,0,51,30
2025-09-12T01:30:00,0,0,0,30
2025-09-12T01:45:00,51.3,32,73,30
2025-09-12T02:00:00,0,0,0,30
2025-09-12T02:15:00,8.2,0,31,30
2025-09-12T02:30:00,0,0,0,30
2025-09-12T02:45:00,0,0,0,30
2025-09-12T03:00:00,0,0,0,30
2025-09-12T03:15:00,0,0,0,30
2025-09-12T03:30:00,0,0,0,30
2025-09-12T03:45:00,4.33333333333333,0,14,30
2025-09-12T04:00:00,0,0,0,30
2025-09-12T04:15:00,0,0,0,30
2025-09-12T04:30:00,0,0,0,30
2025-09-12T04:45:00,0,0,0,30
2025-09-12T05:00:00,0,0,0,30
2025-09-12T05:15:00,0,0,0,30
2025-09-12T05:30:00,137,137,137,30
2025-09-12T05:45:00,143.7,143,144,30
2025-09-12T06:00:00,144.033333333333,144,145,30
2025-09-12T06:15:00,144.433333333333,144,145,30
2025-09-12T06:30:00,144,144,144,30
2025-09-12T06:45:00,144,144,144,30
2025-09-12T07:00:00,142,142,142,30
2025-09-12T07:15:00,143,143,143,30
2025-09-12T07:30:00,141.9,141,142,30
2025-09-12T07:45:00,140.8,140,142,30
2025-09-12T08:00:00,144,144,144,30
2025-09-12T08:15:00,141,141,141,30
2025-09-12T08:30:00,143,143,143,30
2025-09-12T08:45:00,141.966666666667,141,142,30
2025-09-12T09:00:00,141.033333333333,141,142,30
2025-09-12T09:15:00,140.366666666667,139,141,30
2025-09-12T09:30:00,139.033333333333,139,140,30
2025-09-12T09:45:00,140,140,140,30
2025-09-12T10:00:00,138.733333333333,138,139,30
2025-09-12T10:15:00,141,141,141,30
2025-09-12T10:30:00,141,141,141,30
2025-09-12T10:45:00,142.8,142,143,30
2025-09-12T11:00:00,142.033333333333,142,143,30
2025-09-12T11:15:00,139.8,139,141,30
2025-09-12T11:30:00,140.5,140,141,30
2025-09-12T11:45:00,139.066666666667,139,140,30
2025-09-12T12:00:00,141,141,141,30
2025-09-12T12:15:00,142.3,142,143,30
2025-09-12T12:30:00,143.3,143,144,30
2025-09-12T12:45:00,142.5,141,143,30
2025-09-12T13:00:00,140.033333333333,140,141,30
2025-09-12T13:15:00,135.966666666667,135,137,30
2025-09-12T13:30:00,135.6,135,136,30
2025-09-12T13:45:00,99.9333333333333,99,101,30
2025-09-12T14:00:00,129.566666666667,128,132,30
2025-09-12T14:15:00,98.9666666666667,97,101,30
2025-09-12T14:30:00,151.566666666667,151,152,30
2025-09-12T14:45:00,101.3,98,103,30
2025-09-12T15:00:00,99.6333333333333,99,102,30
2025-09-12T15:15:00,102,102,102,30
2025-09-12T15:30:00,103.233333333333,103,104,30
2025-09-12T15:45:00,107.533333333333,107,109,30
2025-09-12T16:00:00,109.366666666667,107,112,30
2025-09-12T16:15:00,147.1,146,148,30
2025-09-12T16:30:00,143.333333333333,143,144,30
2025-09-12T21:46:00,0,0,0,30
2025-09-12T22:15:00,0,0,0,30
2025-09-12T22:30:00,0,0,0,30
2025-09-12T22:45:00,0,0,0,30
2025-09-12T23:00:00,0,0,0,30
2025-09-12T23:15:00,0,0,0,30
2025-09-12T23:30:00,0,0,0,30
2025-09-12T23:45:00,0,0,0,30
2025-09-13T00:00:00,0,0,0,30
2025-09-13T00:15:00,0,0,0,30
2025-09-13T00:45:00,0,0,0,30
2025-09-13T01:45:00,0,0,0,30
2025-09-13T02:15:00,2.93333333333333,0,13,30
2025-09-13T03:00:00,0,0,0,30
2025-09-13T03:15:00,0,0,0,1
2025-09-13T03:45:00,0,0,0,30
2025-09-13T04:00:00,38.3666666666667,0,70,30
2025-09-13T04:30:00,1.53333333333333,0,10,30
2025-09-13T04:46:00,0,0,0,30
2025-09-13T05:15:00,86.2333333333333,73,105,30
2025-09-13T05:30:00,134.066666666667,134,135,30
2025-09-13T05:45:00,130.666666666667,128,132,30
2025-09-13T06:00:00,145,145,145,30
2025-09-13T06:15:00,142.5,142,143,30
2025-09-13T06:31:00,142,142,142,30
2025-09-13T06:45:00,96.3,96,97,30
2025-09-13T07:00:00,140.866666666667,140,142,30
2025-09-13T07:15:00,139.9,139,141,30
2025-09-13T07:30:00,104.1,102,107,30
2025-09-13T07:45:00,95.1333333333333,95,96,30
2025-09-13T08:00:00,89.6666666666667,88,90,30
2025-09-13T08:15:00,93.9666666666667,93,95,30
2025-09-13T08:30:00,90,89,91,30
2025-09-13T08:45:00,94.9,94,96,30
2025-09-13T09:00:00,140,140,140,30
2025-09-13T09:15:00,142.5,142,143,30
2025-09-13T09:30:00,142,142,142,30
2025-09-13T09:45:00,140.2,140,141,30
2025-09-13T10:00:00,142.666666666667,142,143,30
2025-09-13T10:15:00,140.666666666667,140,141,30
2025-09-13T10:30:00,141.933333333333,141,142,30
2025-09-13T10:45:00,142.833333333333,142,143,30
2025-09-13T11:00:00,144.466666666667,144,145,30
2025-09-13T11:15:00,140,140,140,30
2025-09-13T11:30:00,141.066666666667,141,142,30
2025-09-13T11:45:00,142.5,141,143,30
2025-09-13T12:00:00,141.4,141,142,30
2025-09-13T12:15:00,142.5,142,143,30
2025-09-13T12:30:00,142.5,142,143,30
2025-09-13T12:45:00,140.033333333333,140,141,30
2025-09-13T13:00:00,138.866666666667,138,140,30
2025-09-13T13:15:00,140.766666666667,140,141,30
2025-09-13T13:30:00,142.033333333333,142,143,30
2025-09-13T13:45:00,141.4,141,142,30
2025-09-13T14:00:00,142,141,143,30
2025-09-13T14:15:00,145.066666666667,144,146,30
2025-09-13T14:30:00,103.366666666667,102,104,30
2025-09-13T14:45:00,141.566666666667,141,143,30
2025-09-13T15:00:00,142.766666666667,142,143,30
2025-09-13T15:15:00,144.333333333333,144,145,30
2025-09-13T15:30:00,144.933333333333,144,145,30
2025-09-13T15:45:00,99.7666666666667,99,101,30
2025-09-13T16:00:00,98.1666666666667,97,99,30
2025-09-13T16:15:00,148.266666666667,148,150,30
2025-09-13T16:30:00,145.333333333333,145,146,30
2025-09-13T16:45:00,145.066666666667,145,146,30
2025-09-13T17:00:00,144,144,144,30
2025-09-13T17:15:00,145.066666666667,145,146,30
2025-09-13T17:30:00,145.266666666667,145,146,30
2025-09-13T17:45:00,145,145,145,30
2025-09-13T18:00:00,146,146,146,30
2025-09-13T18:15:00,145.2,145,146,30
2025-09-13T18:30:00,145,145,145,30
2025-09-13T18:45:00,145,145,145,30
2025-09-13T19:00:00,146.6,146,148,30
2025-09-13T19:15:00,84.8666666666667,84,86,30
2025-09-13T19:30:00,16.4666666666667,0,71,30
2025-09-13T19:45:00,0,0,0,30
2025-09-13T20:00:00,0,0,0,30
2025-09-13T20:15:00,0,0,0,30
2025-09-13T20:30:00,0,0,0,30
2025-09-13T20:45:00,0,0,0,30
2025-09-13T21:00:00,0,0,0,30
2025-09-13T21:15:00,0,0,0,30
2025-09-13T21:30:00,0,0,0,30
2025-09-13T21:45:00,0,0,0,30
2025-09-13T22:00:00,0,0,0,30
2025-09-13T22:15:00,0,0,0,30
2025-09-13T22:30:00,0,0,0,30
2025-09-13T22:45:00,0,0,0,30
2025-09-13T23:00:00,0,0,0,30
2025-09-13T23:15:00,0,0,0,30
2025-09-13T23:30:00,0,0,0,30
2025-09-13T23:45:00,0,0,0,30
2025-09-14T00:00:00,0,0,0,30
2025-09-14T00:15:00,0,0,0,30
2025-09-14T00:30:00,0,0,0,30
2025-09-14T01:00:00,0,0,0,30
2025-09-14T01:15:00,0,0,0,30
2025-09-14T01:30:00,0,0,0,30
2025-09-14T01:45:00,0,0,0,30
2025-09-14T02:00:00,0,0,0,30
2025-09-14T02:15:00,0,0,0,30
2025-09-14T02:30:00,0,0,0,30
2025-09-14T02:45:00,0,0,0,30
2025-09-14T03:00:00,0,0,0,30
2025-09-14T03:15:00,0,0,0,30
2025-09-14T03:30:00,0,0,0,30
2025-09-14T03:45:00,0,0,0,30
2025-09-14T04:00:00,0,0,0,30
2025-09-14T04:15:00,0,0,0,30
2025-09-14T04:30:00,0,0,0,30
2025-09-14T04:45:00,0,0,0,30
2025-09-14T05:00:00,0,0,0,30
2025-09-14T05:15:00,0,0,0,30
2025-09-14T05:30:00,54.7666666666667,11,74,30
2025-09-14T05:45:00,134.366666666667,134,136,30
2025-09-14T06:00:00,145.766666666667,145,146,30
2025-09-14T06:15:00,140,140,140,30
2025-09-14T06:30:00,139,139,139,30
2025-09-14T06:45:00,142,142,142,30
2025-09-14T07:00:00,141.2,141,142,30
2025-09-14T07:15:00,140.933333333333,140,141,30
2025-09-14T07:30:00,142.966666666667,142,143,30
2025-09-14T07:45:00,142.6,142,143,30
2025-09-14T08:00:00,140.833333333333,140,142,30
2025-09-14T08:15:00,140.566666666667,140,141,30
2025-09-14T08:30:00,142,142,142,30
2025-09-14T08:45:00,140.566666666667,140,141,30
2025-09-14T09:00:00,141.4,140,142,30
2025-09-14T09:15:00,142.833333333333,142,143,30
2025-09-14T09:30:00,141.6,141,142,30
2025-09-14T09:45:00,141,141,141,30
2025-09-14T10:00:00,141.133333333333,141,142,30
2025-09-14T10:15:00,139.566666666667,139,140,30
2025-09-14T10:30:00,138.333333333333,138,139,30
2025-09-14T10:45:00,138.033333333333,137,139,30
2025-09-14T11:00:00,137.9,137,139,30
2025-09-14T11:15:00,140.066666666667,140,141,30
2025-09-14T11:30:00,140.333333333333,140,141,30
2025-09-14T11:45:00,140.233333333333,140,141,30
2025-09-14T12:00:00,138.266666666667,137,139,30
2025-09-14T12:15:00,139.2,138,140,30
2025-09-14T12:30:00,134.266666666667,127,136,30
2025-09-14T12:45:00,138,138,138,30
2025-09-14T13:00:00,137.533333333333,110,140,30
2025-09-14T13:15:00,135.033333333333,133,136,30
2025-09-14T13:30:00,142.966666666667,142,143,30
2025-09-14T13:45:00,94.1333333333333,93,95,30
2025-09-14T14:00:00,141.166666666667,141,142,30
2025-09-14T14:15:00,141.766666666667,141,142,30
2025-09-14T14:30:00,147.233333333333,145,150,30
2025-09-14T14:45:00,101.566666666667,101,102,30
2025-09-14T15:00:00,142.233333333333,142,143,30
2025-09-14T15:15:00,94.4,94,95,30
2025-09-14T15:30:00,145.666666666667,145,146,30
2025-09-14T15:45:00,100.366666666667,99,101,30
2025-09-14T16:00:00,144.966666666667,143,147,30
2025-09-14T16:15:00,142.1,141,143,30
2025-09-14T16:30:00,140.9,140,141,30
2025-09-14T16:45:00,145.766666666667,145,147,30
2025-09-14T17:00:00,145.933333333333,145,146,30
2025-09-14T17:15:00,142.333333333333,142,143,30
2025-09-14T17:30:00,144.1,144,145,30
2025-09-14T17:45:00,140.3,140,141,30
2025-09-14T18:00:00,145,145,145,30
2025-09-14T18:15:00,144.6,144,145,30
2025-09-14T18:30:00,144.533333333333,144,145,30
2025-09-14T18:45:00,144.2,144,145,30
2025-09-14T19:00:00,148.166666666667,147,149,30
2025-09-14T19:15:00,139,139,139,30
2025-09-14T19:30:00,89.6666666666667,79,100,30
2025-09-14T19:45:00,0,0,0,30
2025-09-14T20:00:00,0,0,0,30
2025-09-14T20:15:00,0,0,0,30
2025-09-14T20:30:00,0,0,0,30
2025-09-14T20:45:00,0,0,0,30
2025-09-14T21:00:00,0,0,0,30
2025-09-14T21:15:00,0,0,0,30
2025-09-14T21:30:00,0,0,0,30
2025-09-14T21:45:00,0,0,0,30
2025-09-14T22:00:00,0,0,0,30
2025-09-14T22:15:00,0,0,0,30
2025-09-14T22:30:00,0,0,0,30
2025-09-14T22:45:00,0,0,0,30
2025-09-14T23:00:00,0,0,0,30
2025-09-14T23:15:00,0,0,0,30
2025-09-14T23:30:00,0,0,0,30
2025-09-14T23:45:00,0,0,0,30
2025-09-15T00:00:00,0,0,0,30
2025-09-15T00:15:00,0,0,0,30
2025-09-15T00:30:00,0,0,0,30
2025-09-15T00:45:00,0,0,0,30
2025-09-15T01:00:00,0,0,0,30
2025-09-15T01:15:00,0,0,0,30
2025-09-15T01:30:00,0,0,0,30
2025-09-15T01:45:00,0,0,0,30
2025-09-15T02:00:00,95.4666666666667,91,98,30
2025-09-15T02:15:00,98.7333333333333,98,100,30
2025-09-15T02:30:00,84.2666666666667,84,85,30
2025-09-15T02:45:00,91.7666666666667,91,92,30
2025-09-15T03:00:00,27.3666666666667,0,78,30
2025-09-15T03:15:00,19.2666666666667,9,51,30
2025-09-15T03:30:00,0,0,0,30
2025-09-15T03:45:00,0,0,0,30
2025-09-15T04:00:00,0,0,0,30
2025-09-15T04:15:00,0,0,0,30
2025-09-15T04:30:00,18.3666666666667,5,36,30
2025-09-15T04:45:00,0,0,0,30
2025-09-15T05:00:00,0,0,0,30
2025-09-15T05:15:00,0,0,0,30
2025-09-15T05:30:00,132.433333333333,132,133,30
2025-09-15T05:45:00,141.8,141,142,30
2025-09-15T06:00:00,141.233333333333,141,142,30
2025-09-15T06:15:00,144,144,144,30
2025-09-15T06:30:00,142.233333333333,142,143,30
2025-09-15T06:45:00,141,141,141,30
2025-09-15T07:00:00,143,143,143,30
2025-09-15T07:15:00,139,139,139,30
2025-09-15T07:30:00,138.2,137,139,30
2025-09-15T07:45:00,141,141,141,30
2025-09-15T08:00:00,141.8,141,142,30
2025-09-15T08:15:00,144,144,144,30
2025-09-15T08:30:00,145,145,145,30
2025-09-15T08:45:00,143.333333333333,143,144,30
2025-09-15T09:00:00,142,142,142,30
2025-09-15T09:15:00,144,144,144,30
2025-09-15T09:30:00,140.933333333333,140,141,30
2025-09-15T09:45:00,139.166666666667,139,140,30
2025-09-15T10:00:00,140.7,140,141,30
2025-09-15T10:15:00,140.466666666667,139,141,30
2025-09-15T10:30:00,139.766666666667,139,140,30
2025-09-15T10:45:00,139.7,139,140,30
2025-09-15T11:00:00,142.266666666667,142,143,30
2025-09-15T11:15:00,145.7,145,146,30
2025-09-15T11:30:00,140.166666666667,139,141,30
2025-09-15T11:45:00,141.6,141,142,30
2025-09-15T12:00:00,140.733333333333,140,141,30
2025-09-15T12:15:00,141,141,141,30
2025-09-15T12:30:00,139.5,139,140,30
2025-09-15T12:45:00,137.466666666667,137,138,30
2025-09-15T13:00:00,141,140,142,30
2025-09-15T13:15:00,136.866666666667,135,139,30
2025-09-15T13:30:00,140.2,139,141,30
2025-09-15T13:45:00,119.233333333333,102,135,30
2025-09-15T14:00:00,140.1,139,142,30
2025-09-15T14:15:00,105.766666666667,103,107,30
2025-09-15T14:30:00,103.633333333333,101,141,30
2025-09-15T14:45:00,95.3,94,97,30
2025-09-15T15:00:00,104.733333333333,104,106,30
2025-09-15T15:15:00,128.633333333333,108,144,30
2025-09-15T15:30:00,111.466666666667,108,148,30
2025-09-15T15:45:00,105.566666666667,105,107,30
2025-09-15T16:00:00,145.333333333333,145,147,30
2025-09-15T16:15:00,149.9,149,150,30
2025-09-15T16:30:00,146.6,146,147,30
2025-09-15T16:45:00,144.533333333333,144,146,30
2025-09-15T17:00:00,146.9,146,147,30
2025-09-15T17:15:00,145,145,145,30
2025-09-15T17:30:00,144.133333333333,144,145,30
2025-09-15T17:45:00,142.866666666667,142,143,30
2025-09-15T18:00:00,146.6,146,147,30
2025-09-15T18:15:00,145.666666666667,145,146,30
2025-09-15T18:30:00,148.9,148,149,30
2025-09-15T18:45:00,146.4,146,147,30
2025-09-15T19:00:00,149,149,149,30
2025-09-15T19:15:00,138.333333333333,138,139,30
2025-09-15T19:30:00,0,0,0,30
2025-09-15T19:45:00,0,0,0,30
2025-09-15T20:00:00,0.8,0,18,30
2025-09-15T20:15:00,0,0,0,30
2025-09-15T20:30:00,0,0,0,30
2025-09-15T20:45:00,0,0,0,30
2025-09-15T21:00:00,0,0,0,30
2025-09-15T21:15:00,0,0,0,30
2025-09-15T21:30:00,0,0,0,30
2025-09-15T21:45:00,0,0,0,30
2025-09-15T22:00:00,0,0,0,30
2025-09-15T22:15:00,0,0,0,30
2025-09-15T22:30:00,0,0,0,30
2025-09-15T22:45:00,0,0,0,30
2025-09-15T23:00:00,0,0,0,30
2025-09-15T23:15:00,0,0,0,30
2025-09-15T23:30:00,0,0,0,30
2025-09-15T23:45:00,0,0,0,30
2025-09-16T00:00:00,0,0,0,30
2025-09-16T00:15:00,0,0,0,30
2025-09-16T00:30:00,0,0,0,30
2025-09-16T00:45:00,0,0,0,30
2025-09-16T01:00:00,0,0,0,30
2025-09-16T01:15:00,0,0,0,30
2025-09-16T01:30:00,0,0,0,30
2025-09-16T01:45:00,0,0,0,30
2025-09-16T02:00:00,0,0,0,30
2025-09-16T02:15:00,0,0,0,30
2025-09-16T02:30:00,0,0,0,30
2025-09-16T02:45:00,0,0,0,30
2025-09-16T03:00:00,0,0,0,30
2025-09-16T03:15:00,0,0,0,30
2025-09-16T03:30:00,0,0,0,30
2025-09-16T03:45:00,0,0,0,30
2025-09-16T04:00:00,0,0,0,30
2025-09-16T04:15:00,0,0,0,30
2025-09-16T04:30:00,0,0,0,30
2025-09-16T04:45:00,0,0,0,30
2025-09-16T05:00:00,1.1,0,8,30
2025-09-16T05:15:00,0,0,0,30
2025-09-16T05:30:00,135,135,135,30
2025-09-16T05:45:00,137.5,137,138,30
2025-09-16T06:00:00,144.7,144,145,30
2025-09-16T06:15:00,143.3,143,144,30
2025-09-16T06:30:00,141.666666666667,141,142,30
2025-09-16T06:45:00,142,142,142,30
2025-09-16T07:00:00,142.9,142,143,30
2025-09-16T07:15:00,142.833333333333,142,143,30
2025-09-16T07:30:00,142.566666666667,142,143,30
2025-09-16T07:45:00,141,141,141,30
2025-09-16T08:00:00,141.4,141,142,30
2025-09-16T08:15:00,142,142,142,30
2025-09-16T08:30:00,145,145,145,30
2025-09-16T08:45:00,143.033333333333,143,144,30
2025-09-16T09:00:00,141.7,141,142,30
2025-09-16T09:15:00,142.166666666667,142,143,30
2025-09-16T09:30:00,142.733333333333,142,143,30
2025-09-16T09:45:00,140,140,140,30
2025-09-16T10:00:00,141.966666666667,141,142,30
2025-09-16T10:15:00,139.033333333333,139,140,30
2025-09-16T10:30:00,141,141,141,30
2025-09-16T10:45:00,141,141,141,30
2025-09-16T11:00:00,141.966666666667,141,142,30
2025-09-16T11:15:00,139.166666666667,139,140,30
2025-09-16T11:30:00,142,142,142,30
2025-09-16T11:45:00,143,143,143,30
2025-09-16T12:00:00,144.166666666667,144,145,30
2025-09-16T12:15:00,141,141,141,30
2025-09-16T12:30:00,143.133333333333,142,145,30
2025-09-16T12:45:00,141.4,141,142,30
2025-09-16T13:00:00,135.6,135,136,30
2025-09-16T13:15:00,135.6,135,136,30
2025-09-16T13:30:00,135.6,135,136,30
2025-09-16T13:45:00,135.6,135,136,30
2025-09-16T14:00:00,135.6,135,136,30
2025-09-16T14:15:00,135.6,135,136,30
2025-09-16T14:30:00,135.6,135,136,30
2025-09-16T14:45:00,135.6,135,136,30
2025-09-16T15:00:00,135.6,135,136,30
2025-09-16T15:15:00,135.6,135,136,30
2025-09-16T15:30:00,135.6,135,136,30
2025-09-16T15:45:00,135.6,135,136,30
2025-09-16T16:00:00,135.6,135,136,30
2025-09-16T16:15:00,135.6,135,136,30
2025-09-16T16:30:00,135.6,135,136,30
2025-09-16T16:45:00,135.6,135,136,30
2025-09-16T17:00:00,135.6,135,136,30
2025-09-16T17:15:00,135.6,135,136,30
2025-09-16T17:30:00,135.6,135,136,30
2025-09-16T17:45:00,135.6,135,136,30
2025-09-16T18:00:00,135.6,135,136,30
2025-09-16T18:15:00,135.6,135,136,30
2025-09-16T18:30:00,135.6,135,136,30
2025-09-16T18:45:00,135.6,135,136,30
2025-09-16T19:00:00,135.6,135,136,30
2025-09-28T11:30:00,0,0,0,30
2025-09-28T11:45:00,0,0,0,30
2025-09-28T12:00:00,0,0,0,30
2025-09-28T12:15:00,0,0,0,30
2025-09-28T12:30:00,0,0,0,30
2025-09-28T12:45:00,0,0,0,30
2025-09-28T13:00:00,1.1,0,3,30
2025-09-28T13:15:00,0.5,0,3,30
2025-09-28T13:30:00,39.8333333333333,38,41,30
2025-09-28T13:45:00,0,0,0,30
2025-09-28T14:00:00,0,0,0,30
2025-09-28T14:15:00,0,0,0,30
2025-09-28T14:30:00,0,0,0,30
2025-09-28T14:45:00,0,0,0,30
2025-09-28T15:00:00,0.3,0,2,30
2025-09-28T15:15:00,0,0,0,30
2025-09-28T15:30:00,0,0,0,30
2025-09-28T16:00:00,0,0,0,30
2025-09-28T16:15:00,0,0,0,30
2025-09-28T16:30:00,0,0,0,30
2025-09-28T16:45:00,0,0,0,30
2025-09-28T17:00:00,0,0,0,30
2025-09-28T17:15:00,0,0,0,30
2025-09-28T17:30:00,0,0,0,30
2025-09-28T17:45:00,0,0,0,30
2025-09-28T18:00:00,0,0,0,30
2025-09-28T18:15:00,0,0,0,30
2025-09-28T18:30:00,0,0,0,30
2025-09-28T18:45:00,0,0,0,30
2025-09-28T19:00:00,0,0,0,30
2025-09-28T19:15:00,0,0,0,30
2025-09-28T19:30:00,0,0,0,30
2025-09-28T19:45:00,0,0,0,30
2025-09-28T20:00:00,0,0,0,30
2025-09-28T20:15:00,0,0,0,30
2025-09-28T20:30:00,0,0,0,30
2025-09-28T20:45:00,0,0,0,30
2025-09-28T21:00:00,0,0,0,30
2025-09-28T21:15:00,0,0,0,30
2025-09-28T21:30:00,0,0,0,30
2025-09-28T21:45:00,0.4,0,6,30
2025-09-28T22:00:00,0,0,0,30
2025-09-28T22:15:00,0,0,0,30
2025-09-28T22:30:00,0,0,0,30
2025-09-28T22:45:00,0,0,0,30
2025-09-28T23:00:00,0,0,0,30
2025-09-28T23:15:00,0,0,0,30
2025-09-28T23:30:00,0,0,0,30
2025-09-28T23:45:00,0,0,0,30
2025-09-29T00:00:00,0,0,0,30
2025-09-29T00:15:00,0,0,0,30
2025-09-29T00:30:00,0,0,0,30
2025-09-29T00:45:00,0,0,0,30
2025-09-29T01:00:00,0,0,0,30
2025-09-29T01:15:00,0,0,0,30
2025-09-29T01:30:00,0,0,0,30
2025-09-29T01:45:00,0,0,0,30
2025-09-29T02:00:00,0,0,0,30
2025-09-29T02:15:00,0,0,0,30
2025-09-29T02:30:00,0,0,0,30
2025-09-29T02:45:00,0,0,0,30
2025-09-29T03:00:00,0,0,0,30
2025-09-29T03:15:00,0,0,0,30
2025-09-29T04:30:00,0,0,0,30
2025-09-29T04:45:00,0,0,0,30
2025-09-29T05:00:00,0,0,0,30
2025-09-29T05:15:00,0,0,0,30
2025-09-29T05:30:00,0,0,0,30
2025-09-29T05:45:00,0,0,0,30
2025-09-29T06:00:00,0,0,0,30
2025-09-29T06:15:00,0,0,0,30
2025-09-29T06:30:00,0,0,0,30
2025-09-29T06:45:00,0,0,0,30
2025-09-29T07:00:00,0,0,0,30
2025-09-29T07:15:00,0,0,0,30
2025-09-29T07:30:00,0,0,0,30
2025-09-29T07:45:00,0,0,0,30
2025-09-29T08:00:00,0,0,0,30
2025-09-29T08:15:00,0,0,0,30
2025-09-29T08:30:00,0,0,0,30
2025-09-29T08:45:00,0,0,0,30
2025-09-29T09:00:00,0,0,0,30
2025-09-29T09:15:00,0,0,0,30
2025-09-29T09:30:00,0,0,0,30
2025-09-29T09:45:00,0,0,0,30
2025-09-29T10:00:00,0,0,0,30
2025-09-29T10:15:00,0,0,0,30
2025-09-29T10:30:00,0,0,0,30
2025-09-29T10:45:00,0,0,0,30
2025-09-29T11:00:00,0,0,0,30
2025-09-29T11:15:00,0,0,0,30
2025-09-29T11:30:00,0,0,0,30
2025-09-29T11:45:00,0,0,0,30
2025-09-29T12:00:00,0,0,0,30
2025-09-29T12:15:00,0,0,0,30
2025-09-29T12:30:00,0,0,0,30
2025-09-29T12:45:00,0,0,0,30
2025-09-29T13:00:00,0,0,0,30
2025-09-29T13:15:00,0,0,0,30
2025-09-29T13:30:00,0,0,0,30
2025-09-29T13:45:00,0,0,0,30
2025-09-29T14:00:00,0,0,0,30
2025-09-29T14:15:00,0,0,0,30
2025-09-29T14:30:00,0,0,0,30
2025-09-29T14:45:00,0,0,0,30
2025-09-29T15:00:00,0,0,0,30
2025-09-29T15:15:00,0.566666666666667,0,3,30
2025-09-29T15:30:00,0,0,0,30
2025-09-29T15:45:00,0,0,0,30
2025-09-29T16:00:00,0,0,0,30
2025-09-29T16:15:00,0,0,0,30
2025-09-29T16:30:00,0,0,0,30
2025-09-29T16:45:00,0,0,0,30
2025-09-29T17:00:00,0,0,0,30
2025-09-29T17:15:00,0,0,0,30
2025-09-29T17:30:00,0,0,0,30
2025-09-29T17:45:00,0,0,0,30
2025-09-29T18:00:00,0,0,0,30
2025-09-29T18:15:00,0,0,0,30
2025-09-29T18:30:00,0,0,0,30
2025-09-29T18:45:00,0,0,0,30
2025-09-29T19:00:00,0,0,0,30
2025-09-29T19:15:00,0,0,0,30
2025-09-29T19:30:00,0,0,0,30
2025-09-29T19:45:00,0,0,0,30
2025-09-29T20:00:00,0,0,0,30
2025-09-29T20:15:00,0,0,0,30
2025-09-29T20:30:00,0,0,0,30
2025-09-29T20:45:00,0,0,0,30
2025-09-29T21:00:00,0,0,0,30
2025-09-29T21:15:00,0,0,0,30
2025-09-29T21:30:00,0,0,0,30
2025-09-29T21:45:00,0,0,0,30
2025-09-29T22:00:00,0,0,0,30
2025-09-29T22:15:00,0,0,0,30
2025-09-29T22:30:00,0,0,0,30
2025-09-29T22:45:00,0,0,0,30
2025-09-29T23:00:00,0,0,0,30
2025-09-29T23:15:00,0,0,0,30
2025-09-29T23:30:00,0,0,0,30
2025-09-29T23:45:00,0,0,0,30
2025-09-30T00:00:00,0,0,0,30
2025-09-30T00:15:00,0,0,0,30
2025-09-30T00:30:00,0,0,0,30
2025-09-30T00:45:00,0,0,0,30
2025-09-30T01:00:00,0,0,0,30
2025-09-30T01:15:00,0,0,0,30
2025-09-30T01:30:00,0,0,0,30
2025-09-30T01:45:00,0,0,0,30
2025-09-30T02:00:00,0,0,0,30
2025-09-30T02:15:00,0,0,0,30
2025-09-30T02:30:00,0,0,0,30
2025-09-30T02:45:00,0,0,0,30
2025-09-30T03:00:00,0,0,0,30
2025-09-30T03:15:00,0,0,0,30
2025-09-30T03:30:00,0,0,0,30
2025-09-30T03:45:00,0,0,0,30
2025-09-30T04:00:00,0,0,0,30
2025-09-30T04:15:00,0,0,0,30
2025-09-30T04:30:00,0,0,0,30
2025-09-30T04:45:00,0,0,0,30
2025-09-30T05:00:00,0,0,0,30
2025-09-30T05:15:00,0,0,0,30
2025-09-30T05:30:00,0,0,0,30
2025-09-30T05:45:00,0,0,0,30
2025-09-30T06:00:00,0,0,0,30
2025-09-30T06:15:00,0,0,0,30
2025-09-30T06:30:00,0,0,0,30
2025-09-30T06:45:00,0,0,0,30
2025-09-30T07:00:00,0,0,0,30
2025-09-30T07:15:00,0,0,0,30
2025-09-30T07:30:00,0,0,0,30
2025-09-30T07:45:00,0,0,0,30
2025-09-30T08:00:00,0,0,0,30
2025-09-30T08:15:00,0,0,0,30
2025-09-30T08:30:00,0,0,0,30
2025-09-30T08:45:00,0,0,0,30
2025-09-30T09:00:00,0,0,0,30
2025-09-30T09:15:00,0,0,0,30
2025-09-30T09:30:00,0,0,0,30
2025-09-30T09:45:00,0,0,0,30
2025-09-30T10:00:00,0,0,0,30
2025-09-30T10:15:00,0,0,0,30
2025-09-30T10:30:00,0,0,0,30
2025-09-30T10:45:00,0,0,0,30
2025-09-30T11:00:00,0,0,0,30
2025-09-30T11:15:00,0,0,0,30
2025-09-30T11:30:00,0,0,0,30
2025-09-30T11:45:00,0,0,0,30
2025-09-30T12:00:00,0,0,0,30
2025-09-30T12:15:00,0,0,0,30
2025-09-30T12:30:00,0,0,0,30
2025-09-30T12:45:00,0,0,0,30
2025-09-30T13:00:00,0,0,0,30
2025-09-30T13:15:00,0,0,0,30
2025-09-30T13:30:00,0,0,0,30
2025-09-30T13:45:00,0,0,0,30
2025-09-30T14:00:00,0,0,0,30
2025-09-30T14:15:00,0,0,0,30
2025-09-30T14:30:00,0,0,0,30
2025-09-30T14:45:00,0,0,0,30
2025-09-30T15:00:00,0,0,0,30
2025-09-30T15:15:00,0,0,0,30
2025-09-30T15:30:00,0,0,0,30
2025-09-30T15:45:00,0,0,0,30
2025-09-30T16:00:00,0,0,0,30
2025-09-30T16:15:00,0,0,0,30
2025-09-30T16:30:00,1.43333333333333,0,5,30
2025-09-30T16:45:00,0.1,0,2,30
2025-09-30T17:00:00,0.0333333333333333,0,1,30
2025-09-30T17:15:00,0,0,0,30
2025-09-30T17:30:00,0,0,0,30
2025-09-30T17:45:00,0,0,0,30
2025-09-30T18:00:00,0,0,0,30
2025-09-30T18:15:00,0.233333333333333,0,5,30
2025-09-30T18:30:00,0,0,0,30
2025-09-30T18:45:00,0,0,0,30
2025-09-30T19:00:00,0,0,0,30
2025-09-30T19:15:00,0,0,0,30
2025-09-30T19:30:00,1.2,0,6,30
2025-09-30T19:45:00,0,0,0,30
2025-09-30T20:00:00,0.9,0,12,30
2025-09-30T20:15:00,0,0,0,30
2025-09-30T20:30:00,0,0,0,30
2025-09-30T20:45:00,0,0,0,30
2025-09-30T21:00:00,0,0,0,30
2025-09-30T21:15:00,0.133333333333333,0,2,30
2025-09-30T21:30:00,1.9,0,7,30
2025-09-30T21:45:00,4.93333333333333,0,9,30
2025-09-30T22:00:00,0,0,0,30
2025-09-30T22:15:00,0,0,0,30
2025-09-30T22:30:00,0,0,0,30
2025-09-30T22:45:00,0,0,0,30
2025-09-30T23:00:00,0,0,0,30
2025-09-30T23:15:00,2.63333333333333,0,16,30
2025-09-30T23:30:00,0.966666666666667,0,3,30
2025-09-30T23:45:00,0,0,0,30
2025-10-01T00:00:00,0,0,0,30
2025-10-01T00:15:00,6.06666666666667,0,10,30
2025-10-01T00:30:00,0,0,0,30
2025-10-01T00:45:00,0,0,0,30
2025-10-01T01:00:00,0,0,0,30
2025-10-01T01:15:00,0,0,0,30
2025-10-01T01:30:00,0,0,0,30
2025-10-01T01:45:00,0,0,0,30
2025-10-01T02:00:00,0,0,0,30
2025-10-01T02:15:00,0,0,0,30
2025-10-01T02:30:00,0,0,0,30
2025-10-01T02:45:00,0,0,0,30
